concept,M,tensor,iteration,alpha,code_agreement,edit_retention,mean_step,fixed_box_ratio
style,1,down_blocks.0.attentions.0.transformer_blocks.0.attn2.to_k.weight,1,0.5,0.6534342169761658,0.21770763397216797,0.0007859542965888977,1.0376790761947632
style,1,down_blocks.0.attentions.0.transformer_blocks.0.attn2.to_k.weight,2,0.5,0.6897420287132263,0.21747811138629913,0.00012285208504181355,1.0375738143920898
style,1,down_blocks.0.attentions.0.transformer_blocks.0.attn2.to_k.weight,3,0.5,0.7057210206985474,0.21736842393875122,7.546050619566813e-05,1.0376113653182983
style,1,down_blocks.0.attentions.0.transformer_blocks.0.attn2.to_k.weight,4,0.5,0.7219645380973816,0.21761630475521088,6.76754061714746e-05,1.037536859512329
style,1,down_blocks.0.attentions.0.transformer_blocks.0.attn2.to_k.weight,5,0.5,0.7471557855606079,0.21741843223571777,7.13925328454934e-05,1.0375465154647827
style,1,down_blocks.0.attentions.0.transformer_blocks.0.attn2.to_k.weight,6,0.5,0.7778238654136658,0.21733155846595764,6.712708272971213e-05,1.0374714136123657
style,1,down_blocks.0.attentions.0.transformer_blocks.0.attn2.to_k.weight,7,0.5,0.8087239861488342,0.21759699285030365,6.657760968664661e-05,1.0375422239303589
style,1,down_blocks.0.attentions.0.transformer_blocks.0.attn2.to_k.weight,8,0.5,0.829052746295929,0.21742066740989685,6.537933222716674e-05,1.0376065969467163
style,1,down_blocks.0.attentions.0.transformer_blocks.0.attn2.to_k.weight,9,0.5,0.8332194089889526,0.21735119819641113,6.269176083151251e-05,1.0375577211380005
style,1,down_blocks.0.attentions.0.transformer_blocks.0.attn2.to_k.weight,10,0.5,0.835705578327179,0.2175585776567459,6.442724406952038e-05,1.0374711751937866
style,1,down_blocks.0.attentions.0.transformer_blocks.0.attn2.to_k.weight,11,0.5,0.8340291380882263,0.21741074323654175,6.896744889672846e-05,1.037481665611267
style,1,down_blocks.0.attentions.0.transformer_blocks.0.attn2.to_k.weight,12,0.5,0.8345540165901184,0.21738804876804352,6.219906936166808e-05,1.0375425815582275
style,1,down_blocks.0.attentions.0.transformer_blocks.0.attn2.to_k.weight,13,0.5,0.8329182863235474,0.21760296821594238,6.554148421855643e-05,1.0375572443008423
style,1,down_blocks.0.attentions.0.transformer_blocks.0.attn2.to_k.weight,14,0.5,0.8338989019393921,0.2174459546804428,7.204026769613847e-05,1.0374689102172852
style,1,down_blocks.0.attentions.0.transformer_blocks.0.attn2.to_k.weight,15,0.5,0.8355346918106079,0.2173403948545456,6.0747053794329986e-05,1.0376386642456055
style,1,down_blocks.0.attentions.0.transformer_blocks.0.attn2.to_k.weight,16,0.5,0.8343343138694763,0.21755751967430115,5.936361776548438e-05,1.0375076532363892
style,1,down_blocks.0.attentions.0.transformer_blocks.0.attn2.to_v.weight,1,0.5,0.6372925043106079,0.21057996153831482,0.0002489346079528332,0.9834281206130981
style,1,down_blocks.0.attentions.0.transformer_blocks.0.attn2.to_v.weight,2,0.5,0.67095947265625,0.2105727344751358,4.7706624172860757e-05,0.9834054112434387
style,1,down_blocks.0.attentions.0.transformer_blocks.0.attn2.to_v.weight,3,0.5,0.6908162236213684,0.2105163037776947,3.102664413745515e-05,0.9834343791007996
style,1,down_blocks.0.attentions.0.transformer_blocks.0.attn2.to_v.weight,4,0.5,0.7041910886764526,0.21080876886844635,2.806848169711884e-05,0.9833154678344727
style,1,down_blocks.0.attentions.0.transformer_blocks.0.attn2.to_v.weight,5,0.5,0.728833019733429,0.21067966520786285,3.0057675758143887e-05,0.9833530187606812
style,1,down_blocks.0.attentions.0.transformer_blocks.0.attn2.to_v.weight,6,0.5,0.7556234002113342,0.2104998081922531,2.8080970878363587e-05,0.9832658171653748
style,1,down_blocks.0.attentions.0.transformer_blocks.0.attn2.to_v.weight,7,0.5,0.7801188230514526,0.2110026329755783,2.717786810535472e-05,0.9834739565849304
style,1,down_blocks.0.attentions.0.transformer_blocks.0.attn2.to_v.weight,8,0.5,0.796191394329071,0.21070797741413116,2.7817130103358068e-05,0.9833301901817322
style,1,down_blocks.0.attentions.0.transformer_blocks.0.attn2.to_v.weight,9,0.5,0.8062744140625,0.21061235666275024,2.7438773031462915e-05,0.9834330081939697
style,1,down_blocks.0.attentions.0.transformer_blocks.0.attn2.to_v.weight,10,0.5,0.8041829466819763,0.2108207494020462,2.7369156669010408e-05,0.983288049697876
style,1,down_blocks.0.attentions.0.transformer_blocks.0.attn2.to_v.weight,11,0.5,0.8086181879043579,0.21078114211559296,2.8601330996025354e-05,0.9834907054901123
style,1,down_blocks.0.attentions.0.transformer_blocks.0.attn2.to_v.weight,12,0.5,0.8067992925643921,0.21056312322616577,2.537087675591465e-05,0.9832688570022583
style,1,down_blocks.0.attentions.0.transformer_blocks.0.attn2.to_v.weight,13,0.5,0.8082478642463684,0.21084055304527283,2.7262944058747962e-05,0.9834316372871399
style,1,down_blocks.0.attentions.0.transformer_blocks.0.attn2.to_v.weight,14,0.5,0.8076090216636658,0.21068806946277618,2.9797578463330865e-05,0.9833335280418396
style,1,down_blocks.0.attentions.0.transformer_blocks.0.attn2.to_v.weight,15,0.5,0.8091796636581421,0.21065598726272583,2.5724344595801085e-05,0.9834666848182678
style,1,down_blocks.0.attentions.0.transformer_blocks.0.attn2.to_v.weight,16,0.5,0.804943859577179,0.21085283160209656,2.547143230913207e-05,0.9833399057388306
style,1,down_blocks.0.attentions.1.transformer_blocks.0.attn2.to_k.weight,1,0.5,0.6342488527297974,0.2585286498069763,0.0007100310176610947,1.0104362964630127
style,1,down_blocks.0.attentions.1.transformer_blocks.0.attn2.to_k.weight,2,0.5,0.6697550415992737,0.2583787441253662,0.00012456825061235577,1.0105068683624268
style,1,down_blocks.0.attentions.1.transformer_blocks.0.attn2.to_k.weight,3,0.5,0.6903727054595947,0.25830790400505066,7.883229409344494e-05,1.0103660821914673
style,1,down_blocks.0.attentions.1.transformer_blocks.0.attn2.to_k.weight,4,0.5,0.7078043818473816,0.25829482078552246,7.361105235759169e-05,1.010178565979004
style,1,down_blocks.0.attentions.1.transformer_blocks.0.attn2.to_k.weight,5,0.5,0.7323933839797974,0.2583569288253784,7.297385309357196e-05,1.0102654695510864
style,1,down_blocks.0.attentions.1.transformer_blocks.0.attn2.to_k.weight,6,0.5,0.758618175983429,0.2580548822879791,7.017722236923873e-05,1.0102912187576294
style,1,down_blocks.0.attentions.1.transformer_blocks.0.attn2.to_k.weight,7,0.5,0.7864664793014526,0.25851282477378845,7.27277947589755e-05,1.0103023052215576
style,1,down_blocks.0.attentions.1.transformer_blocks.0.attn2.to_k.weight,8,0.5,0.8028646111488342,0.25816601514816284,7.166291470639408e-05,1.0102585554122925
style,1,down_blocks.0.attentions.1.transformer_blocks.0.attn2.to_k.weight,9,0.5,0.8093831539154053,0.2582237720489502,6.576891610166058e-05,1.010246992111206
style,1,down_blocks.0.attentions.1.transformer_blocks.0.attn2.to_k.weight,10,0.5,0.8083130121231079,0.2583586871623993,6.912279786774889e-05,1.0099660158157349
style,1,down_blocks.0.attentions.1.transformer_blocks.0.attn2.to_k.weight,11,0.5,0.8104532957077026,0.2583525478839874,7.281989383045584e-05,1.01036536693573
style,1,down_blocks.0.attentions.1.transformer_blocks.0.attn2.to_k.weight,12,0.5,0.8088541626930237,0.25804707407951355,6.612837023567408e-05,1.010270118713379
style,1,down_blocks.0.attentions.1.transformer_blocks.0.attn2.to_k.weight,13,0.5,0.8090617060661316,0.2585923373699188,6.924755871295929e-05,1.0102585554122925
style,1,down_blocks.0.attentions.1.transformer_blocks.0.attn2.to_k.weight,14,0.5,0.8107096552848816,0.25820863246917725,7.445025403285399e-05,1.010227918624878
style,1,down_blocks.0.attentions.1.transformer_blocks.0.attn2.to_k.weight,15,0.5,0.8090291619300842,0.2581724524497986,6.353502249112353e-05,1.010081171989441
style,1,down_blocks.0.attentions.1.transformer_blocks.0.attn2.to_k.weight,16,0.5,0.8090983033180237,0.25830936431884766,6.809971819166094e-05,1.0102218389511108
style,1,down_blocks.0.attentions.1.transformer_blocks.0.attn2.to_v.weight,1,0.5,0.59539794921875,0.21326944231987,0.00017961209232453257,0.9839490056037903
style,1,down_blocks.0.attentions.1.transformer_blocks.0.attn2.to_v.weight,2,0.5,0.6263793706893921,0.2129238098859787,4.492995867622085e-05,0.9840067625045776
style,1,down_blocks.0.attentions.1.transformer_blocks.0.attn2.to_v.weight,3,0.5,0.6411661505699158,0.21335086226463318,3.049381666642148e-05,0.984046220779419
style,1,down_blocks.0.attentions.1.transformer_blocks.0.attn2.to_v.weight,4,0.5,0.6535196900367737,0.21333137154579163,2.8577635021065362e-05,0.9843006730079651
style,1,down_blocks.0.attentions.1.transformer_blocks.0.attn2.to_v.weight,5,0.5,0.674975574016571,0.2137334644794464,2.908272472268436e-05,0.9842048287391663
style,1,down_blocks.0.attentions.1.transformer_blocks.0.attn2.to_v.weight,6,0.5,0.7013590335845947,0.2130553424358368,2.8345843020360917e-05,0.9842301607131958
style,1,down_blocks.0.attentions.1.transformer_blocks.0.attn2.to_v.weight,7,0.5,0.7310221195220947,0.21385858952999115,2.7923824745812453e-05,0.9842875003814697
style,1,down_blocks.0.attentions.1.transformer_blocks.0.attn2.to_v.weight,8,0.5,0.7463704347610474,0.21336238086223602,2.628609763632994e-05,0.9842997193336487
style,1,down_blocks.0.attentions.1.transformer_blocks.0.attn2.to_v.weight,9,0.5,0.756604015827179,0.21335665881633759,2.7259451599093154e-05,0.9841104745864868
style,1,down_blocks.0.attentions.1.transformer_blocks.0.attn2.to_v.weight,10,0.5,0.7598876953125,0.2133016437292099,2.887559458031319e-05,0.9843993782997131
style,1,down_blocks.0.attentions.1.transformer_blocks.0.attn2.to_v.weight,11,0.5,0.7594156861305237,0.21385183930397034,2.8176482373964973e-05,0.9841474294662476
style,1,down_blocks.0.attentions.1.transformer_blocks.0.attn2.to_v.weight,12,0.5,0.7581746578216553,0.213029682636261,2.5224564524251036e-05,0.9841838479042053
style,1,down_blocks.0.attentions.1.transformer_blocks.0.attn2.to_v.weight,13,0.5,0.7592813968658447,0.21388626098632812,2.7611435143626295e-05,0.9843155145645142
style,1,down_blocks.0.attentions.1.transformer_blocks.0.attn2.to_v.weight,14,0.5,0.7602905035018921,0.2132541388273239,2.9407086913124658e-05,0.9842795729637146
style,1,down_blocks.0.attentions.1.transformer_blocks.0.attn2.to_v.weight,15,0.5,0.7610310912132263,0.21347828209400177,2.5267374439863488e-05,0.9841791391372681
style,1,down_blocks.0.attentions.1.transformer_blocks.0.attn2.to_v.weight,16,0.5,0.7567423582077026,0.21350641548633575,2.709086584218312e-05,0.984356701374054
style,1,down_blocks.1.attentions.0.transformer_blocks.0.attn2.to_k.weight,1,0.5,0.689678966999054,0.19742508232593536,0.0007070295396260917,1.0226993560791016
style,1,down_blocks.1.attentions.0.transformer_blocks.0.attn2.to_k.weight,2,0.5,0.7192179560661316,0.1973722279071808,0.00010711118375184014,1.0226941108703613
style,1,down_blocks.1.attentions.0.transformer_blocks.0.attn2.to_k.weight,3,0.5,0.7332316040992737,0.19738763570785522,6.864650640636683e-05,1.0226248502731323
style,1,down_blocks.1.attentions.0.transformer_blocks.0.attn2.to_k.weight,4,0.5,0.7433817386627197,0.19748489558696747,6.135585863376036e-05,1.022697925567627
style,1,down_blocks.1.attentions.0.transformer_blocks.0.attn2.to_k.weight,5,0.5,0.7632771730422974,0.19739635288715363,6.191588181536645e-05,1.0227117538452148
style,1,down_blocks.1.attentions.0.transformer_blocks.0.attn2.to_k.weight,6,0.5,0.785980224609375,0.19738510251045227,6.246242264751345e-05,1.022676944732666
style,1,down_blocks.1.attentions.0.transformer_blocks.0.attn2.to_k.weight,7,0.5,0.809906005859375,0.19745199382305145,6.432503869291395e-05,1.0227024555206299
style,1,down_blocks.1.attentions.0.transformer_blocks.0.attn2.to_k.weight,8,0.5,0.8181742429733276,0.19743004441261292,6.107798253651708e-05,1.0226798057556152
style,1,down_blocks.1.attentions.0.transformer_blocks.0.attn2.to_k.weight,9,0.5,0.824292004108429,0.19748763740062714,5.748228431912139e-05,1.0226832628250122
style,1,down_blocks.1.attentions.0.transformer_blocks.0.attn2.to_k.weight,10,0.5,0.823394775390625,0.19746774435043335,6.162967474665493e-05,1.0227105617523193
style,1,down_blocks.1.attentions.0.transformer_blocks.0.attn2.to_k.weight,11,0.5,0.8251871466636658,0.19737417995929718,6.423534796340391e-05,1.0227452516555786
style,1,down_blocks.1.attentions.0.transformer_blocks.0.attn2.to_k.weight,12,0.5,0.8214619755744934,0.19737550616264343,5.980899732094258e-05,1.022627830505371
style,1,down_blocks.1.attentions.0.transformer_blocks.0.attn2.to_k.weight,13,0.5,0.8234802484512329,0.19748957455158234,5.838013385073282e-05,1.0227103233337402
style,1,down_blocks.1.attentions.0.transformer_blocks.0.attn2.to_k.weight,14,0.5,0.8251240849494934,0.19744828343391418,6.601862696697935e-05,1.0227140188217163
style,1,down_blocks.1.attentions.0.transformer_blocks.0.attn2.to_k.weight,15,0.5,0.825030505657196,0.19739127159118652,5.438128573587164e-05,1.0226795673370361
style,1,down_blocks.1.attentions.0.transformer_blocks.0.attn2.to_k.weight,16,0.5,0.8250772953033447,0.19750289618968964,5.910317486268468e-05,1.0227196216583252
style,1,down_blocks.1.attentions.0.transformer_blocks.0.attn2.to_v.weight,1,0.5,0.640124499797821,0.1979943960905075,0.00026530164177529514,0.9807561635971069
style,1,down_blocks.1.attentions.0.transformer_blocks.0.attn2.to_v.weight,2,0.5,0.6741923093795776,0.1982080042362213,4.891681237495504e-05,0.9809203743934631
style,1,down_blocks.1.attentions.0.transformer_blocks.0.attn2.to_v.weight,3,0.5,0.6865071654319763,0.1982034593820572,3.1970444979378954e-05,0.9807971119880676
style,1,down_blocks.1.attentions.0.transformer_blocks.0.attn2.to_v.weight,4,0.5,0.7054423093795776,0.19817538559436798,2.8533822842291556e-05,0.980863094329834
style,1,down_blocks.1.attentions.0.transformer_blocks.0.attn2.to_v.weight,5,0.5,0.7250651121139526,0.1981372982263565,3.0102510208962485e-05,0.9808283448219299
style,1,down_blocks.1.attentions.0.transformer_blocks.0.attn2.to_v.weight,6,0.5,0.7526143193244934,0.19807010889053345,2.882547050830908e-05,0.9808782339096069
style,1,down_blocks.1.attentions.0.transformer_blocks.0.attn2.to_v.weight,7,0.5,0.7817525267601013,0.1981896162033081,2.7668529583024792e-05,0.9808064103126526
style,1,down_blocks.1.attentions.0.transformer_blocks.0.attn2.to_v.weight,8,0.5,0.7951375246047974,0.1981411874294281,2.7902937290491536e-05,0.98094242811203
style,1,down_blocks.1.attentions.0.transformer_blocks.0.attn2.to_v.weight,9,0.5,0.8030477166175842,0.19806663691997528,2.773758751573041e-05,0.9807848930358887
style,1,down_blocks.1.attentions.0.transformer_blocks.0.attn2.to_v.weight,10,0.5,0.8051493167877197,0.1981271505355835,2.775739449134562e-05,0.980840265750885
style,1,down_blocks.1.attentions.0.transformer_blocks.0.attn2.to_v.weight,11,0.5,0.8044596314430237,0.19824378192424774,2.9174707378842868e-05,0.9808672666549683
style,1,down_blocks.1.attentions.0.transformer_blocks.0.attn2.to_v.weight,12,0.5,0.805438220500946,0.19803297519683838,2.6742056434159167e-05,0.9808691143989563
style,1,down_blocks.1.attentions.0.transformer_blocks.0.attn2.to_v.weight,13,0.5,0.80584716796875,0.19814123213291168,2.6521191102801822e-05,0.9807851910591125
style,1,down_blocks.1.attentions.0.transformer_blocks.0.attn2.to_v.weight,14,0.5,0.8045939207077026,0.1981228142976761,3.103704148088582e-05,0.9809266328811646
style,1,down_blocks.1.attentions.0.transformer_blocks.0.attn2.to_v.weight,15,0.5,0.807281494140625,0.1981525421142578,2.615697667351924e-05,0.980781078338623
style,1,down_blocks.1.attentions.0.transformer_blocks.0.attn2.to_v.weight,16,0.5,0.8067525029182434,0.1981065720319748,2.5148574422928505e-05,0.9808844923973083
style,1,down_blocks.1.attentions.1.transformer_blocks.0.attn2.to_k.weight,1,0.5,0.6323262453079224,0.21664558351039886,0.0006530154496431351,1.0880839824676514
style,1,down_blocks.1.attentions.1.transformer_blocks.0.attn2.to_k.weight,2,0.5,0.6614745855331421,0.21674029529094696,0.0001222838764078915,1.0882521867752075
style,1,down_blocks.1.attentions.1.transformer_blocks.0.attn2.to_k.weight,3,0.5,0.6744954586029053,0.21669495105743408,7.959744107211009e-05,1.0879963636398315
style,1,down_blocks.1.attentions.1.transformer_blocks.0.attn2.to_k.weight,4,0.5,0.6862569451332092,0.21665799617767334,6.740752723999321e-05,1.0881385803222656
style,1,down_blocks.1.attentions.1.transformer_blocks.0.attn2.to_k.weight,5,0.5,0.7044454216957092,0.2167954444885254,9.013777162181213e-05,1.08812415599823
style,1,down_blocks.1.attentions.1.transformer_blocks.0.attn2.to_k.weight,6,0.5,0.7244628667831421,0.21674302220344543,7.622286648256704e-05,1.0882484912872314
style,1,down_blocks.1.attentions.1.transformer_blocks.0.attn2.to_k.weight,7,0.5,0.7410176396369934,0.21670740842819214,6.843674054834992e-05,1.0878944396972656
style,1,down_blocks.1.attentions.1.transformer_blocks.0.attn2.to_k.weight,8,0.5,0.7512797117233276,0.2167505919933319,9.019145363708958e-05,1.0882869958877563
style,1,down_blocks.1.attentions.1.transformer_blocks.0.attn2.to_k.weight,9,0.5,0.756256103515625,0.2166610211133957,7.626136357430369e-05,1.0880558490753174
style,1,down_blocks.1.attentions.1.transformer_blocks.0.attn2.to_k.weight,10,0.5,0.7552144527435303,0.21661019325256348,6.75635747029446e-05,1.0881398916244507
style,1,down_blocks.1.attentions.1.transformer_blocks.0.attn2.to_k.weight,11,0.5,0.7560465335845947,0.2167706936597824,8.824703400023282e-05,1.0881314277648926
style,1,down_blocks.1.attentions.1.transformer_blocks.0.attn2.to_k.weight,12,0.5,0.7553914189338684,0.21673864126205444,7.526772969868034e-05,1.0881997346878052
style,1,down_blocks.1.attentions.1.transformer_blocks.0.attn2.to_k.weight,13,0.5,0.7547546625137329,0.21667686104774475,6.686295091640204e-05,1.0879114866256714
style,1,down_blocks.1.attentions.1.transformer_blocks.0.attn2.to_k.weight,14,0.5,0.754138171672821,0.21676337718963623,9.102765034185722e-05,1.0882083177566528
style,1,down_blocks.1.attentions.1.transformer_blocks.0.attn2.to_k.weight,15,0.5,0.756610095500946,0.2167000025510788,7.559247751487419e-05,1.088084101676941
style,1,down_blocks.1.attentions.1.transformer_blocks.0.attn2.to_k.weight,16,0.5,0.7544006109237671,0.2166401445865631,6.473241955973208e-05,1.088205099105835
style,1,down_blocks.1.attentions.1.transformer_blocks.0.attn2.to_v.weight,1,0.5,0.5977091193199158,0.19401241838932037,0.00021883209410589188,0.9545984268188477
style,1,down_blocks.1.attentions.1.transformer_blocks.0.attn2.to_v.weight,2,0.5,0.6259968876838684,0.1938541829586029,5.2170427807141095e-05,0.9545637369155884
style,1,down_blocks.1.attentions.1.transformer_blocks.0.attn2.to_v.weight,3,0.5,0.6377502679824829,0.19393016397953033,3.4685133869061247e-05,0.9544976949691772
style,1,down_blocks.1.attentions.1.transformer_blocks.0.attn2.to_v.weight,4,0.5,0.650238037109375,0.193946972489357,3.39687176165171e-05,0.954663097858429
style,1,down_blocks.1.attentions.1.transformer_blocks.0.attn2.to_v.weight,5,0.5,0.6690002679824829,0.19398751854896545,3.3652366255410016e-05,0.9544326066970825
style,1,down_blocks.1.attentions.1.transformer_blocks.0.attn2.to_v.weight,6,0.5,0.69268798828125,0.1940590739250183,3.226844273740426e-05,0.9545360803604126
style,1,down_blocks.1.attentions.1.transformer_blocks.0.attn2.to_v.weight,7,0.5,0.7172933220863342,0.19405856728553772,3.322126212879084e-05,0.9545666575431824
style,1,down_blocks.1.attentions.1.transformer_blocks.0.attn2.to_v.weight,8,0.5,0.7363138794898987,0.1940470188856125,3.183599255862646e-05,0.954465389251709
style,1,down_blocks.1.attentions.1.transformer_blocks.0.attn2.to_v.weight,9,0.5,0.7464945316314697,0.1940578669309616,3.081719114561565e-05,0.954440176486969
style,1,down_blocks.1.attentions.1.transformer_blocks.0.attn2.to_v.weight,10,0.5,0.75164794921875,0.19402846693992615,3.343031130498275e-05,0.9546644687652588
style,1,down_blocks.1.attentions.1.transformer_blocks.0.attn2.to_v.weight,11,0.5,0.7540059685707092,0.1940276175737381,3.2853567972779274e-05,0.9544274806976318
style,1,down_blocks.1.attentions.1.transformer_blocks.0.attn2.to_v.weight,12,0.5,0.7535074949264526,0.19392484426498413,2.9776290830341168e-05,0.9545798301696777
style,1,down_blocks.1.attentions.1.transformer_blocks.0.attn2.to_v.weight,13,0.5,0.7526184320449829,0.19410109519958496,3.299859963590279e-05,0.9545334577560425
style,1,down_blocks.1.attentions.1.transformer_blocks.0.attn2.to_v.weight,14,0.5,0.7533101439476013,0.19401630759239197,3.474145705695264e-05,0.9545413255691528
style,1,down_blocks.1.attentions.1.transformer_blocks.0.attn2.to_v.weight,15,0.5,0.755206286907196,0.19397877156734467,2.9803997676935978e-05,0.9543750882148743
style,1,down_blocks.1.attentions.1.transformer_blocks.0.attn2.to_v.weight,16,0.5,0.7558146119117737,0.19404783844947815,3.144225411233492e-05,0.9546239972114563
style,1,down_blocks.2.attentions.0.transformer_blocks.0.attn2.to_k.weight,1,0.5,0.717913806438446,0.1942986398935318,0.0005534674855880439,1.0349757671356201
style,1,down_blocks.2.attentions.0.transformer_blocks.0.attn2.to_k.weight,2,0.5,0.7448710203170776,0.19406002759933472,7.483790250262246e-05,1.0349043607711792
style,1,down_blocks.2.attentions.0.transformer_blocks.0.attn2.to_k.weight,3,0.5,0.7579325437545776,0.19422267377376556,4.668157998821698e-05,1.0349435806274414
style,1,down_blocks.2.attentions.0.transformer_blocks.0.attn2.to_k.weight,4,0.5,0.7714609503746033,0.1941853016614914,4.253829683875665e-05,1.0350044965744019
style,1,down_blocks.2.attentions.0.transformer_blocks.0.attn2.to_k.weight,5,0.5,0.7877461910247803,0.19421851634979248,4.263642767909914e-05,1.0349401235580444
style,1,down_blocks.2.attentions.0.transformer_blocks.0.attn2.to_k.weight,6,0.5,0.809826672077179,0.19413232803344727,4.152427572989836e-05,1.0349735021591187
style,1,down_blocks.2.attentions.0.transformer_blocks.0.attn2.to_k.weight,7,0.5,0.8297474980354309,0.19425350427627563,4.084337706444785e-05,1.0349631309509277
style,1,down_blocks.2.attentions.0.transformer_blocks.0.attn2.to_k.weight,8,0.5,0.8445058465003967,0.1941288262605667,4.220138362143189e-05,1.0349931716918945
style,1,down_blocks.2.attentions.0.transformer_blocks.0.attn2.to_k.weight,9,0.5,0.84613037109375,0.1942051500082016,3.968561941292137e-05,1.0349206924438477
style,1,down_blocks.2.attentions.0.transformer_blocks.0.attn2.to_k.weight,10,0.5,0.8475992679595947,0.19413131475448608,4.2293304431950673e-05,1.0349713563919067
style,1,down_blocks.2.attentions.0.transformer_blocks.0.attn2.to_k.weight,11,0.5,0.8486582636833191,0.19422657787799835,4.34381581726484e-05,1.0349534749984741
style,1,down_blocks.2.attentions.0.transformer_blocks.0.attn2.to_k.weight,12,0.5,0.8503448367118835,0.1941600739955902,3.796993041760288e-05,1.0349832773208618
style,1,down_blocks.2.attentions.0.transformer_blocks.0.attn2.to_k.weight,13,0.5,0.849993884563446,0.19424539804458618,3.707612268044613e-05,1.0349754095077515
style,1,down_blocks.2.attentions.0.transformer_blocks.0.attn2.to_k.weight,14,0.5,0.8510569334030151,0.1941080093383789,4.569709562929347e-05,1.0349576473236084
style,1,down_blocks.2.attentions.0.transformer_blocks.0.attn2.to_k.weight,15,0.5,0.8492187261581421,0.1942267268896103,3.8626651075901464e-05,1.0349541902542114
style,1,down_blocks.2.attentions.0.transformer_blocks.0.attn2.to_k.weight,16,0.5,0.849841296672821,0.19417156279087067,3.913436739821918e-05,1.0350106954574585
style,1,down_blocks.2.attentions.0.transformer_blocks.0.attn2.to_v.weight,1,0.5,0.7313649654388428,0.1951615810394287,0.00035618196125142276,0.9923953413963318
style,1,down_blocks.2.attentions.0.transformer_blocks.0.attn2.to_v.weight,2,0.5,0.7644683718681335,0.19502675533294678,4.341565363574773e-05,0.9923783540725708
style,1,down_blocks.2.attentions.0.transformer_blocks.0.attn2.to_v.weight,3,0.5,0.7756764888763428,0.195093035697937,2.603769644338172e-05,0.992370069026947
style,1,down_blocks.2.attentions.0.transformer_blocks.0.attn2.to_v.weight,4,0.5,0.7866607904434204,0.1950971931219101,2.4090213628369384e-05,0.9923517107963562
style,1,down_blocks.2.attentions.0.transformer_blocks.0.attn2.to_v.weight,5,0.5,0.8053171634674072,0.19510263204574585,2.506415512470994e-05,0.9923384189605713
style,1,down_blocks.2.attentions.0.transformer_blocks.0.attn2.to_v.weight,6,0.5,0.8287129998207092,0.19509254395961761,2.310920535819605e-05,0.9923620223999023
style,1,down_blocks.2.attentions.0.transformer_blocks.0.attn2.to_v.weight,7,0.5,0.8489349484443665,0.19514793157577515,2.373564893787261e-05,0.9923494458198547
style,1,down_blocks.2.attentions.0.transformer_blocks.0.attn2.to_v.weight,8,0.5,0.8621907830238342,0.19502981007099152,2.2758011255064048e-05,0.992347240447998
style,1,down_blocks.2.attentions.0.transformer_blocks.0.attn2.to_v.weight,9,0.5,0.8661763668060303,0.19512280821800232,2.2032425476936623e-05,0.992348313331604
style,1,down_blocks.2.attentions.0.transformer_blocks.0.attn2.to_v.weight,10,0.5,0.8669372797012329,0.19506344199180603,2.3168509869719855e-05,0.9923102259635925
style,1,down_blocks.2.attentions.0.transformer_blocks.0.attn2.to_v.weight,11,0.5,0.8670064210891724,0.19514556229114532,2.373545794398524e-05,0.9923510551452637
style,1,down_blocks.2.attentions.0.transformer_blocks.0.attn2.to_v.weight,12,0.5,0.8680135011672974,0.1950092911720276,2.093386501655914e-05,0.992347240447998
style,1,down_blocks.2.attentions.0.transformer_blocks.0.attn2.to_v.weight,13,0.5,0.8659017086029053,0.19512729346752167,2.2683354472974315e-05,0.9923123717308044
style,1,down_blocks.2.attentions.0.transformer_blocks.0.attn2.to_v.weight,14,0.5,0.8691324591636658,0.19505521655082703,2.4872879293980077e-05,0.9923636317253113
style,1,down_blocks.2.attentions.0.transformer_blocks.0.attn2.to_v.weight,15,0.5,0.8686004877090454,0.19515027105808258,2.0130126358708367e-05,0.9923659563064575
style,1,down_blocks.2.attentions.0.transformer_blocks.0.attn2.to_v.weight,16,0.5,0.8662587404251099,0.19507762789726257,2.16993794310838e-05,0.9923102259635925
style,1,down_blocks.2.attentions.1.transformer_blocks.0.attn2.to_k.weight,1,0.5,0.7105977535247803,0.1976236253976822,0.0005936531233601272,1.0290135145187378
style,1,down_blocks.2.attentions.1.transformer_blocks.0.attn2.to_k.weight,2,0.5,0.7445322871208191,0.19753412902355194,7.900324271759018e-05,1.029136061668396
style,1,down_blocks.2.attentions.1.transformer_blocks.0.attn2.to_k.weight,3,0.5,0.7641713619232178,0.1975620985031128,4.8610789235681295e-05,1.0291247367858887
style,1,down_blocks.2.attentions.1.transformer_blocks.0.attn2.to_k.weight,4,0.5,0.7776214480400085,0.19755713641643524,4.415823059389368e-05,1.0291316509246826
style,1,down_blocks.2.attentions.1.transformer_blocks.0.attn2.to_k.weight,5,0.5,0.7919403314590454,0.19762642681598663,4.484190867515281e-05,1.0291728973388672
style,1,down_blocks.2.attentions.1.transformer_blocks.0.attn2.to_k.weight,6,0.5,0.813366711139679,0.19747893512248993,4.472623913898133e-05,1.0291615724563599
style,1,down_blocks.2.attentions.1.transformer_blocks.0.attn2.to_k.weight,7,0.5,0.8365305662155151,0.19762971997261047,4.45541154476814e-05,1.0291306972503662
style,1,down_blocks.2.attentions.1.transformer_blocks.0.attn2.to_k.weight,8,0.5,0.853747546672821,0.19748954474925995,4.307401832193136e-05,1.0291754007339478
style,1,down_blocks.2.attentions.1.transformer_blocks.0.attn2.to_k.weight,9,0.5,0.8546081781387329,0.19756142795085907,3.8024565583327785e-05,1.0291545391082764
style,1,down_blocks.2.attentions.1.transformer_blocks.0.attn2.to_k.weight,10,0.5,0.8562917113304138,0.19753585755825043,4.4899254135088995e-05,1.0291882753372192
style,1,down_blocks.2.attentions.1.transformer_blocks.0.attn2.to_k.weight,11,0.5,0.8580719232559204,0.19758780300617218,4.573663682094775e-05,1.0291378498077393
style,1,down_blocks.2.attentions.1.transformer_blocks.0.attn2.to_k.weight,12,0.5,0.8582143187522888,0.19748596847057343,3.914655826520175e-05,1.02913236618042
style,1,down_blocks.2.attentions.1.transformer_blocks.0.attn2.to_k.weight,13,0.5,0.8557505011558533,0.19763004779815674,4.085732143721543e-05,1.029141902923584
style,1,down_blocks.2.attentions.1.transformer_blocks.0.attn2.to_k.weight,14,0.5,0.8587738275527954,0.1975177377462387,4.856608939007856e-05,1.0291999578475952
style,1,down_blocks.2.attentions.1.transformer_blocks.0.attn2.to_k.weight,15,0.5,0.8587656617164612,0.19749276340007782,3.814065348706208e-05,1.0291472673416138
style,1,down_blocks.2.attentions.1.transformer_blocks.0.attn2.to_k.weight,16,0.5,0.8590535521507263,0.19754408299922943,3.981262489105575e-05,1.0291179418563843
style,1,down_blocks.2.attentions.1.transformer_blocks.0.attn2.to_v.weight,1,0.5,0.7263417840003967,0.20718462765216827,0.00036854189238511026,1.001034140586853
style,1,down_blocks.2.attentions.1.transformer_blocks.0.attn2.to_v.weight,2,0.5,0.7577555179595947,0.20716816186904907,4.579930828185752e-05,1.0009185075759888
style,1,down_blocks.2.attentions.1.transformer_blocks.0.attn2.to_v.weight,3,0.5,0.7726358771324158,0.20721383392810822,2.9553728381870314e-05,1.0009137392044067
style,1,down_blocks.2.attentions.1.transformer_blocks.0.attn2.to_v.weight,4,0.5,0.7856282591819763,0.2071763426065445,2.626234527269844e-05,1.0008957386016846
style,1,down_blocks.2.attentions.1.transformer_blocks.0.attn2.to_v.weight,5,0.5,0.8054412603378296,0.20722821354866028,2.724930709518958e-05,1.0009232759475708
style,1,down_blocks.2.attentions.1.transformer_blocks.0.attn2.to_v.weight,6,0.5,0.8253224492073059,0.2071411907672882,2.4653991204104386e-05,1.0008506774902344
style,1,down_blocks.2.attentions.1.transformer_blocks.0.attn2.to_v.weight,7,0.5,0.8471425175666809,0.2072419822216034,2.5266152078984305e-05,1.0009156465530396
style,1,down_blocks.2.attentions.1.transformer_blocks.0.attn2.to_v.weight,8,0.5,0.8621246218681335,0.20716384053230286,2.5964345695683733e-05,1.0009013414382935
style,1,down_blocks.2.attentions.1.transformer_blocks.0.attn2.to_v.weight,9,0.5,0.8663136959075928,0.20721521973609924,2.4103732357616536e-05,1.0008918046951294
style,1,down_blocks.2.attentions.1.transformer_blocks.0.attn2.to_v.weight,10,0.5,0.8659342527389526,0.20715557038784027,2.4921622753026895e-05,1.000892162322998
style,1,down_blocks.2.attentions.1.transformer_blocks.0.attn2.to_v.weight,11,0.5,0.8681508302688599,0.2072269767522812,2.6298092052456923e-05,1.0009088516235352
style,1,down_blocks.2.attentions.1.transformer_blocks.0.attn2.to_v.weight,12,0.5,0.8691009283065796,0.20717431604862213,2.2771035219193436e-05,1.0008680820465088
style,1,down_blocks.2.attentions.1.transformer_blocks.0.attn2.to_v.weight,13,0.5,0.8679565191268921,0.20720422267913818,2.3504897399106994e-05,1.0009257793426514
style,1,down_blocks.2.attentions.1.transformer_blocks.0.attn2.to_v.weight,14,0.5,0.8671203851699829,0.20717023313045502,2.81125267065363e-05,1.0008736848831177
style,1,down_blocks.2.attentions.1.transformer_blocks.0.attn2.to_v.weight,15,0.5,0.8686258792877197,0.20722365379333496,2.3557016902486794e-05,1.0008951425552368
style,1,down_blocks.2.attentions.1.transformer_blocks.0.attn2.to_v.weight,16,0.5,0.867413341999054,0.20717504620552063,2.3233498723129742e-05,1.0008981227874756
style,1,up_blocks.1.attentions.0.transformer_blocks.0.attn2.to_k.weight,1,0.5,0.7635945677757263,0.19551146030426025,0.0006304524140432477,1.015039086341858
style,1,up_blocks.1.attentions.0.transformer_blocks.0.attn2.to_k.weight,2,0.5,0.7959564328193665,0.19557377696037292,6.614266749238595e-05,1.0149487257003784
style,1,up_blocks.1.attentions.0.transformer_blocks.0.attn2.to_k.weight,3,0.5,0.8100413084030151,0.1956091672182083,4.179640018264763e-05,1.0149551630020142
style,1,up_blocks.1.attentions.0.transformer_blocks.0.attn2.to_k.weight,4,0.5,0.8177642822265625,0.1955600082874298,3.593002838897519e-05,1.0149365663528442
style,1,up_blocks.1.attentions.0.transformer_blocks.0.attn2.to_k.weight,5,0.5,0.8333221673965454,0.1956121325492859,4.3259173253318295e-05,1.0150226354599
style,1,up_blocks.1.attentions.0.transformer_blocks.0.attn2.to_k.weight,6,0.5,0.8490000367164612,0.19556337594985962,3.818999175564386e-05,1.014890432357788
style,1,up_blocks.1.attentions.0.transformer_blocks.0.attn2.to_k.weight,7,0.5,0.8660563230514526,0.19558285176753998,3.651378210633993e-05,1.014984369277954
style,1,up_blocks.1.attentions.0.transformer_blocks.0.attn2.to_k.weight,8,0.5,0.8759236931800842,0.19555094838142395,3.8974823837634176e-05,1.0149565935134888
style,1,up_blocks.1.attentions.0.transformer_blocks.0.attn2.to_k.weight,9,0.5,0.8758260011672974,0.19559438526630402,3.6062152503291145e-05,1.0149803161621094
style,1,up_blocks.1.attentions.0.transformer_blocks.0.attn2.to_k.weight,10,0.5,0.8742055296897888,0.19556207954883575,3.8277921703411266e-05,1.014900803565979
style,1,up_blocks.1.attentions.0.transformer_blocks.0.attn2.to_k.weight,11,0.5,0.8785797357559204,0.19557170569896698,3.926989302271977e-05,1.0150054693222046
style,1,up_blocks.1.attentions.0.transformer_blocks.0.attn2.to_k.weight,12,0.5,0.8784169554710388,0.1955673098564148,3.488381844363175e-05,1.0149034261703491
style,1,up_blocks.1.attentions.0.transformer_blocks.0.attn2.to_k.weight,13,0.5,0.8780192136764526,0.1956089437007904,3.626016041380353e-05,1.0150011777877808
style,1,up_blocks.1.attentions.0.transformer_blocks.0.attn2.to_k.weight,14,0.5,0.8764088749885559,0.1955443173646927,4.2161005694651976e-05,1.0149459838867188
style,1,up_blocks.1.attentions.0.transformer_blocks.0.attn2.to_k.weight,15,0.5,0.8762888312339783,0.19560426473617554,3.576632298063487e-05,1.0149431228637695
style,1,up_blocks.1.attentions.0.transformer_blocks.0.attn2.to_k.weight,16,0.5,0.8771189451217651,0.19554944336414337,3.3515720133436844e-05,1.0149211883544922
style,1,up_blocks.1.attentions.0.transformer_blocks.0.attn2.to_v.weight,1,0.5,0.7593618035316467,0.20448261499404907,0.00046427518827840686,0.9982008337974548
style,1,up_blocks.1.attentions.0.transformer_blocks.0.attn2.to_v.weight,2,0.5,0.7771850824356079,0.20432217419147491,5.024170604883693e-05,0.9981295466423035
style,1,up_blocks.1.attentions.0.transformer_blocks.0.attn2.to_v.weight,3,0.5,0.7876352667808533,0.20439541339874268,3.243355604354292e-05,0.9982354044914246
style,1,up_blocks.1.attentions.0.transformer_blocks.0.attn2.to_v.weight,4,0.5,0.8007293939590454,0.204399973154068,3.042819480469916e-05,0.9981475472450256
style,1,up_blocks.1.attentions.0.transformer_blocks.0.attn2.to_v.weight,5,0.5,0.8199991583824158,0.2044496238231659,3.039781040570233e-05,0.9982388019561768
style,1,up_blocks.1.attentions.0.transformer_blocks.0.attn2.to_v.weight,6,0.5,0.840985119342804,0.20442412793636322,2.8735688829328865e-05,0.9981696009635925
style,1,up_blocks.1.attentions.0.transformer_blocks.0.attn2.to_v.weight,7,0.5,0.8655242919921875,0.20437002182006836,2.8662510885624215e-05,0.9982221722602844
style,1,up_blocks.1.attentions.0.transformer_blocks.0.attn2.to_v.weight,8,0.5,0.8772175908088684,0.20445787906646729,2.9038277716608718e-05,0.9981642365455627
style,1,up_blocks.1.attentions.0.transformer_blocks.0.attn2.to_v.weight,9,0.5,0.8790181279182434,0.20443086326122284,2.7838745154440403e-05,0.9982288479804993
style,1,up_blocks.1.attentions.0.transformer_blocks.0.attn2.to_v.weight,10,0.5,0.8791331052780151,0.20441661775112152,2.8491402190411463e-05,0.9981734752655029
style,1,up_blocks.1.attentions.0.transformer_blocks.0.attn2.to_v.weight,11,0.5,0.8813710808753967,0.20446334779262543,2.9883627576055005e-05,0.9982300400733948
style,1,up_blocks.1.attentions.0.transformer_blocks.0.attn2.to_v.weight,12,0.5,0.8805949091911316,0.20441466569900513,2.699428478081245e-05,0.9981737732887268
style,1,up_blocks.1.attentions.0.transformer_blocks.0.attn2.to_v.weight,13,0.5,0.8816385865211487,0.20443159341812134,2.6997144232154824e-05,0.9982343912124634
style,1,up_blocks.1.attentions.0.transformer_blocks.0.attn2.to_v.weight,14,0.5,0.8816009759902954,0.20445427298545837,3.0945942853577435e-05,0.9981510639190674
style,1,up_blocks.1.attentions.0.transformer_blocks.0.attn2.to_v.weight,15,0.5,0.8817250728607178,0.2044137567281723,2.7087999114883132e-05,0.9982233047485352
style,1,up_blocks.1.attentions.0.transformer_blocks.0.attn2.to_v.weight,16,0.5,0.8804005980491638,0.20443837344646454,2.700504774111323e-05,0.9981684684753418
style,1,up_blocks.1.attentions.1.transformer_blocks.0.attn2.to_k.weight,1,0.5,0.7827789187431335,0.2022961527109146,0.0006609396659769118,1.01656973361969
style,1,up_blocks.1.attentions.1.transformer_blocks.0.attn2.to_k.weight,2,0.5,0.8074818849563599,0.20241211354732513,6.454656249843538e-05,1.016523838043213
style,1,up_blocks.1.attentions.1.transformer_blocks.0.attn2.to_k.weight,3,0.5,0.8218363523483276,0.20237813889980316,3.91070352634415e-05,1.0165220499038696
style,1,up_blocks.1.attentions.1.transformer_blocks.0.attn2.to_k.weight,4,0.5,0.8327199220657349,0.20244865119457245,3.5631754144560546e-05,1.0165389776229858
style,1,up_blocks.1.attentions.1.transformer_blocks.0.attn2.to_k.weight,5,0.5,0.8494669795036316,0.20239996910095215,3.634122185758315e-05,1.016576886177063
style,1,up_blocks.1.attentions.1.transformer_blocks.0.attn2.to_k.weight,6,0.5,0.8650746941566467,0.20245206356048584,3.3430482289986685e-05,1.0165611505508423
style,1,up_blocks.1.attentions.1.transformer_blocks.0.attn2.to_k.weight,7,0.5,0.8839213252067566,0.20235763490200043,3.5189023037673905e-05,1.016524076461792
style,1,up_blocks.1.attentions.1.transformer_blocks.0.attn2.to_k.weight,8,0.5,0.8944447636604309,0.20241650938987732,3.479451697785407e-05,1.016478180885315
style,1,up_blocks.1.attentions.1.transformer_blocks.0.attn2.to_k.weight,9,0.5,0.8964548707008362,0.2023845911026001,3.3587584766792133e-05,1.016605257987976
style,1,up_blocks.1.attentions.1.transformer_blocks.0.attn2.to_k.weight,10,0.5,0.8968973755836487,0.20244653522968292,3.3594311389606446e-05,1.0165653228759766
style,1,up_blocks.1.attentions.1.transformer_blocks.0.attn2.to_k.weight,11,0.5,0.8983246088027954,0.20239083468914032,3.512128023430705e-05,1.0165369510650635
style,1,up_blocks.1.attentions.1.transformer_blocks.0.attn2.to_k.weight,12,0.5,0.8971771001815796,0.2024158388376236,3.227939669159241e-05,1.0165268182754517
style,1,up_blocks.1.attentions.1.transformer_blocks.0.attn2.to_k.weight,13,0.5,0.8974761962890625,0.20237912237644196,3.301171091152355e-05,1.0165655612945557
style,1,up_blocks.1.attentions.1.transformer_blocks.0.attn2.to_k.weight,14,0.5,0.8977406620979309,0.20241917669773102,3.73470684280619e-05,1.0165396928787231
style,1,up_blocks.1.attentions.1.transformer_blocks.0.attn2.to_k.weight,15,0.5,0.8985961675643921,0.2023817002773285,3.118594395346008e-05,1.016545057296753
style,1,up_blocks.1.attentions.1.transformer_blocks.0.attn2.to_k.weight,16,0.5,0.8974364995956421,0.2024652510881424,3.155123704345897e-05,1.016540765762329
style,1,up_blocks.1.attentions.1.transformer_blocks.0.attn2.to_v.weight,1,0.5,0.7509216070175171,0.20923057198524475,0.0005198640865273774,0.9881372451782227
style,1,up_blocks.1.attentions.1.transformer_blocks.0.attn2.to_v.weight,2,0.5,0.783886730670929,0.2092331349849701,5.900267933611758e-05,0.9880776405334473
style,1,up_blocks.1.attentions.1.transformer_blocks.0.attn2.to_v.weight,3,0.5,0.7995554804801941,0.20931263267993927,3.6832720070378855e-05,0.9881667494773865
style,1,up_blocks.1.attentions.1.transformer_blocks.0.attn2.to_v.weight,4,0.5,0.8137552738189697,0.20935365557670593,3.3482232538517565e-05,0.9881373047828674
style,1,up_blocks.1.attentions.1.transformer_blocks.0.attn2.to_v.weight,5,0.5,0.8319752812385559,0.20937088131904602,3.5178392863599584e-05,0.9881436824798584
style,1,up_blocks.1.attentions.1.transformer_blocks.0.attn2.to_v.weight,6,0.5,0.8510467410087585,0.20931293070316315,3.089466554229148e-05,0.9881725907325745
style,1,up_blocks.1.attentions.1.transformer_blocks.0.attn2.to_v.weight,7,0.5,0.8684316277503967,0.20938144624233246,3.368467150721699e-05,0.988142192363739
style,1,up_blocks.1.attentions.1.transformer_blocks.0.attn2.to_v.weight,8,0.5,0.8794535398483276,0.20932871103286743,3.3372489269822836e-05,0.9881229400634766
style,1,up_blocks.1.attentions.1.transformer_blocks.0.attn2.to_v.weight,9,0.5,0.8809651732444763,0.2093670666217804,3.087444929406047e-05,0.988196611404419
style,1,up_blocks.1.attentions.1.transformer_blocks.0.attn2.to_v.weight,10,0.5,0.8797404170036316,0.20933422446250916,3.1281546398531646e-05,0.9881315231323242
style,1,up_blocks.1.attentions.1.transformer_blocks.0.attn2.to_v.weight,11,0.5,0.8815907835960388,0.20939131081104279,3.268150248914026e-05,0.9881675243377686
style,1,up_blocks.1.attentions.1.transformer_blocks.0.attn2.to_v.weight,12,0.5,0.8815205693244934,0.2093573361635208,3.176346581312828e-05,0.9881431460380554
style,1,up_blocks.1.attentions.1.transformer_blocks.0.attn2.to_v.weight,13,0.5,0.8813486695289612,0.20939575135707855,3.1563311495119706e-05,0.9881700277328491
style,1,up_blocks.1.attentions.1.transformer_blocks.0.attn2.to_v.weight,14,0.5,0.880847156047821,0.20935049653053284,3.395797830307856e-05,0.9881141185760498
style,1,up_blocks.1.attentions.1.transformer_blocks.0.attn2.to_v.weight,15,0.5,0.8822275996208191,0.20930121839046478,3.0676150345243514e-05,0.9881908893585205
style,1,up_blocks.1.attentions.1.transformer_blocks.0.attn2.to_v.weight,16,0.5,0.8804209232330322,0.20935752987861633,3.1368723284685984e-05,0.9881700277328491
style,1,up_blocks.1.attentions.2.transformer_blocks.0.attn2.to_k.weight,1,0.5,0.7670206427574158,0.1959572434425354,0.000663635553792119,1.0211087465286255
style,1,up_blocks.1.attentions.2.transformer_blocks.0.attn2.to_k.weight,2,0.5,0.7936055660247803,0.1958804726600647,6.942835170775652e-05,1.0211262702941895
style,1,up_blocks.1.attentions.2.transformer_blocks.0.attn2.to_k.weight,3,0.5,0.8106709718704224,0.19594919681549072,4.342820102465339e-05,1.0211291313171387
style,1,up_blocks.1.attentions.2.transformer_blocks.0.attn2.to_k.weight,4,0.5,0.8193756341934204,0.19588950276374817,4.009584154118784e-05,1.0210776329040527
style,1,up_blocks.1.attentions.2.transformer_blocks.0.attn2.to_k.weight,5,0.5,0.8355957269668579,0.19596317410469055,3.894878682331182e-05,1.0211337804794312
style,1,up_blocks.1.attentions.2.transformer_blocks.0.attn2.to_k.weight,6,0.5,0.8512675166130066,0.19591468572616577,3.551789268385619e-05,1.0211095809936523
style,1,up_blocks.1.attentions.2.transformer_blocks.0.attn2.to_k.weight,7,0.5,0.8694620728492737,0.1959632933139801,3.9390524761984125e-05,1.0210962295532227
style,1,up_blocks.1.attentions.2.transformer_blocks.0.attn2.to_k.weight,8,0.5,0.8812225461006165,0.19590948522090912,3.8127516745589674e-05,1.0210766792297363
style,1,up_blocks.1.attentions.2.transformer_blocks.0.attn2.to_k.weight,9,0.5,0.8835296630859375,0.19598235189914703,3.539676981745288e-05,1.0211045742034912
style,1,up_blocks.1.attentions.2.transformer_blocks.0.attn2.to_k.weight,10,0.5,0.881848156452179,0.19589391350746155,3.8962705730227754e-05,1.0210353136062622
style,1,up_blocks.1.attentions.2.transformer_blocks.0.attn2.to_k.weight,11,0.5,0.884112536907196,0.19598208367824554,3.7450816307682544e-05,1.0211586952209473
style,1,up_blocks.1.attentions.2.transformer_blocks.0.attn2.to_k.weight,12,0.5,0.883959949016571,0.1959083527326584,3.365821612533182e-05,1.0210976600646973
style,1,up_blocks.1.attentions.2.transformer_blocks.0.attn2.to_k.weight,13,0.5,0.8829345703125,0.19595883786678314,3.8406789826694876e-05,1.0210834741592407
style,1,up_blocks.1.attentions.2.transformer_blocks.0.attn2.to_k.weight,14,0.5,0.8832265138626099,0.1959099918603897,4.0015172999119386e-05,1.0210814476013184
style,1,up_blocks.1.attentions.2.transformer_blocks.0.attn2.to_k.weight,15,0.5,0.8846567869186401,0.19596877694129944,3.3484982850495726e-05,1.0211178064346313
style,1,up_blocks.1.attentions.2.transformer_blocks.0.attn2.to_k.weight,16,0.5,0.8829213380813599,0.19587795436382294,3.6034609365742654e-05,1.0210531949996948
style,1,up_blocks.1.attentions.2.transformer_blocks.0.attn2.to_v.weight,1,0.5,0.7256825566291809,0.20204615592956543,0.0004772825341206044,0.9714120030403137
style,1,up_blocks.1.attentions.2.transformer_blocks.0.attn2.to_v.weight,2,0.5,0.757397472858429,0.20194995403289795,6.171395943965763e-05,0.9713672995567322
style,1,up_blocks.1.attentions.2.transformer_blocks.0.attn2.to_v.weight,3,0.5,0.7752512693405151,0.20190642774105072,3.880311123793945e-05,0.9713166356086731
style,1,up_blocks.1.attentions.2.transformer_blocks.0.attn2.to_v.weight,4,0.5,0.7879109978675842,0.20198996365070343,3.528877641656436e-05,0.9713624119758606
style,1,up_blocks.1.attentions.2.transformer_blocks.0.attn2.to_v.weight,5,0.5,0.8070719242095947,0.2020842581987381,3.4807475458364934e-05,0.9713653922080994
style,1,up_blocks.1.attentions.2.transformer_blocks.0.attn2.to_v.weight,6,0.5,0.8283040523529053,0.2020144760608673,3.297946022939868e-05,0.9713128209114075
style,1,up_blocks.1.attentions.2.transformer_blocks.0.attn2.to_v.weight,7,0.5,0.8510721921920776,0.20200112462043762,3.4111511922674254e-05,0.9713614583015442
style,1,up_blocks.1.attentions.2.transformer_blocks.0.attn2.to_v.weight,8,0.5,0.8650746941566467,0.20208586752414703,3.393303995835595e-05,0.9713782072067261
style,1,up_blocks.1.attentions.2.transformer_blocks.0.attn2.to_v.weight,9,0.5,0.8675608038902283,0.20206910371780396,3.1549101549899206e-05,0.9713081121444702
style,1,up_blocks.1.attentions.2.transformer_blocks.0.attn2.to_v.weight,10,0.5,0.8687774538993835,0.20197641849517822,3.378673136467114e-05,0.9713210463523865
style,1,up_blocks.1.attentions.2.transformer_blocks.0.attn2.to_v.weight,11,0.5,0.8695749640464783,0.2020615190267563,3.344863580423407e-05,0.9713709354400635
style,1,up_blocks.1.attentions.2.transformer_blocks.0.attn2.to_v.weight,12,0.5,0.8692057132720947,0.20200538635253906,3.209521310054697e-05,0.9713297486305237
style,1,up_blocks.1.attentions.2.transformer_blocks.0.attn2.to_v.weight,13,0.5,0.8703114986419678,0.2020033299922943,3.14372664433904e-05,0.9713446497917175
style,1,up_blocks.1.attentions.2.transformer_blocks.0.attn2.to_v.weight,14,0.5,0.8705515265464783,0.20208249986171722,3.412278601899743e-05,0.9713210463523865
style,1,up_blocks.1.attentions.2.transformer_blocks.0.attn2.to_v.weight,15,0.5,0.8716074824333191,0.201990008354187,3.0992490792414173e-05,0.9713398218154907
style,1,up_blocks.1.attentions.2.transformer_blocks.0.attn2.to_v.weight,16,0.5,0.8693755865097046,0.20201919972896576,3.249603832955472e-05,0.9713848829269409
style,1,up_blocks.2.attentions.0.transformer_blocks.0.attn2.to_k.weight,1,0.5,0.6882568597793579,0.19277095794677734,0.0007540446822531521,1.02462899684906
style,1,up_blocks.2.attentions.0.transformer_blocks.0.attn2.to_k.weight,2,0.5,0.7200602293014526,0.1926625519990921,0.00010669680341379717,1.0247122049331665
style,1,up_blocks.2.attentions.0.transformer_blocks.0.attn2.to_k.weight,3,0.5,0.73492431640625,0.19257257878780365,6.898058200022206e-05,1.0245598554611206
style,1,up_blocks.2.attentions.0.transformer_blocks.0.attn2.to_k.weight,4,0.5,0.7530924677848816,0.19267190992832184,6.740056414855644e-05,1.0247066020965576
style,1,up_blocks.2.attentions.0.transformer_blocks.0.attn2.to_k.weight,5,0.5,0.7740275263786316,0.19263607263565063,6.506260251626372e-05,1.024583339691162
style,1,up_blocks.2.attentions.0.transformer_blocks.0.attn2.to_k.weight,6,0.5,0.7964802980422974,0.19275502860546112,6.0073471104260534e-05,1.0246638059616089
style,1,up_blocks.2.attentions.0.transformer_blocks.0.attn2.to_k.weight,7,0.5,0.8203267455101013,0.1926523745059967,6.51259979349561e-05,1.0246198177337646
style,1,up_blocks.2.attentions.0.transformer_blocks.0.attn2.to_k.weight,8,0.5,0.8314371705055237,0.1926993578672409,6.357722304528579e-05,1.0246437788009644
style,1,up_blocks.2.attentions.0.transformer_blocks.0.attn2.to_k.weight,9,0.5,0.837451159954071,0.19264036417007446,6.184745870996267e-05,1.0245944261550903
style,1,up_blocks.2.attentions.0.transformer_blocks.0.attn2.to_k.weight,10,0.5,0.837725818157196,0.19266675412654877,6.22922379989177e-05,1.0247089862823486
style,1,up_blocks.2.attentions.0.transformer_blocks.0.attn2.to_k.weight,11,0.5,0.8376566767692566,0.1926555037498474,6.187932740431279e-05,1.024639368057251
style,1,up_blocks.2.attentions.0.transformer_blocks.0.attn2.to_k.weight,12,0.5,0.8380289673805237,0.19265016913414001,5.9517558838706464e-05,1.0244674682617188
style,1,up_blocks.2.attentions.0.transformer_blocks.0.attn2.to_k.weight,13,0.5,0.8396056890487671,0.19265387952327728,6.292857142398134e-05,1.0246943235397339
style,1,up_blocks.2.attentions.0.transformer_blocks.0.attn2.to_k.weight,14,0.5,0.8387166261672974,0.19267207384109497,6.55214607832022e-05,1.0245028734207153
style,1,up_blocks.2.attentions.0.transformer_blocks.0.attn2.to_k.weight,15,0.5,0.8384643793106079,0.19271863996982574,5.7899680541595444e-05,1.024711012840271
style,1,up_blocks.2.attentions.0.transformer_blocks.0.attn2.to_k.weight,16,0.5,0.8355122804641724,0.19264613091945648,5.952008723397739e-05,1.0246247053146362
style,1,up_blocks.2.attentions.0.transformer_blocks.0.attn2.to_v.weight,1,0.5,0.6804748773574829,0.19574688374996185,0.0006381173734553158,0.9409152865409851
style,1,up_blocks.2.attentions.0.transformer_blocks.0.attn2.to_v.weight,2,0.5,0.7126098871231079,0.1955995112657547,9.641981887398288e-05,0.9408231973648071
style,1,up_blocks.2.attentions.0.transformer_blocks.0.attn2.to_v.weight,3,0.5,0.7299092411994934,0.1957036256790161,6.005185059620999e-05,0.9408401846885681
style,1,up_blocks.2.attentions.0.transformer_blocks.0.attn2.to_v.weight,4,0.5,0.7451314330101013,0.19567926228046417,5.3563249821309e-05,0.9408700466156006
style,1,up_blocks.2.attentions.0.transformer_blocks.0.attn2.to_v.weight,5,0.5,0.7684041261672974,0.1957898736000061,6.114795542089269e-05,0.9408168196678162
style,1,up_blocks.2.attentions.0.transformer_blocks.0.attn2.to_v.weight,6,0.5,0.790997326374054,0.19567683339118958,5.382739254855551e-05,0.9408200979232788
style,1,up_blocks.2.attentions.0.transformer_blocks.0.attn2.to_v.weight,7,0.5,0.8132466673851013,0.19580942392349243,5.174201578483917e-05,0.9408707022666931
style,1,up_blocks.2.attentions.0.transformer_blocks.0.attn2.to_v.weight,8,0.5,0.8224039673805237,0.19571278989315033,5.619449802907184e-05,0.9408332109451294
style,1,up_blocks.2.attentions.0.transformer_blocks.0.attn2.to_v.weight,9,0.5,0.8278951048851013,0.19572792947292328,5.489395698532462e-05,0.9408746361732483
style,1,up_blocks.2.attentions.0.transformer_blocks.0.attn2.to_v.weight,10,0.5,0.8259379267692566,0.19575369358062744,5.340939242159948e-05,0.9408656358718872
style,1,up_blocks.2.attentions.0.transformer_blocks.0.attn2.to_v.weight,11,0.5,0.8286722898483276,0.195735365152359,5.6176002544816583e-05,0.9408247470855713
style,1,up_blocks.2.attentions.0.transformer_blocks.0.attn2.to_v.weight,12,0.5,0.8259338140487671,0.19573310017585754,4.9917329306481406e-05,0.9407928586006165
style,1,up_blocks.2.attentions.0.transformer_blocks.0.attn2.to_v.weight,13,0.5,0.8286356329917908,0.1958315670490265,5.394887921283953e-05,0.9408864378929138
style,1,up_blocks.2.attentions.0.transformer_blocks.0.attn2.to_v.weight,14,0.5,0.8276122808456421,0.1956409513950348,5.8047575294040143e-05,0.940819501876831
style,1,up_blocks.2.attentions.0.transformer_blocks.0.attn2.to_v.weight,15,0.5,0.8284261226654053,0.1958109736442566,5.017329385736957e-05,0.9408437013626099
style,1,up_blocks.2.attentions.0.transformer_blocks.0.attn2.to_v.weight,16,0.5,0.8254659175872803,0.19572997093200684,5.141509245731868e-05,0.9408591389656067
style,1,up_blocks.2.attentions.1.transformer_blocks.0.attn2.to_k.weight,1,0.5,0.6787251830101013,0.20753853023052216,0.000650797679554671,1.0334018468856812
style,1,up_blocks.2.attentions.1.transformer_blocks.0.attn2.to_k.weight,2,0.5,0.7159179449081421,0.2074165642261505,0.00010246247984468937,1.0334454774856567
style,1,up_blocks.2.attentions.1.transformer_blocks.0.attn2.to_k.weight,3,0.5,0.733154296875,0.2073199599981308,6.665126420557499e-05,1.0334382057189941
style,1,up_blocks.2.attentions.1.transformer_blocks.0.attn2.to_k.weight,4,0.5,0.7448689937591553,0.20743849873542786,6.357951497193426e-05,1.0335384607315063
style,1,up_blocks.2.attentions.1.transformer_blocks.0.attn2.to_k.weight,5,0.5,0.7605794072151184,0.20737233757972717,6.374599615810439e-05,1.0333420038223267
style,1,up_blocks.2.attentions.1.transformer_blocks.0.attn2.to_k.weight,6,0.5,0.7795064449310303,0.20738643407821655,6.148933607619256e-05,1.0334930419921875
style,1,up_blocks.2.attentions.1.transformer_blocks.0.attn2.to_k.weight,7,0.5,0.7984842658042908,0.2075173556804657,6.208282866282389e-05,1.0335087776184082
style,1,up_blocks.2.attentions.1.transformer_blocks.0.attn2.to_k.weight,8,0.5,0.8111714720726013,0.20746776461601257,6.264039984671399e-05,1.0334908962249756
style,1,up_blocks.2.attentions.1.transformer_blocks.0.attn2.to_k.weight,9,0.5,0.8140869140625,0.20738157629966736,5.914814755669795e-05,1.0333805084228516
style,1,up_blocks.2.attentions.1.transformer_blocks.0.attn2.to_k.weight,10,0.5,0.8162516355514526,0.20749296247959137,6.295201455941424e-05,1.0335063934326172
style,1,up_blocks.2.attentions.1.transformer_blocks.0.attn2.to_k.weight,11,0.5,0.8167175054550171,0.20743094384670258,6.108544766902924e-05,1.0335092544555664
style,1,up_blocks.2.attentions.1.transformer_blocks.0.attn2.to_k.weight,12,0.5,0.8167195916175842,0.20737770199775696,5.771028372691944e-05,1.0335255861282349
style,1,up_blocks.2.attentions.1.transformer_blocks.0.attn2.to_k.weight,13,0.5,0.8166259527206421,0.2075229287147522,6.036494960426353e-05,1.0334393978118896
style,1,up_blocks.2.attentions.1.transformer_blocks.0.attn2.to_k.weight,14,0.5,0.8177124261856079,0.207502081990242,6.570580444531515e-05,1.033482551574707
style,1,up_blocks.2.attentions.1.transformer_blocks.0.attn2.to_k.weight,15,0.5,0.8169942498207092,0.207418292760849,5.648763180943206e-05,1.0334458351135254
style,1,up_blocks.2.attentions.1.transformer_blocks.0.attn2.to_k.weight,16,0.5,0.8171468377113342,0.20749832689762115,6.0421207308536395e-05,1.03361177444458
style,1,up_blocks.2.attentions.1.transformer_blocks.0.attn2.to_v.weight,1,0.5,0.6753316521644592,0.2074512392282486,0.000427471095463261,0.9444905519485474
style,1,up_blocks.2.attentions.1.transformer_blocks.0.attn2.to_v.weight,2,0.5,0.703631579875946,0.20734037458896637,6.700407539028674e-05,0.9444096088409424
style,1,up_blocks.2.attentions.1.transformer_blocks.0.attn2.to_v.weight,3,0.5,0.7196268439292908,0.20766963064670563,4.3089639802929014e-05,0.9443238377571106
style,1,up_blocks.2.attentions.1.transformer_blocks.0.attn2.to_v.weight,4,0.5,0.7353169918060303,0.20736056566238403,3.79487537429668e-05,0.9444133043289185
style,1,up_blocks.2.attentions.1.transformer_blocks.0.attn2.to_v.weight,5,0.5,0.7526916265487671,0.20762689411640167,4.0661227103555575e-05,0.9443504810333252
style,1,up_blocks.2.attentions.1.transformer_blocks.0.attn2.to_v.weight,6,0.5,0.7799906134605408,0.20754101872444153,3.8078916986705735e-05,0.9443557858467102
style,1,up_blocks.2.attentions.1.transformer_blocks.0.attn2.to_v.weight,7,0.5,0.8038492798805237,0.20775365829467773,3.656399712781422e-05,0.9443004131317139
style,1,up_blocks.2.attentions.1.transformer_blocks.0.attn2.to_v.weight,8,0.5,0.8198018670082092,0.20744021236896515,3.867665509460494e-05,0.9443731904029846
style,1,up_blocks.2.attentions.1.transformer_blocks.0.attn2.to_v.weight,9,0.5,0.8243347406387329,0.20760516822338104,3.642249066615477e-05,0.9443238377571106
style,1,up_blocks.2.attentions.1.transformer_blocks.0.attn2.to_v.weight,10,0.5,0.8294718265533447,0.20750127732753754,3.5518409276846796e-05,0.944395124912262
style,1,up_blocks.2.attentions.1.transformer_blocks.0.attn2.to_v.weight,11,0.5,0.8291890621185303,0.20769158005714417,3.821999052888714e-05,0.944360613822937
style,1,up_blocks.2.attentions.1.transformer_blocks.0.attn2.to_v.weight,12,0.5,0.8313354253768921,0.20735770463943481,3.626016768976115e-05,0.9443466663360596
style,1,up_blocks.2.attentions.1.transformer_blocks.0.attn2.to_v.weight,13,0.5,0.8312906622886658,0.20765982568264008,3.6164863558951765e-05,0.9443227648735046
style,1,up_blocks.2.attentions.1.transformer_blocks.0.attn2.to_v.weight,14,0.5,0.8337972164154053,0.2074318826198578,3.951415419578552e-05,0.9443820714950562
style,1,up_blocks.2.attentions.1.transformer_blocks.0.attn2.to_v.weight,15,0.5,0.8335916996002197,0.20768354833126068,3.5199569538235664e-05,0.944319486618042
style,1,up_blocks.2.attentions.1.transformer_blocks.0.attn2.to_v.weight,16,0.5,0.8347676396369934,0.2074805051088333,3.450820076977834e-05,0.9444058537483215
style,1,up_blocks.2.attentions.2.transformer_blocks.0.attn2.to_k.weight,1,0.5,0.6802103519439697,0.19856086373329163,0.0006544472416862845,1.0339926481246948
style,1,up_blocks.2.attentions.2.transformer_blocks.0.attn2.to_k.weight,2,0.5,0.7066365480422974,0.19851776957511902,9.395623055752367e-05,1.0338860750198364
style,1,up_blocks.2.attentions.2.transformer_blocks.0.attn2.to_k.weight,3,0.5,0.7185709476470947,0.1986217200756073,5.802860687253997e-05,1.0339527130126953
style,1,up_blocks.2.attentions.2.transformer_blocks.0.attn2.to_k.weight,4,0.5,0.7355366945266724,0.1985999047756195,5.107507968205027e-05,1.0340312719345093
style,1,up_blocks.2.attentions.2.transformer_blocks.0.attn2.to_k.weight,5,0.5,0.75592041015625,0.19875465333461761,5.3447747632162645e-05,1.0340349674224854
style,1,up_blocks.2.attentions.2.transformer_blocks.0.attn2.to_k.weight,6,0.5,0.7868367433547974,0.19857025146484375,4.909584822598845e-05,1.033990740776062
style,1,up_blocks.2.attentions.2.transformer_blocks.0.attn2.to_k.weight,7,0.5,0.8171488642692566,0.19861085712909698,4.978687866241671e-05,1.0340560674667358
style,1,up_blocks.2.attentions.2.transformer_blocks.0.attn2.to_k.weight,8,0.5,0.8340413570404053,0.19851966202259064,4.9512927944306284e-05,1.033957839012146
style,1,up_blocks.2.attentions.2.transformer_blocks.0.attn2.to_k.weight,9,0.5,0.8425943851470947,0.19868601858615875,4.9030717491405085e-05,1.0340481996536255
style,1,up_blocks.2.attentions.2.transformer_blocks.0.attn2.to_k.weight,10,0.5,0.8490763306617737,0.19856657087802887,4.972893657395616e-05,1.0340213775634766
style,1,up_blocks.2.attentions.2.transformer_blocks.0.attn2.to_k.weight,11,0.5,0.8516458868980408,0.1987133026123047,4.707137122750282e-05,1.0340439081192017
style,1,up_blocks.2.attentions.2.transformer_blocks.0.attn2.to_k.weight,12,0.5,0.8501932621002197,0.19846925139427185,4.5433149352902547e-05,1.0340124368667603
style,1,up_blocks.2.attentions.2.transformer_blocks.0.attn2.to_k.weight,13,0.5,0.8515299558639526,0.19867849349975586,4.8299978516297415e-05,1.0340667963027954
style,1,up_blocks.2.attentions.2.transformer_blocks.0.attn2.to_k.weight,14,0.5,0.8510721921920776,0.1986011564731598,5.346594480215572e-05,1.0340003967285156
style,1,up_blocks.2.attentions.2.transformer_blocks.0.attn2.to_k.weight,15,0.5,0.8509603142738342,0.19864869117736816,4.636729499907233e-05,1.0340030193328857
style,1,up_blocks.2.attentions.2.transformer_blocks.0.attn2.to_k.weight,16,0.5,0.8514017462730408,0.1985141932964325,4.447966784937307e-05,1.0340323448181152
style,1,up_blocks.2.attentions.2.transformer_blocks.0.attn2.to_v.weight,1,0.5,0.6700215935707092,0.19146248698234558,0.0003729180316440761,0.9132519364356995
style,1,up_blocks.2.attentions.2.transformer_blocks.0.attn2.to_v.weight,2,0.5,0.7079182863235474,0.1912783831357956,5.755397432949394e-05,0.913321852684021
style,1,up_blocks.2.attentions.2.transformer_blocks.0.attn2.to_v.weight,3,0.5,0.7255289554595947,0.19142596423625946,3.666867996798828e-05,0.9133590459823608
style,1,up_blocks.2.attentions.2.transformer_blocks.0.attn2.to_v.weight,4,0.5,0.742657482624054,0.19142146408557892,3.547029700712301e-05,0.9132004380226135
style,1,up_blocks.2.attentions.2.transformer_blocks.0.attn2.to_v.weight,5,0.5,0.7617411017417908,0.19151127338409424,3.444114190642722e-05,0.9133147597312927
style,1,up_blocks.2.attentions.2.transformer_blocks.0.attn2.to_v.weight,6,0.5,0.7844035029411316,0.19127978384494781,3.4182125091319904e-05,0.9132142663002014
style,1,up_blocks.2.attentions.2.transformer_blocks.0.attn2.to_v.weight,7,0.5,0.8029703497886658,0.19147218763828278,3.491668394417502e-05,0.9133138060569763
style,1,up_blocks.2.attentions.2.transformer_blocks.0.attn2.to_v.weight,8,0.5,0.814239501953125,0.19134767353534698,3.32840318151284e-05,0.9132451415061951
style,1,up_blocks.2.attentions.2.transformer_blocks.0.attn2.to_v.weight,9,0.5,0.8181375861167908,0.19143100082874298,3.176105747115798e-05,0.9133418798446655
style,1,up_blocks.2.attentions.2.transformer_blocks.0.attn2.to_v.weight,10,0.5,0.8173746466636658,0.19136817753314972,3.4453281841706485e-05,0.9132162928581238
style,1,up_blocks.2.attentions.2.transformer_blocks.0.attn2.to_v.weight,11,0.5,0.8208699822425842,0.19149504601955414,3.4808537748176605e-05,0.9132207632064819
style,1,up_blocks.2.attentions.2.transformer_blocks.0.attn2.to_v.weight,12,0.5,0.8194987177848816,0.19131308794021606,3.1193034374155104e-05,0.9133135080337524
style,1,up_blocks.2.attentions.2.transformer_blocks.0.attn2.to_v.weight,13,0.5,0.8185831904411316,0.191488578915596,3.238955468987115e-05,0.9133355021476746
style,1,up_blocks.2.attentions.2.transformer_blocks.0.attn2.to_v.weight,14,0.5,0.821307361125946,0.1913488209247589,3.6419696698430926e-05,0.9132192134857178
style,1,up_blocks.2.attentions.2.transformer_blocks.0.attn2.to_v.weight,15,0.5,0.8209757208824158,0.19140879809856415,3.029110303032212e-05,0.9133464694023132
style,1,up_blocks.2.attentions.2.transformer_blocks.0.attn2.to_v.weight,16,0.5,0.816943347454071,0.19140228629112244,3.306327562313527e-05,0.9131631851196289
style,1,up_blocks.3.attentions.0.transformer_blocks.0.attn2.to_k.weight,1,0.5,0.638476550579071,0.2456079125404358,0.000780965609010309,0.9156479239463806
style,1,up_blocks.3.attentions.0.transformer_blocks.0.attn2.to_k.weight,2,0.5,0.6774251461029053,0.24494458734989166,0.00014367102994583547,0.9155533313751221
style,1,up_blocks.3.attentions.0.transformer_blocks.0.attn2.to_k.weight,3,0.5,0.6994425654411316,0.24562671780586243,8.984367741504684e-05,0.9158000349998474
style,1,up_blocks.3.attentions.0.transformer_blocks.0.attn2.to_k.weight,4,0.5,0.716870129108429,0.24531209468841553,8.08427284937352e-05,0.9159760475158691
style,1,up_blocks.3.attentions.0.transformer_blocks.0.attn2.to_k.weight,5,0.5,0.736950695514679,0.24565786123275757,8.142695878632367e-05,0.9159647226333618
style,1,up_blocks.3.attentions.0.transformer_blocks.0.attn2.to_k.weight,6,0.5,0.7587565183639526,0.24521087110042572,8.397626515943557e-05,0.9157530665397644
style,1,up_blocks.3.attentions.0.transformer_blocks.0.attn2.to_k.weight,7,0.5,0.7874430418014526,0.2458580732345581,8.198358409572393e-05,0.9160001277923584
style,1,up_blocks.3.attentions.0.transformer_blocks.0.attn2.to_k.weight,8,0.5,0.7940714359283447,0.24517729878425598,7.994631596375257e-05,0.9157868027687073
style,1,up_blocks.3.attentions.0.transformer_blocks.0.attn2.to_k.weight,9,0.5,0.8033732175827026,0.24565282464027405,7.493603334296495e-05,0.9158475399017334
style,1,up_blocks.3.attentions.0.transformer_blocks.0.attn2.to_k.weight,10,0.5,0.7995808720588684,0.2453785389661789,8.163097663782537e-05,0.9160028696060181
style,1,up_blocks.3.attentions.0.transformer_blocks.0.attn2.to_k.weight,11,0.5,0.8037882447242737,0.24556078016757965,8.567077748011798e-05,0.9159582853317261
style,1,up_blocks.3.attentions.0.transformer_blocks.0.attn2.to_k.weight,12,0.5,0.7986694574356079,0.2452375441789627,7.350277883233503e-05,0.9156197905540466
style,1,up_blocks.3.attentions.0.transformer_blocks.0.attn2.to_k.weight,13,0.5,0.8050537109375,0.24588654935359955,7.532539893873036e-05,0.9160121083259583
style,1,up_blocks.3.attentions.0.transformer_blocks.0.attn2.to_k.weight,14,0.5,0.8001912236213684,0.24519051611423492,8.857346256263554e-05,0.9158807396888733
style,1,up_blocks.3.attentions.0.transformer_blocks.0.attn2.to_k.weight,15,0.5,0.8008870482444763,0.2455892562866211,7.288605411304161e-05,0.915791928768158
style,1,up_blocks.3.attentions.0.transformer_blocks.0.attn2.to_k.weight,16,0.5,0.7997233271598816,0.2453492134809494,7.776675920467824e-05,0.9159599542617798
style,1,up_blocks.3.attentions.0.transformer_blocks.0.attn2.to_v.weight,1,0.5,0.6100911498069763,0.1981179118156433,0.00017363150254823267,0.9792034029960632
style,1,up_blocks.3.attentions.0.transformer_blocks.0.attn2.to_v.weight,2,0.5,0.638195812702179,0.19785310328006744,4.5363176468526945e-05,0.9794750809669495
style,1,up_blocks.3.attentions.0.transformer_blocks.0.attn2.to_v.weight,3,0.5,0.6523274779319763,0.19814017415046692,3.0182596674421802e-05,0.979235827922821
style,1,up_blocks.3.attentions.0.transformer_blocks.0.attn2.to_v.weight,4,0.5,0.6615030765533447,0.19813272356987,2.8230937459738925e-05,0.9791646003723145
style,1,up_blocks.3.attentions.0.transformer_blocks.0.attn2.to_v.weight,5,0.5,0.6775553226470947,0.19822630286216736,2.8116857720306143e-05,0.9793000221252441
style,1,up_blocks.3.attentions.0.transformer_blocks.0.attn2.to_v.weight,6,0.5,0.6922892332077026,0.1981389820575714,2.7877327738679014e-05,0.9792322516441345
style,1,up_blocks.3.attentions.0.transformer_blocks.0.attn2.to_v.weight,7,0.5,0.715832531452179,0.19833263754844666,2.8576558179338463e-05,0.9790300726890564
style,1,up_blocks.3.attentions.0.transformer_blocks.0.attn2.to_v.weight,8,0.5,0.7350911498069763,0.19802333414554596,2.7475975002744235e-05,0.9792181849479675
style,1,up_blocks.3.attentions.0.transformer_blocks.0.attn2.to_v.weight,9,0.5,0.740039050579071,0.19824717938899994,2.5833189283730462e-05,0.9792299270629883
style,1,up_blocks.3.attentions.0.transformer_blocks.0.attn2.to_v.weight,10,0.5,0.7452229857444763,0.19810834527015686,2.7314907129039057e-05,0.9792815446853638
style,1,up_blocks.3.attentions.0.transformer_blocks.0.attn2.to_v.weight,11,0.5,0.7439941167831421,0.1983308345079422,2.8270744223846123e-05,0.9791170954704285
style,1,up_blocks.3.attentions.0.transformer_blocks.0.attn2.to_v.weight,12,0.5,0.7433553338050842,0.19800420105457306,2.6593967049848288e-05,0.9792309403419495
style,1,up_blocks.3.attentions.0.transformer_blocks.0.attn2.to_v.weight,13,0.5,0.744396984577179,0.19838333129882812,2.6358133254689164e-05,0.9791059494018555
style,1,up_blocks.3.attentions.0.transformer_blocks.0.attn2.to_v.weight,14,0.5,0.7456299066543579,0.19805404543876648,2.9110695322742686e-05,0.9793033003807068
style,1,up_blocks.3.attentions.0.transformer_blocks.0.attn2.to_v.weight,15,0.5,0.746874988079071,0.1981433480978012,2.5423301849514246e-05,0.9791750311851501
style,1,up_blocks.3.attentions.0.transformer_blocks.0.attn2.to_v.weight,16,0.5,0.7442871332168579,0.19822677969932556,2.6134161089430563e-05,0.9792190790176392
style,1,up_blocks.3.attentions.1.transformer_blocks.0.attn2.to_k.weight,1,0.5,0.6424397826194763,0.2429402619600296,0.0008057520026341081,0.9692600965499878
style,1,up_blocks.3.attentions.1.transformer_blocks.0.attn2.to_k.weight,2,0.5,0.683361828327179,0.24287833273410797,0.0001267116895178333,0.9688314199447632
style,1,up_blocks.3.attentions.1.transformer_blocks.0.attn2.to_k.weight,3,0.5,0.6990153193473816,0.24283887445926666,7.776632264722139e-05,0.9684626460075378
style,1,up_blocks.3.attentions.1.transformer_blocks.0.attn2.to_k.weight,4,0.5,0.719250500202179,0.24282215535640717,6.971734546823427e-05,0.9686712622642517
style,1,up_blocks.3.attentions.1.transformer_blocks.0.attn2.to_k.weight,5,0.5,0.7491373419761658,0.24290016293525696,7.297532283701003e-05,0.9682497978210449
style,1,up_blocks.3.attentions.1.transformer_blocks.0.attn2.to_k.weight,6,0.5,0.7699950933456421,0.24268615245819092,6.851816579001024e-05,0.9685403108596802
style,1,up_blocks.3.attentions.1.transformer_blocks.0.attn2.to_k.weight,7,0.5,0.7996134161949158,0.24294942617416382,7.104049291228876e-05,0.9687327146530151
style,1,up_blocks.3.attentions.1.transformer_blocks.0.attn2.to_k.weight,8,0.5,0.8174845576286316,0.24268408119678497,6.905913323862478e-05,0.9684025049209595
style,1,up_blocks.3.attentions.1.transformer_blocks.0.attn2.to_k.weight,9,0.5,0.823315441608429,0.24284227192401886,6.376206147251651e-05,0.9683607220649719
style,1,up_blocks.3.attentions.1.transformer_blocks.0.attn2.to_k.weight,10,0.5,0.824389636516571,0.24288272857666016,6.737885996699333e-05,0.9686987996101379
style,1,up_blocks.3.attentions.1.transformer_blocks.0.attn2.to_k.weight,11,0.5,0.8278279900550842,0.24290724098682404,6.900198786752298e-05,0.9685317277908325
style,1,up_blocks.3.attentions.1.transformer_blocks.0.attn2.to_k.weight,12,0.5,0.8253173828125,0.24261696636676788,6.094260606914759e-05,0.9685419201850891
style,1,up_blocks.3.attentions.1.transformer_blocks.0.attn2.to_k.weight,13,0.5,0.831787109375,0.24297915399074554,6.605181260965765e-05,0.9685390591621399
style,1,up_blocks.3.attentions.1.transformer_blocks.0.attn2.to_k.weight,14,0.5,0.8300618529319763,0.24269534647464752,7.610914326505736e-05,0.9683504104614258
style,1,up_blocks.3.attentions.1.transformer_blocks.0.attn2.to_k.weight,15,0.5,0.8262369632720947,0.24283091723918915,6.013903839630075e-05,0.9685593247413635
style,1,up_blocks.3.attentions.1.transformer_blocks.0.attn2.to_k.weight,16,0.5,0.828125,0.24271003901958466,6.403782754205167e-05,0.968585193157196
style,1,up_blocks.3.attentions.1.transformer_blocks.0.attn2.to_v.weight,1,0.5,0.606738269329071,0.19786551594734192,0.00022768120106775314,0.9444441199302673
style,1,up_blocks.3.attentions.1.transformer_blocks.0.attn2.to_v.weight,2,0.5,0.6417643427848816,0.19761890172958374,4.938019992550835e-05,0.9441547989845276
style,1,up_blocks.3.attentions.1.transformer_blocks.0.attn2.to_v.weight,3,0.5,0.6603922247886658,0.19793036580085754,3.063416443183087e-05,0.9442194700241089
style,1,up_blocks.3.attentions.1.transformer_blocks.0.attn2.to_v.weight,4,0.5,0.6758788824081421,0.1980343610048294,2.8137905246694572e-05,0.944130003452301
style,1,up_blocks.3.attentions.1.transformer_blocks.0.attn2.to_v.weight,5,0.5,0.7024170160293579,0.19797642529010773,3.062080213567242e-05,0.9443774223327637
style,1,up_blocks.3.attentions.1.transformer_blocks.0.attn2.to_v.weight,6,0.5,0.7306681275367737,0.1977774202823639,2.8612721507670358e-05,0.9442254304885864
style,1,up_blocks.3.attentions.1.transformer_blocks.0.attn2.to_v.weight,7,0.5,0.7613443732261658,0.19811326265335083,2.8296501113800332e-05,0.9442665576934814
style,1,up_blocks.3.attentions.1.transformer_blocks.0.attn2.to_v.weight,8,0.5,0.779650866985321,0.19797177612781525,2.6419129426358268e-05,0.9440761804580688
style,1,up_blocks.3.attentions.1.transformer_blocks.0.attn2.to_v.weight,9,0.5,0.7870931029319763,0.19778209924697876,2.7370642783353105e-05,0.9442976713180542
style,1,up_blocks.3.attentions.1.transformer_blocks.0.attn2.to_v.weight,10,0.5,0.7877278923988342,0.19782733917236328,2.9839366106898524e-05,0.9443104267120361
style,1,up_blocks.3.attentions.1.transformer_blocks.0.attn2.to_v.weight,11,0.5,0.7916463017463684,0.19780388474464417,2.774154199869372e-05,0.9441772699356079
style,1,up_blocks.3.attentions.1.transformer_blocks.0.attn2.to_v.weight,12,0.5,0.7877197265625,0.1979900449514389,2.472918276907876e-05,0.9440526962280273
style,1,up_blocks.3.attentions.1.transformer_blocks.0.attn2.to_v.weight,13,0.5,0.7879801392555237,0.19800594449043274,2.869605850719381e-05,0.9445009231567383
style,1,up_blocks.3.attentions.1.transformer_blocks.0.attn2.to_v.weight,14,0.5,0.7892903685569763,0.19775424897670746,3.068239675485529e-05,0.9441542625427246
style,1,up_blocks.3.attentions.1.transformer_blocks.0.attn2.to_v.weight,15,0.5,0.789050281047821,0.19787654280662537,2.5020815883181058e-05,0.9442163705825806
style,1,up_blocks.3.attentions.1.transformer_blocks.0.attn2.to_v.weight,16,0.5,0.7886149287223816,0.19801892340183258,2.560520442784764e-05,0.9441097378730774
style,1,up_blocks.3.attentions.2.transformer_blocks.0.attn2.to_k.weight,1,0.5,0.6437133550643921,0.256390243768692,0.0007382709300145507,0.9563025236129761
style,1,up_blocks.3.attentions.2.transformer_blocks.0.attn2.to_k.weight,2,0.5,0.6811238527297974,0.25614526867866516,0.00012931441597174853,0.956254780292511
style,1,up_blocks.3.attentions.2.transformer_blocks.0.attn2.to_k.weight,3,0.5,0.703198254108429,0.2561691701412201,7.873483264120296e-05,0.9562870860099792
style,1,up_blocks.3.attentions.2.transformer_blocks.0.attn2.to_k.weight,4,0.5,0.7303426265716553,0.25610318779945374,7.359837036347017e-05,0.9562677145004272
style,1,up_blocks.3.attentions.2.transformer_blocks.0.attn2.to_k.weight,5,0.5,0.7594686150550842,0.25630348920822144,7.296621333807707e-05,0.9561733603477478
style,1,up_blocks.3.attentions.2.transformer_blocks.0.attn2.to_k.weight,6,0.5,0.7842651605606079,0.25607651472091675,7.181156252045184e-05,0.9566048979759216
style,1,up_blocks.3.attentions.2.transformer_blocks.0.attn2.to_k.weight,7,0.5,0.8157633543014526,0.2562650740146637,7.22638942534104e-05,0.956272542476654
style,1,up_blocks.3.attentions.2.transformer_blocks.0.attn2.to_k.weight,8,0.5,0.8273763060569763,0.256136417388916,6.860399298602715e-05,0.956352174282074
style,1,up_blocks.3.attentions.2.transformer_blocks.0.attn2.to_k.weight,9,0.5,0.8367065191268921,0.25623732805252075,6.55524418107234e-05,0.9562599658966064
style,1,up_blocks.3.attentions.2.transformer_blocks.0.attn2.to_k.weight,10,0.5,0.8345906734466553,0.2561973035335541,7.105453551048413e-05,0.9561403393745422
style,1,up_blocks.3.attentions.2.transformer_blocks.0.attn2.to_k.weight,11,0.5,0.8387410640716553,0.256376713514328,7.273296068888158e-05,0.9562722444534302
style,1,up_blocks.3.attentions.2.transformer_blocks.0.attn2.to_k.weight,12,0.5,0.8330525755882263,0.25613051652908325,6.462401506723836e-05,0.9564555883407593
style,1,up_blocks.3.attentions.2.transformer_blocks.0.attn2.to_k.weight,13,0.5,0.8399943113327026,0.2562711536884308,6.854468665551394e-05,0.956317126750946
style,1,up_blocks.3.attentions.2.transformer_blocks.0.attn2.to_k.weight,14,0.5,0.8365275263786316,0.2562018632888794,7.378868758678436e-05,0.9563184976577759
style,1,up_blocks.3.attentions.2.transformer_blocks.0.attn2.to_k.weight,15,0.5,0.836926281452179,0.2562313377857208,6.246637349249795e-05,0.9562157392501831
style,1,up_blocks.3.attentions.2.transformer_blocks.0.attn2.to_k.weight,16,0.5,0.8369791507720947,0.25619927048683167,6.841637514298782e-05,0.9563414454460144
style,1,up_blocks.3.attentions.2.transformer_blocks.0.attn2.to_v.weight,1,0.5,0.6015706658363342,0.1976773738861084,0.00021490384824573994,0.8975614309310913
style,1,up_blocks.3.attentions.2.transformer_blocks.0.attn2.to_v.weight,2,0.5,0.6318807005882263,0.19729048013687134,5.10371319251135e-05,0.8975242376327515
style,1,up_blocks.3.attentions.2.transformer_blocks.0.attn2.to_v.weight,3,0.5,0.6558675169944763,0.19749468564987183,3.3225496736122295e-05,0.8975748419761658
style,1,up_blocks.3.attentions.2.transformer_blocks.0.attn2.to_v.weight,4,0.5,0.6681070923805237,0.19761234521865845,3.012819252035115e-05,0.8977252244949341
style,1,up_blocks.3.attentions.2.transformer_blocks.0.attn2.to_v.weight,5,0.5,0.6914917230606079,0.1976294219493866,3.13603704853449e-05,0.8975111246109009
style,1,up_blocks.3.attentions.2.transformer_blocks.0.attn2.to_v.weight,6,0.5,0.7142008543014526,0.19725775718688965,2.9482966056093574e-05,0.8975553512573242
style,1,up_blocks.3.attentions.2.transformer_blocks.0.attn2.to_v.weight,7,0.5,0.744067370891571,0.19793564081192017,2.9829579943907447e-05,0.8977140784263611
style,1,up_blocks.3.attentions.2.transformer_blocks.0.attn2.to_v.weight,8,0.5,0.7600015997886658,0.19749945402145386,3.066314820898697e-05,0.8975419402122498
style,1,up_blocks.3.attentions.2.transformer_blocks.0.attn2.to_v.weight,9,0.5,0.7714558839797974,0.19761890172958374,2.8012464099447243e-05,0.8975510001182556
style,1,up_blocks.3.attentions.2.transformer_blocks.0.attn2.to_v.weight,10,0.5,0.7686727046966553,0.1976340413093567,2.9303697374416515e-05,0.8977429270744324
style,1,up_blocks.3.attentions.2.transformer_blocks.0.attn2.to_v.weight,11,0.5,0.776477038860321,0.1976829618215561,3.12143201881554e-05,0.8975424766540527
style,1,up_blocks.3.attentions.2.transformer_blocks.0.attn2.to_v.weight,12,0.5,0.7722818851470947,0.19731222093105316,2.79573469015304e-05,0.8975552320480347
style,1,up_blocks.3.attentions.2.transformer_blocks.0.attn2.to_v.weight,13,0.5,0.776013195514679,0.19793139398097992,2.770722858258523e-05,0.897638201713562
style,1,up_blocks.3.attentions.2.transformer_blocks.0.attn2.to_v.weight,14,0.5,0.7730509638786316,0.19749334454536438,3.2353793358197436e-05,0.897615909576416
style,1,up_blocks.3.attentions.2.transformer_blocks.0.attn2.to_v.weight,15,0.5,0.77752685546875,0.1975308358669281,2.743061850196682e-05,0.8975348472595215
style,1,up_blocks.3.attentions.2.transformer_blocks.0.attn2.to_v.weight,16,0.5,0.7733479738235474,0.19772876799106598,2.7739863071474247e-05,0.8977282643318176
style,1,mid_block.attentions.0.transformer_blocks.0.attn2.to_k.weight,1,0.5,0.6950551271438599,0.19382211565971375,0.000517810694873333,1.0418593883514404
style,1,mid_block.attentions.0.transformer_blocks.0.attn2.to_k.weight,2,0.5,0.7263712286949158,0.19387319684028625,7.468382682418451e-05,1.0419050455093384
style,1,mid_block.attentions.0.transformer_blocks.0.attn2.to_k.weight,3,0.5,0.7372986078262329,0.19371576607227325,5.0040092901326716e-05,1.0417283773422241
style,1,mid_block.attentions.0.transformer_blocks.0.attn2.to_k.weight,4,0.5,0.7517018914222717,0.1939164251089096,4.760034425999038e-05,1.041882872581482
style,1,mid_block.attentions.0.transformer_blocks.0.attn2.to_k.weight,5,0.5,0.7682881951332092,0.1937897801399231,4.974077455699444e-05,1.0417671203613281
style,1,mid_block.attentions.0.transformer_blocks.0.attn2.to_k.weight,6,0.5,0.7903859615325928,0.19389770925045013,4.6241810196079314e-05,1.041874647140503
style,1,mid_block.attentions.0.transformer_blocks.0.attn2.to_k.weight,7,0.5,0.809399425983429,0.19384780526161194,4.549597360892221e-05,1.0417591333389282
style,1,mid_block.attentions.0.transformer_blocks.0.attn2.to_k.weight,8,0.5,0.8216155767440796,0.19379423558712006,4.783130862051621e-05,1.0418500900268555
style,1,mid_block.attentions.0.transformer_blocks.0.attn2.to_k.weight,9,0.5,0.8242238163948059,0.19378899037837982,4.570745659293607e-05,1.0417530536651611
style,1,mid_block.attentions.0.transformer_blocks.0.attn2.to_k.weight,10,0.5,0.8240885138511658,0.19389362633228302,4.627481757779606e-05,1.0419121980667114
style,1,mid_block.attentions.0.transformer_blocks.0.attn2.to_k.weight,11,0.5,0.8240010738372803,0.193795308470726,4.8449448513565585e-05,1.0417267084121704
style,1,mid_block.attentions.0.transformer_blocks.0.attn2.to_k.weight,12,0.5,0.8251617550849915,0.19381366670131683,4.476728645386174e-05,1.0418587923049927
style,1,mid_block.attentions.0.transformer_blocks.0.attn2.to_k.weight,13,0.5,0.8233469724655151,0.19386418163776398,4.4257605622988194e-05,1.0417907238006592
style,1,mid_block.attentions.0.transformer_blocks.0.attn2.to_k.weight,14,0.5,0.824169933795929,0.19384227693080902,5.013068948755972e-05,1.0418500900268555
style,1,mid_block.attentions.0.transformer_blocks.0.attn2.to_k.weight,15,0.5,0.8242400884628296,0.19374510645866394,4.4644406443694606e-05,1.041706919670105
style,1,mid_block.attentions.0.transformer_blocks.0.attn2.to_k.weight,16,0.5,0.8242523074150085,0.1939035952091217,4.449855623533949e-05,1.0418981313705444
style,1,mid_block.attentions.0.transformer_blocks.0.attn2.to_v.weight,1,0.5,0.7447234988212585,0.20203439891338348,0.00047050390276126564,1.017970085144043
style,1,mid_block.attentions.0.transformer_blocks.0.attn2.to_v.weight,2,0.5,0.7707590460777283,0.2018904834985733,5.4534142691409215e-05,1.017720341682434
style,1,mid_block.attentions.0.transformer_blocks.0.attn2.to_v.weight,3,0.5,0.7851318120956421,0.20196804404258728,3.3357879146933556e-05,1.0177351236343384
style,1,mid_block.attentions.0.transformer_blocks.0.attn2.to_v.weight,4,0.5,0.7995290160179138,0.201936736702919,2.983480408147443e-05,1.0177541971206665
style,1,mid_block.attentions.0.transformer_blocks.0.attn2.to_v.weight,5,0.5,0.8197346925735474,0.202017679810524,3.0502375011565164e-05,1.0177454948425293
style,1,mid_block.attentions.0.transformer_blocks.0.attn2.to_v.weight,6,0.5,0.8418426513671875,0.2020002156496048,3.0596991564380005e-05,1.0177099704742432
style,1,mid_block.attentions.0.transformer_blocks.0.attn2.to_v.weight,7,0.5,0.8634256720542908,0.20202071964740753,3.001885488629341e-05,1.017764687538147
style,1,mid_block.attentions.0.transformer_blocks.0.attn2.to_v.weight,8,0.5,0.8743672966957092,0.20193718373775482,2.8994283638894558e-05,1.017652153968811
style,1,mid_block.attentions.0.transformer_blocks.0.attn2.to_v.weight,9,0.5,0.8776631951332092,0.20200158655643463,2.7917638362850994e-05,1.0177569389343262
style,1,mid_block.attentions.0.transformer_blocks.0.attn2.to_v.weight,10,0.5,0.8762725591659546,0.20201891660690308,2.8650265448959544e-05,1.0177260637283325
style,1,mid_block.attentions.0.transformer_blocks.0.attn2.to_v.weight,11,0.5,0.877154529094696,0.20198273658752441,3.0159217203618027e-05,1.0177342891693115
style,1,mid_block.attentions.0.transformer_blocks.0.attn2.to_v.weight,12,0.5,0.8766754269599915,0.20194104313850403,2.788293204503134e-05,1.0176656246185303
style,1,mid_block.attentions.0.transformer_blocks.0.attn2.to_v.weight,13,0.5,0.8774444460868835,0.2020229697227478,2.8783289963030256e-05,1.017823338508606
style,1,mid_block.attentions.0.transformer_blocks.0.attn2.to_v.weight,14,0.5,0.8784515261650085,0.20196814835071564,3.089961683144793e-05,1.0176490545272827
style,1,mid_block.attentions.0.transformer_blocks.0.attn2.to_v.weight,15,0.5,0.8770802617073059,0.20197375118732452,2.638999831106048e-05,1.0177173614501953
style,1,mid_block.attentions.0.transformer_blocks.0.attn2.to_v.weight,16,0.5,0.8762400150299072,0.20201192796230316,2.7781185053754598e-05,1.0177351236343384
style,4,down_blocks.0.attentions.0.transformer_blocks.0.attn2.to_k.weight,1,0.5,0.7876179814338684,0.1143566146492958,0.0004128430155105889,0.4909234642982483
style,4,down_blocks.0.attentions.0.transformer_blocks.0.attn2.to_k.weight,2,0.5,0.7867797613143921,0.11436770111322403,5.554696690523997e-05,0.4910999536514282
style,4,down_blocks.0.attentions.0.transformer_blocks.0.attn2.to_k.weight,3,0.5,0.7865071892738342,0.1145399957895279,3.824903615168296e-05,0.4914499819278717
style,4,down_blocks.0.attentions.0.transformer_blocks.0.attn2.to_k.weight,4,0.5,0.7867960333824158,0.11440280079841614,3.561704943422228e-05,0.49114787578582764
style,4,down_blocks.0.attentions.0.transformer_blocks.0.attn2.to_k.weight,5,0.5,0.7863566279411316,0.114617720246315,3.5337892768438905e-05,0.4915027320384979
style,4,down_blocks.0.attentions.0.transformer_blocks.0.attn2.to_k.weight,6,0.5,0.7871907353401184,0.11442562192678452,3.33912976202555e-05,0.49107804894447327
style,4,down_blocks.0.attentions.0.transformer_blocks.0.attn2.to_k.weight,7,0.5,0.7862955927848816,0.1145780086517334,3.4464228519937024e-05,0.4914974570274353
style,4,down_blocks.0.attentions.0.transformer_blocks.0.attn2.to_k.weight,8,0.5,0.7868123650550842,0.11443072557449341,3.327634112793021e-05,0.49102583527565
style,4,down_blocks.0.attentions.0.transformer_blocks.0.attn2.to_k.weight,9,0.5,0.7869791388511658,0.11464188992977142,3.181417196174152e-05,0.49144446849823
style,4,down_blocks.0.attentions.0.transformer_blocks.0.attn2.to_k.weight,10,0.5,0.7871012091636658,0.11441045999526978,3.343753996887244e-05,0.49106475710868835
style,4,down_blocks.0.attentions.0.transformer_blocks.0.attn2.to_k.weight,11,0.5,0.7867187261581421,0.11459030210971832,3.4426739148329943e-05,0.49149274826049805
style,4,down_blocks.0.attentions.0.transformer_blocks.0.attn2.to_k.weight,12,0.5,0.7870646119117737,0.11445239931344986,3.139208638458513e-05,0.49107804894447327
style,4,down_blocks.0.attentions.0.transformer_blocks.0.attn2.to_k.weight,13,0.5,0.7868001461029053,0.11458253860473633,3.28497335431166e-05,0.4914679229259491
style,4,down_blocks.0.attentions.0.transformer_blocks.0.attn2.to_k.weight,14,0.5,0.7869954705238342,0.11447055637836456,3.479606311884709e-05,0.49117472767829895
style,4,down_blocks.0.attentions.0.transformer_blocks.0.attn2.to_k.weight,15,0.5,0.7867676019668579,0.11456538736820221,3.0689094273839146e-05,0.4913356900215149
style,4,down_blocks.0.attentions.0.transformer_blocks.0.attn2.to_k.weight,16,0.5,0.7873820066452026,0.11440099030733109,3.250065856263973e-05,0.49101412296295166
style,4,down_blocks.0.attentions.0.transformer_blocks.0.attn2.to_v.weight,1,0.5,0.7894734740257263,0.10438568145036697,0.00012339830573182553,0.44127994775772095
style,4,down_blocks.0.attentions.0.transformer_blocks.0.attn2.to_v.weight,2,0.5,0.7902140021324158,0.10448070615530014,2.20239999180194e-05,0.4415181577205658
style,4,down_blocks.0.attentions.0.transformer_blocks.0.attn2.to_v.weight,3,0.5,0.7887654900550842,0.10451439023017883,1.552707180962898e-05,0.4415840804576874
style,4,down_blocks.0.attentions.0.transformer_blocks.0.attn2.to_v.weight,4,0.5,0.79034423828125,0.10442068427801132,1.3857036719855387e-05,0.44135740399360657
style,4,down_blocks.0.attentions.0.transformer_blocks.0.attn2.to_v.weight,5,0.5,0.7897379398345947,0.10443776100873947,1.4631358681072015e-05,0.4414094388484955
style,4,down_blocks.0.attentions.0.transformer_blocks.0.attn2.to_v.weight,6,0.5,0.7901936769485474,0.10445605963468552,1.356970733468188e-05,0.44152161478996277
style,4,down_blocks.0.attentions.0.transformer_blocks.0.attn2.to_v.weight,7,0.5,0.7896036505699158,0.10450607538223267,1.309228264290141e-05,0.44130373001098633
style,4,down_blocks.0.attentions.0.transformer_blocks.0.attn2.to_v.weight,8,0.5,0.7904500365257263,0.10443682968616486,1.3159855370759033e-05,0.4414293169975281
style,4,down_blocks.0.attentions.0.transformer_blocks.0.attn2.to_v.weight,9,0.5,0.789538562297821,0.10444178432226181,1.3562052117777057e-05,0.44138002395629883
style,4,down_blocks.0.attentions.0.transformer_blocks.0.attn2.to_v.weight,10,0.5,0.7904134392738342,0.10442811250686646,1.3282287000038195e-05,0.44137975573539734
style,4,down_blocks.0.attentions.0.transformer_blocks.0.attn2.to_v.weight,11,0.5,0.7890665531158447,0.10454592108726501,1.3472335922415368e-05,0.4414094388484955
style,4,down_blocks.0.attentions.0.transformer_blocks.0.attn2.to_v.weight,12,0.5,0.7904907464981079,0.10440298914909363,1.2717898243863601e-05,0.4414074122905731
style,4,down_blocks.0.attentions.0.transformer_blocks.0.attn2.to_v.weight,13,0.5,0.7899251580238342,0.10442561656236649,1.298688948736526e-05,0.4411700963973999
style,4,down_blocks.0.attentions.0.transformer_blocks.0.attn2.to_v.weight,14,0.5,0.79022216796875,0.10449005663394928,1.4543833458446898e-05,0.44158199429512024
style,4,down_blocks.0.attentions.0.transformer_blocks.0.attn2.to_v.weight,15,0.5,0.7891317009925842,0.10445667803287506,1.2757712283928413e-05,0.4414355158805847
style,4,down_blocks.0.attentions.0.transformer_blocks.0.attn2.to_v.weight,16,0.5,0.790234386920929,0.10445525497198105,1.1837835700134747e-05,0.4414239227771759
style,4,down_blocks.0.attentions.1.transformer_blocks.0.attn2.to_k.weight,1,0.5,0.7803182005882263,0.14712178707122803,0.0004040597996208817,0.5205625891685486
style,4,down_blocks.0.attentions.1.transformer_blocks.0.attn2.to_k.weight,2,0.5,0.7806071043014526,0.14693917334079742,6.189812847878784e-05,0.5202042460441589
style,4,down_blocks.0.attentions.1.transformer_blocks.0.attn2.to_k.weight,3,0.5,0.7802816033363342,0.14705270528793335,4.2713782022474334e-05,0.5204821825027466
style,4,down_blocks.0.attentions.1.transformer_blocks.0.attn2.to_k.weight,4,0.5,0.780773937702179,0.14697721600532532,3.7269248423399404e-05,0.5202762484550476
style,4,down_blocks.0.attentions.1.transformer_blocks.0.attn2.to_k.weight,5,0.5,0.7805460691452026,0.1471944898366928,3.972074409830384e-05,0.5204113721847534
style,4,down_blocks.0.attentions.1.transformer_blocks.0.attn2.to_k.weight,6,0.5,0.7807861566543579,0.14694328606128693,3.7566547689493746e-05,0.5203163027763367
style,4,down_blocks.0.attentions.1.transformer_blocks.0.attn2.to_k.weight,7,0.5,0.7804524898529053,0.14707022905349731,3.770145121961832e-05,0.5205743908882141
style,4,down_blocks.0.attentions.1.transformer_blocks.0.attn2.to_k.weight,8,0.5,0.7807332277297974,0.14700037240982056,3.657140041468665e-05,0.520278811454773
style,4,down_blocks.0.attentions.1.transformer_blocks.0.attn2.to_k.weight,9,0.5,0.7805420160293579,0.14710189402103424,3.635357279563323e-05,0.5203511118888855
style,4,down_blocks.0.attentions.1.transformer_blocks.0.attn2.to_k.weight,10,0.5,0.7806803584098816,0.14709629118442535,3.7395151593955234e-05,0.5204975605010986
style,4,down_blocks.0.attentions.1.transformer_blocks.0.attn2.to_k.weight,11,0.5,0.7803547978401184,0.14714765548706055,3.641702642198652e-05,0.5205424427986145
style,4,down_blocks.0.attentions.1.transformer_blocks.0.attn2.to_k.weight,12,0.5,0.781115710735321,0.1467488408088684,3.4151402360294014e-05,0.5200461745262146
style,4,down_blocks.0.attentions.1.transformer_blocks.0.attn2.to_k.weight,13,0.5,0.7802327275276184,0.14728187024593353,3.749626557691954e-05,0.5208102464675903
style,4,down_blocks.0.attentions.1.transformer_blocks.0.attn2.to_k.weight,14,0.5,0.780834972858429,0.1470281034708023,3.9459773688577116e-05,0.5202386379241943
style,4,down_blocks.0.attentions.1.transformer_blocks.0.attn2.to_k.weight,15,0.5,0.78057861328125,0.14703471958637238,3.4494634746806696e-05,0.5205134749412537
style,4,down_blocks.0.attentions.1.transformer_blocks.0.attn2.to_k.weight,16,0.5,0.7808634638786316,0.14699767529964447,3.39672333211638e-05,0.5203508138656616
style,4,down_blocks.0.attentions.1.transformer_blocks.0.attn2.to_v.weight,1,0.5,0.786059558391571,0.108987957239151,9.178790060104802e-05,0.44283026456832886
style,4,down_blocks.0.attentions.1.transformer_blocks.0.attn2.to_v.weight,2,0.5,0.7865193486213684,0.10892664641141891,2.1545274648815393e-05,0.4427507817745209
style,4,down_blocks.0.attentions.1.transformer_blocks.0.attn2.to_v.weight,3,0.5,0.786730945110321,0.1090860515832901,1.481490380683681e-05,0.4432535171508789
style,4,down_blocks.0.attentions.1.transformer_blocks.0.attn2.to_v.weight,4,0.5,0.7862101197242737,0.10906052589416504,1.3105860489304177e-05,0.443399041891098
style,4,down_blocks.0.attentions.1.transformer_blocks.0.attn2.to_v.weight,5,0.5,0.7865518927574158,0.10918591171503067,1.3448433492158074e-05,0.44314810633659363
style,4,down_blocks.0.attentions.1.transformer_blocks.0.attn2.to_v.weight,6,0.5,0.7860880494117737,0.10901932418346405,1.32069826577208e-05,0.44312116503715515
style,4,down_blocks.0.attentions.1.transformer_blocks.0.attn2.to_v.weight,7,0.5,0.78668212890625,0.10923494398593903,1.300973235629499e-05,0.44339969754219055
style,4,down_blocks.0.attentions.1.transformer_blocks.0.attn2.to_v.weight,8,0.5,0.786791980266571,0.109034463763237,1.27549865283072e-05,0.44294267892837524
style,4,down_blocks.0.attentions.1.transformer_blocks.0.attn2.to_v.weight,9,0.5,0.7866576910018921,0.10912252962589264,1.2030872312607244e-05,0.4431898593902588
style,4,down_blocks.0.attentions.1.transformer_blocks.0.attn2.to_v.weight,10,0.5,0.7856852412223816,0.10917240381240845,1.283215078728972e-05,0.44341832399368286
style,4,down_blocks.0.attentions.1.transformer_blocks.0.attn2.to_v.weight,11,0.5,0.787036120891571,0.10918991267681122,1.3070418390270788e-05,0.4431323707103729
style,4,down_blocks.0.attentions.1.transformer_blocks.0.attn2.to_v.weight,12,0.5,0.786376953125,0.10903908312320709,1.1975601410085801e-05,0.44343629479408264
style,4,down_blocks.0.attentions.1.transformer_blocks.0.attn2.to_v.weight,13,0.5,0.7865030765533447,0.10922946035861969,1.2185649211460259e-05,0.4432334005832672
style,4,down_blocks.0.attentions.1.transformer_blocks.0.attn2.to_v.weight,14,0.5,0.7865356206893921,0.10908841341733932,1.4010578524903394e-05,0.4429034888744354
style,4,down_blocks.0.attentions.1.transformer_blocks.0.attn2.to_v.weight,15,0.5,0.7865234613418579,0.10911055654287338,1.2027404409309383e-05,0.443259596824646
style,4,down_blocks.0.attentions.1.transformer_blocks.0.attn2.to_v.weight,16,0.5,0.786181628704071,0.10913697630167007,1.1934960639337078e-05,0.44343262910842896
style,4,down_blocks.1.attentions.0.transformer_blocks.0.attn2.to_k.weight,1,0.5,0.7888895869255066,0.09940390288829803,0.00035599071998149157,0.46697184443473816
style,4,down_blocks.1.attentions.0.transformer_blocks.0.attn2.to_k.weight,2,0.5,0.7884867191314697,0.09935707598924637,4.019186962977983e-05,0.4669865071773529
style,4,down_blocks.1.attentions.0.transformer_blocks.0.attn2.to_k.weight,3,0.5,0.7881815433502197,0.09943344444036484,2.8435435524443164e-05,0.4670577347278595
style,4,down_blocks.1.attentions.0.transformer_blocks.0.attn2.to_k.weight,4,0.5,0.788104236125946,0.09938126057386398,2.5119376005022787e-05,0.4669753313064575
style,4,down_blocks.1.attentions.0.transformer_blocks.0.attn2.to_k.weight,5,0.5,0.7880818843841553,0.09948058426380157,2.682414742594119e-05,0.46728575229644775
style,4,down_blocks.1.attentions.0.transformer_blocks.0.attn2.to_k.weight,6,0.5,0.788311779499054,0.09935854375362396,2.5054301659110934e-05,0.4669796824455261
style,4,down_blocks.1.attentions.0.transformer_blocks.0.attn2.to_k.weight,7,0.5,0.7880452275276184,0.09948934614658356,2.5425013518542983e-05,0.4671863317489624
style,4,down_blocks.1.attentions.0.transformer_blocks.0.attn2.to_k.weight,8,0.5,0.7879313230514526,0.09936465322971344,2.540672903705854e-05,0.4671217203140259
style,4,down_blocks.1.attentions.0.transformer_blocks.0.attn2.to_k.weight,9,0.5,0.7882283329963684,0.09944403916597366,2.4317752831848338e-05,0.4672260880470276
style,4,down_blocks.1.attentions.0.transformer_blocks.0.attn2.to_k.weight,10,0.5,0.7880147099494934,0.09940390288829803,2.4144659619196318e-05,0.4671117663383484
style,4,down_blocks.1.attentions.0.transformer_blocks.0.attn2.to_k.weight,11,0.5,0.7882019281387329,0.0994461178779602,2.5793464374146424e-05,0.4671279788017273
style,4,down_blocks.1.attentions.0.transformer_blocks.0.attn2.to_k.weight,12,0.5,0.7882182002067566,0.09935463219881058,2.38463981077075e-05,0.4669952690601349
style,4,down_blocks.1.attentions.0.transformer_blocks.0.attn2.to_k.weight,13,0.5,0.78814697265625,0.09950054436922073,2.4904551537474617e-05,0.46725839376449585
style,4,down_blocks.1.attentions.0.transformer_blocks.0.attn2.to_k.weight,14,0.5,0.7879292964935303,0.09938205033540726,2.6988886020262726e-05,0.4671884775161743
style,4,down_blocks.1.attentions.0.transformer_blocks.0.attn2.to_k.weight,15,0.5,0.7880025506019592,0.09946347028017044,2.3377582692774013e-05,0.46720343828201294
style,4,down_blocks.1.attentions.0.transformer_blocks.0.attn2.to_k.weight,16,0.5,0.7880961298942566,0.0993749350309372,2.352416777284816e-05,0.46699774265289307
style,4,down_blocks.1.attentions.0.transformer_blocks.0.attn2.to_v.weight,1,0.5,0.7913675904273987,0.096598781645298,0.00012943707406520844,0.434070885181427
style,4,down_blocks.1.attentions.0.transformer_blocks.0.attn2.to_v.weight,2,0.5,0.7914815545082092,0.09657391905784607,2.0558965843520127e-05,0.43390214443206787
style,4,down_blocks.1.attentions.0.transformer_blocks.0.attn2.to_v.weight,3,0.5,0.7913452386856079,0.09662587940692902,1.4533417015627492e-05,0.4340764284133911
style,4,down_blocks.1.attentions.0.transformer_blocks.0.attn2.to_v.weight,4,0.5,0.7915099859237671,0.09663691371679306,1.3864369975635782e-05,0.43388670682907104
style,4,down_blocks.1.attentions.0.transformer_blocks.0.attn2.to_v.weight,5,0.5,0.7912882566452026,0.09666223078966141,1.3918613149144221e-05,0.4340990483760834
style,4,down_blocks.1.attentions.0.transformer_blocks.0.attn2.to_v.weight,6,0.5,0.791412353515625,0.09665468335151672,1.2939179214299656e-05,0.4339788854122162
style,4,down_blocks.1.attentions.0.transformer_blocks.0.attn2.to_v.weight,7,0.5,0.7910990118980408,0.09668384492397308,1.3346300875127781e-05,0.4340040981769562
style,4,down_blocks.1.attentions.0.transformer_blocks.0.attn2.to_v.weight,8,0.5,0.7917236089706421,0.0966348871588707,1.3269051123643294e-05,0.4339648187160492
style,4,down_blocks.1.attentions.0.transformer_blocks.0.attn2.to_v.weight,9,0.5,0.7910705804824829,0.09668650478124619,1.2636021892831195e-05,0.4340904653072357
style,4,down_blocks.1.attentions.0.transformer_blocks.0.attn2.to_v.weight,10,0.5,0.7916707396507263,0.09665022045373917,1.2916555533593055e-05,0.4339081943035126
style,4,down_blocks.1.attentions.0.transformer_blocks.0.attn2.to_v.weight,11,0.5,0.7911926507949829,0.09667710959911346,1.3350908375286963e-05,0.4339875876903534
style,4,down_blocks.1.attentions.0.transformer_blocks.0.attn2.to_v.weight,12,0.5,0.7914631962776184,0.09664225578308105,1.1959360563196242e-05,0.43411511182785034
style,4,down_blocks.1.attentions.0.transformer_blocks.0.attn2.to_v.weight,13,0.5,0.7912455201148987,0.09668586403131485,1.3297240002430044e-05,0.43401387333869934
style,4,down_blocks.1.attentions.0.transformer_blocks.0.attn2.to_v.weight,14,0.5,0.7915588617324829,0.0966542512178421,1.3661549928656314e-05,0.43396469950675964
style,4,down_blocks.1.attentions.0.transformer_blocks.0.attn2.to_v.weight,15,0.5,0.7911397218704224,0.09665100276470184,1.1917876690858975e-05,0.43407878279685974
style,4,down_blocks.1.attentions.0.transformer_blocks.0.attn2.to_v.weight,16,0.5,0.7915608882904053,0.09666532278060913,1.267418065253878e-05,0.43390077352523804
style,4,down_blocks.1.attentions.1.transformer_blocks.0.attn2.to_k.weight,1,0.5,0.7883748412132263,0.11264408379793167,0.0003395330277271569,0.507326602935791
style,4,down_blocks.1.attentions.1.transformer_blocks.0.attn2.to_k.weight,2,0.5,0.7889750003814697,0.11246059089899063,5.071430132375099e-05,0.5072287321090698
style,4,down_blocks.1.attentions.1.transformer_blocks.0.attn2.to_k.weight,3,0.5,0.78802490234375,0.11259458214044571,3.488736547296867e-05,0.5079050660133362
style,4,down_blocks.1.attentions.1.transformer_blocks.0.attn2.to_k.weight,4,0.5,0.7886189818382263,0.112533800303936,3.599514457164332e-05,0.5072338581085205
style,4,down_blocks.1.attentions.1.transformer_blocks.0.attn2.to_k.weight,5,0.5,0.7882751226425171,0.1125498041510582,3.432152880122885e-05,0.5075265765190125
style,4,down_blocks.1.attentions.1.transformer_blocks.0.attn2.to_k.weight,6,0.5,0.788482666015625,0.11256376653909683,3.408408520044759e-05,0.5074231624603271
style,4,down_blocks.1.attentions.1.transformer_blocks.0.attn2.to_k.weight,7,0.5,0.7887593507766724,0.11260006576776505,3.414073944441043e-05,0.5077192187309265
style,4,down_blocks.1.attentions.1.transformer_blocks.0.attn2.to_k.weight,8,0.5,0.7884582281112671,0.11253512650728226,3.1083705835044384e-05,0.5075924396514893
style,4,down_blocks.1.attentions.1.transformer_blocks.0.attn2.to_k.weight,9,0.5,0.788189709186554,0.11259791254997253,3.377947359695099e-05,0.5074638724327087
style,4,down_blocks.1.attentions.1.transformer_blocks.0.attn2.to_k.weight,10,0.5,0.7886677980422974,0.11255528032779694,3.18244710797444e-05,0.5074239373207092
style,4,down_blocks.1.attentions.1.transformer_blocks.0.attn2.to_k.weight,11,0.5,0.7888733148574829,0.11256767064332962,3.3619206078583375e-05,0.5075011849403381
style,4,down_blocks.1.attentions.1.transformer_blocks.0.attn2.to_k.weight,12,0.5,0.7888529300689697,0.11253733187913895,3.0920225981390104e-05,0.5075203776359558
style,4,down_blocks.1.attentions.1.transformer_blocks.0.attn2.to_k.weight,13,0.5,0.7877563238143921,0.11265575885772705,3.181991633027792e-05,0.5078241229057312
style,4,down_blocks.1.attentions.1.transformer_blocks.0.attn2.to_k.weight,14,0.5,0.788769543170929,0.11251045763492584,3.659836875158362e-05,0.5072757601737976
style,4,down_blocks.1.attentions.1.transformer_blocks.0.attn2.to_k.weight,15,0.5,0.7883585691452026,0.11259503662586212,3.046654092031531e-05,0.5077744126319885
style,4,down_blocks.1.attentions.1.transformer_blocks.0.attn2.to_k.weight,16,0.5,0.788739025592804,0.11255437880754471,3.2089967135107145e-05,0.5073047876358032
style,4,down_blocks.1.attentions.1.transformer_blocks.0.attn2.to_v.weight,1,0.5,0.7896728515625,0.09525944292545319,0.00010744581959443167,0.42443209886550903
style,4,down_blocks.1.attentions.1.transformer_blocks.0.attn2.to_v.weight,2,0.5,0.789807140827179,0.09507335722446442,2.4437345928163268e-05,0.42407360672950745
style,4,down_blocks.1.attentions.1.transformer_blocks.0.attn2.to_v.weight,3,0.5,0.7894653081893921,0.09516238421201706,1.7918711819220334e-05,0.42414340376853943
style,4,down_blocks.1.attentions.1.transformer_blocks.0.attn2.to_v.weight,4,0.5,0.789654552936554,0.09503607451915741,1.6387455616495572e-05,0.4238014817237854
style,4,down_blocks.1.attentions.1.transformer_blocks.0.attn2.to_v.weight,5,0.5,0.7903279662132263,0.09508290886878967,1.649585465202108e-05,0.42404964566230774
style,4,down_blocks.1.attentions.1.transformer_blocks.0.attn2.to_v.weight,6,0.5,0.7893778681755066,0.09505200386047363,1.6143458196893334e-05,0.4238206744194031
style,4,down_blocks.1.attentions.1.transformer_blocks.0.attn2.to_v.weight,7,0.5,0.7895304560661316,0.09508727490901947,1.6333413441316225e-05,0.4240823984146118
style,4,down_blocks.1.attentions.1.transformer_blocks.0.attn2.to_v.weight,8,0.5,0.7900777459144592,0.09500302374362946,1.5741623428766616e-05,0.42379453778266907
style,4,down_blocks.1.attentions.1.transformer_blocks.0.attn2.to_v.weight,9,0.5,0.7900593876838684,0.09513181447982788,1.507422075519571e-05,0.42404502630233765
style,4,down_blocks.1.attentions.1.transformer_blocks.0.attn2.to_v.weight,10,0.5,0.7893391847610474,0.0950528159737587,1.60597719514044e-05,0.4237453043460846
style,4,down_blocks.1.attentions.1.transformer_blocks.0.attn2.to_v.weight,11,0.5,0.78973388671875,0.09508310258388519,1.6374533515772782e-05,0.42407962679862976
style,4,down_blocks.1.attentions.1.transformer_blocks.0.attn2.to_v.weight,12,0.5,0.7895589470863342,0.09506174176931381,1.4877901776344515e-05,0.42389747500419617
style,4,down_blocks.1.attentions.1.transformer_blocks.0.attn2.to_v.weight,13,0.5,0.7902608513832092,0.09507371485233307,1.5670892025809735e-05,0.4239514172077179
style,4,down_blocks.1.attentions.1.transformer_blocks.0.attn2.to_v.weight,14,0.5,0.789752185344696,0.09501783549785614,1.6497358956257813e-05,0.4236673414707184
style,4,down_blocks.1.attentions.1.transformer_blocks.0.attn2.to_v.weight,15,0.5,0.7897257208824158,0.0950724184513092,1.5090114175109193e-05,0.424082487821579
style,4,down_blocks.1.attentions.1.transformer_blocks.0.attn2.to_v.weight,16,0.5,0.7897359132766724,0.09503287822008133,1.5443569282069802e-05,0.42369985580444336
style,4,down_blocks.2.attentions.0.transformer_blocks.0.attn2.to_k.weight,1,0.5,0.7913320064544678,0.09559782594442368,0.0002723142388276756,0.4632832407951355
style,4,down_blocks.2.attentions.0.transformer_blocks.0.attn2.to_k.weight,2,0.5,0.7910359501838684,0.09560535848140717,2.6327712475904264e-05,0.4632855951786041
style,4,down_blocks.2.attentions.0.transformer_blocks.0.attn2.to_k.weight,3,0.5,0.7905232906341553,0.09562835842370987,1.722822526062373e-05,0.4632313549518585
style,4,down_blocks.2.attentions.0.transformer_blocks.0.attn2.to_k.weight,4,0.5,0.7909169793128967,0.09558890759944916,1.633054853300564e-05,0.4632026255130768
style,4,down_blocks.2.attentions.0.transformer_blocks.0.attn2.to_k.weight,5,0.5,0.7908162474632263,0.09562864154577255,1.8245342289446853e-05,0.4632435441017151
style,4,down_blocks.2.attentions.0.transformer_blocks.0.attn2.to_k.weight,6,0.5,0.7908080816268921,0.09561683237552643,1.5228054508042987e-05,0.4631552994251251
style,4,down_blocks.2.attentions.0.transformer_blocks.0.attn2.to_k.weight,7,0.5,0.7909586429595947,0.09559597074985504,1.6391124518122524e-05,0.4632164239883423
style,4,down_blocks.2.attentions.0.transformer_blocks.0.attn2.to_k.weight,8,0.5,0.7907623052597046,0.0956190899014473,1.5717108908575028e-05,0.46334120631217957
style,4,down_blocks.2.attentions.0.transformer_blocks.0.attn2.to_k.weight,9,0.5,0.79083251953125,0.09562759846448898,1.6360960216843523e-05,0.4631706476211548
style,4,down_blocks.2.attentions.0.transformer_blocks.0.attn2.to_k.weight,10,0.5,0.7909250855445862,0.09560925513505936,1.663777402427513e-05,0.46318408846855164
style,4,down_blocks.2.attentions.0.transformer_blocks.0.attn2.to_k.weight,11,0.5,0.7907134890556335,0.09561724215745926,1.5765013813506812e-05,0.46324583888053894
style,4,down_blocks.2.attentions.0.transformer_blocks.0.attn2.to_k.weight,12,0.5,0.7908935546875,0.09560010582208633,1.5227570656861644e-05,0.46317243576049805
style,4,down_blocks.2.attentions.0.transformer_blocks.0.attn2.to_k.weight,13,0.5,0.7908518314361572,0.09559763967990875,1.722737761156168e-05,0.46320077776908875
style,4,down_blocks.2.attentions.0.transformer_blocks.0.attn2.to_k.weight,14,0.5,0.7909311652183533,0.09560844302177429,1.613024687685538e-05,0.4632359743118286
style,4,down_blocks.2.attentions.0.transformer_blocks.0.attn2.to_k.weight,15,0.5,0.7908101677894592,0.09562700241804123,1.341672850685427e-05,0.4632849097251892
style,4,down_blocks.2.attentions.0.transformer_blocks.0.attn2.to_k.weight,16,0.5,0.7907175421714783,0.09560089558362961,1.7333361029159278e-05,0.46319055557250977
style,4,down_blocks.2.attentions.0.transformer_blocks.0.attn2.to_v.weight,1,0.5,0.792065441608429,0.0945301353931427,0.00017252334509976208,0.4361526370048523
style,4,down_blocks.2.attentions.0.transformer_blocks.0.attn2.to_v.weight,2,0.5,0.7919596433639526,0.09452319890260696,1.5034411262604408e-05,0.43626558780670166
style,4,down_blocks.2.attentions.0.transformer_blocks.0.attn2.to_v.weight,3,0.5,0.7919962406158447,0.09448976069688797,1.0256486348225735e-05,0.4362097978591919
style,4,down_blocks.2.attentions.0.transformer_blocks.0.attn2.to_v.weight,4,0.5,0.7921203374862671,0.09449464827775955,9.929280167852994e-06,0.43611136078834534
style,4,down_blocks.2.attentions.0.transformer_blocks.0.attn2.to_v.weight,5,0.5,0.7918650507926941,0.0945090651512146,9.69294342212379e-06,0.43624377250671387
style,4,down_blocks.2.attentions.0.transformer_blocks.0.attn2.to_v.weight,6,0.5,0.7920542359352112,0.09448154270648956,8.8705737653072e-06,0.43612730503082275
style,4,down_blocks.2.attentions.0.transformer_blocks.0.attn2.to_v.weight,7,0.5,0.7921081781387329,0.0944843739271164,9.37904496822739e-06,0.43609413504600525
style,4,down_blocks.2.attentions.0.transformer_blocks.0.attn2.to_v.weight,8,0.5,0.7919576168060303,0.09449545294046402,9.191802746499889e-06,0.4361775517463684
style,4,down_blocks.2.attentions.0.transformer_blocks.0.attn2.to_v.weight,9,0.5,0.7919219732284546,0.09449897706508636,8.533785148756579e-06,0.43621113896369934
style,4,down_blocks.2.attentions.0.transformer_blocks.0.attn2.to_v.weight,10,0.5,0.7919667363166809,0.0944921225309372,9.229112038156018e-06,0.4361162483692169
style,4,down_blocks.2.attentions.0.transformer_blocks.0.attn2.to_v.weight,11,0.5,0.7918935418128967,0.09449198842048645,9.179258995573036e-06,0.4361918568611145
style,4,down_blocks.2.attentions.0.transformer_blocks.0.attn2.to_v.weight,12,0.5,0.79217529296875,0.09448021650314331,8.371744115720503e-06,0.43613141775131226
style,4,down_blocks.2.attentions.0.transformer_blocks.0.attn2.to_v.weight,13,0.5,0.7920145392417908,0.09449020028114319,9.313330338045489e-06,0.43613579869270325
style,4,down_blocks.2.attentions.0.transformer_blocks.0.attn2.to_v.weight,14,0.5,0.7920379638671875,0.09448862075805664,9.230458090314642e-06,0.4361846446990967
style,4,down_blocks.2.attentions.0.transformer_blocks.0.attn2.to_v.weight,15,0.5,0.7919749021530151,0.09447943419218063,8.112619980238378e-06,0.4361850321292877
style,4,down_blocks.2.attentions.0.transformer_blocks.0.attn2.to_v.weight,16,0.5,0.7920114994049072,0.09449993818998337,9.258407771994825e-06,0.4361201822757721
style,4,down_blocks.2.attentions.1.transformer_blocks.0.attn2.to_k.weight,1,0.5,0.7912852168083191,0.09666299819946289,0.00029037162312306464,0.45532265305519104
style,4,down_blocks.2.attentions.1.transformer_blocks.0.attn2.to_k.weight,2,0.5,0.7916361689567566,0.0966627225279808,2.974323433591053e-05,0.4551596939563751
style,4,down_blocks.2.attentions.1.transformer_blocks.0.attn2.to_k.weight,3,0.5,0.7915761470794678,0.09667065739631653,2.0737095837830566e-05,0.45529595017433167
style,4,down_blocks.2.attentions.1.transformer_blocks.0.attn2.to_k.weight,4,0.5,0.7914408445358276,0.09667868167161942,1.8849859770853072e-05,0.4552019238471985
style,4,down_blocks.2.attentions.1.transformer_blocks.0.attn2.to_k.weight,5,0.5,0.7914143800735474,0.09670007228851318,1.7561138520250097e-05,0.4553951323032379
style,4,down_blocks.2.attentions.1.transformer_blocks.0.attn2.to_k.weight,6,0.5,0.7914438843727112,0.0966816246509552,1.7347470929962583e-05,0.45520687103271484
style,4,down_blocks.2.attentions.1.transformer_blocks.0.attn2.to_k.weight,7,0.5,0.7912943363189697,0.096702441573143,1.8249904314870946e-05,0.4553387761116028
style,4,down_blocks.2.attentions.1.transformer_blocks.0.attn2.to_k.weight,8,0.5,0.7915903925895691,0.09671444445848465,1.788299596228171e-05,0.4553387761116028
style,4,down_blocks.2.attentions.1.transformer_blocks.0.attn2.to_k.weight,9,0.5,0.7913055419921875,0.09670046716928482,1.606694422662258e-05,0.4553848206996918
style,4,down_blocks.2.attentions.1.transformer_blocks.0.attn2.to_k.weight,10,0.5,0.7914347052574158,0.09669468551874161,1.774072188709397e-05,0.45527511835098267
style,4,down_blocks.2.attentions.1.transformer_blocks.0.attn2.to_k.weight,11,0.5,0.7912933230400085,0.09671590477228165,1.7653106624493375e-05,0.4554236829280853
style,4,down_blocks.2.attentions.1.transformer_blocks.0.attn2.to_k.weight,12,0.5,0.7915567755699158,0.09669166058301926,1.6366608178941533e-05,0.4552311599254608
style,4,down_blocks.2.attentions.1.transformer_blocks.0.attn2.to_k.weight,13,0.5,0.7912587523460388,0.09670311212539673,1.6556661648792215e-05,0.455353319644928
style,4,down_blocks.2.attentions.1.transformer_blocks.0.attn2.to_k.weight,14,0.5,0.7915181517601013,0.09670162200927734,1.873733344837092e-05,0.4552624821662903
style,4,down_blocks.2.attentions.1.transformer_blocks.0.attn2.to_k.weight,15,0.5,0.7914326786994934,0.09671289473772049,1.6423653505626135e-05,0.45543089509010315
style,4,down_blocks.2.attentions.1.transformer_blocks.0.attn2.to_k.weight,16,0.5,0.7913787961006165,0.09669908136129379,1.673258338996675e-05,0.45526158809661865
style,4,down_blocks.2.attentions.1.transformer_blocks.0.attn2.to_v.weight,1,0.5,0.7920684814453125,0.10108824819326401,0.0001798166922526434,0.4401187002658844
style,4,down_blocks.2.attentions.1.transformer_blocks.0.attn2.to_v.weight,2,0.5,0.7923055291175842,0.1011071503162384,1.887668258859776e-05,0.440402626991272
style,4,down_blocks.2.attentions.1.transformer_blocks.0.attn2.to_v.weight,3,0.5,0.7918456792831421,0.10112694650888443,1.243919996340992e-05,0.44024011492729187
style,4,down_blocks.2.attentions.1.transformer_blocks.0.attn2.to_v.weight,4,0.5,0.7923187017440796,0.10109768062829971,1.2153288480476476e-05,0.44038519263267517
style,4,down_blocks.2.attentions.1.transformer_blocks.0.attn2.to_v.weight,5,0.5,0.7919016480445862,0.1011311337351799,1.2530550520750694e-05,0.44038939476013184
style,4,down_blocks.2.attentions.1.transformer_blocks.0.attn2.to_v.weight,6,0.5,0.7923502326011658,0.10111542791128159,1.09136599348858e-05,0.44038504362106323
style,4,down_blocks.2.attentions.1.transformer_blocks.0.attn2.to_v.weight,7,0.5,0.7917622923851013,0.101127028465271,1.1402459676901344e-05,0.4402805268764496
style,4,down_blocks.2.attentions.1.transformer_blocks.0.attn2.to_v.weight,8,0.5,0.7923807501792908,0.1011207103729248,1.1561204701138195e-05,0.4404211938381195
style,4,down_blocks.2.attentions.1.transformer_blocks.0.attn2.to_v.weight,9,0.5,0.7918436527252197,0.10112962871789932,1.1105812518508174e-05,0.4403199553489685
style,4,down_blocks.2.attentions.1.transformer_blocks.0.attn2.to_v.weight,10,0.5,0.7923176884651184,0.10110080242156982,1.1494225873320829e-05,0.44040700793266296
style,4,down_blocks.2.attentions.1.transformer_blocks.0.attn2.to_v.weight,11,0.5,0.7918416261672974,0.10115702450275421,1.1511835509736557e-05,0.4403349757194519
style,4,down_blocks.2.attentions.1.transformer_blocks.0.attn2.to_v.weight,12,0.5,0.7921854853630066,0.10111936926841736,1.0005188414652366e-05,0.4404422640800476
style,4,down_blocks.2.attentions.1.transformer_blocks.0.attn2.to_v.weight,13,0.5,0.7918731570243835,0.10112693160772324,1.1572434232220985e-05,0.4402655065059662
style,4,down_blocks.2.attentions.1.transformer_blocks.0.attn2.to_v.weight,14,0.5,0.7923197150230408,0.10111476480960846,1.212203915201826e-05,0.44050532579421997
style,4,down_blocks.2.attentions.1.transformer_blocks.0.attn2.to_v.weight,15,0.5,0.7919098138809204,0.10114111751317978,1.0304011084372178e-05,0.4402863085269928
style,4,down_blocks.2.attentions.1.transformer_blocks.0.attn2.to_v.weight,16,0.5,0.792370617389679,0.10110189020633698,1.0898565960815176e-05,0.44030267000198364
style,4,up_blocks.1.attentions.0.transformer_blocks.0.attn2.to_k.weight,1,0.5,0.7919972538948059,0.09523437917232513,0.0003070957900490612,0.44538819789886475
style,4,up_blocks.1.attentions.0.transformer_blocks.0.attn2.to_k.weight,2,0.5,0.7920755743980408,0.09518833458423615,2.3237775167217478e-05,0.4451722502708435
style,4,up_blocks.1.attentions.0.transformer_blocks.0.attn2.to_k.weight,3,0.5,0.7919769287109375,0.09523051977157593,1.566022001497913e-05,0.4452451467514038
style,4,up_blocks.1.attentions.0.transformer_blocks.0.attn2.to_k.weight,4,0.5,0.7922230958938599,0.09520603716373444,1.42957524076337e-05,0.4452199935913086
style,4,up_blocks.1.attentions.0.transformer_blocks.0.attn2.to_k.weight,5,0.5,0.791888415813446,0.09522587060928345,1.467253878217889e-05,0.4452228248119354
style,4,up_blocks.1.attentions.0.transformer_blocks.0.attn2.to_k.weight,6,0.5,0.7921682000160217,0.09519673883914948,1.4647082025476266e-05,0.4452216923236847
style,4,up_blocks.1.attentions.0.transformer_blocks.0.attn2.to_k.weight,7,0.5,0.7919677495956421,0.09522292017936707,1.4942881534807384e-05,0.44526007771492004
style,4,up_blocks.1.attentions.0.transformer_blocks.0.attn2.to_k.weight,8,0.5,0.7921030521392822,0.09519040584564209,1.4223581274563912e-05,0.44519665837287903
style,4,up_blocks.1.attentions.0.transformer_blocks.0.attn2.to_k.weight,9,0.5,0.7919576168060303,0.09522037953138351,1.3510084500012454e-05,0.44517838954925537
style,4,up_blocks.1.attentions.0.transformer_blocks.0.attn2.to_k.weight,10,0.5,0.7922607660293579,0.09519943594932556,1.3485037015925627e-05,0.4452953636646271
style,4,up_blocks.1.attentions.0.transformer_blocks.0.attn2.to_k.weight,11,0.5,0.7919209599494934,0.09523197263479233,1.4753386494703591e-05,0.44524988532066345
style,4,up_blocks.1.attentions.0.transformer_blocks.0.attn2.to_k.weight,12,0.5,0.7921823859214783,0.0951746329665184,1.3650834262080025e-05,0.44516071677207947
style,4,up_blocks.1.attentions.0.transformer_blocks.0.attn2.to_k.weight,13,0.5,0.7919281125068665,0.09522482752799988,1.475784392823698e-05,0.44531166553497314
style,4,up_blocks.1.attentions.0.transformer_blocks.0.attn2.to_k.weight,14,0.5,0.7921040654182434,0.09519806504249573,1.4138163351162802e-05,0.44515934586524963
style,4,up_blocks.1.attentions.0.transformer_blocks.0.attn2.to_k.weight,15,0.5,0.7921254634857178,0.0952257364988327,1.2100278581783641e-05,0.4452182948589325
style,4,up_blocks.1.attentions.0.transformer_blocks.0.attn2.to_k.weight,16,0.5,0.7922383546829224,0.09520016610622406,1.4458882105827797e-05,0.44527679681777954
style,4,up_blocks.1.attentions.0.transformer_blocks.0.attn2.to_v.weight,1,0.5,0.7909220457077026,0.09965722262859344,0.0002262704656459391,0.4386029541492462
style,4,up_blocks.1.attentions.0.transformer_blocks.0.attn2.to_v.weight,2,0.5,0.7908976078033447,0.09967385977506638,1.8392398487776518e-05,0.4386056959629059
style,4,up_blocks.1.attentions.0.transformer_blocks.0.attn2.to_v.weight,3,0.5,0.7908315062522888,0.09965263307094574,1.2532404070952907e-05,0.43854424357414246
style,4,up_blocks.1.attentions.0.transformer_blocks.0.attn2.to_v.weight,4,0.5,0.7909464240074158,0.09970379620790482,1.0869198376894929e-05,0.4386252760887146
style,4,up_blocks.1.attentions.0.transformer_blocks.0.attn2.to_v.weight,5,0.5,0.790753185749054,0.09967098385095596,1.24282632896211e-05,0.43863382935523987
style,4,up_blocks.1.attentions.0.transformer_blocks.0.attn2.to_v.weight,6,0.5,0.7907633185386658,0.0996728390455246,1.1783107765950263e-05,0.4386883080005646
style,4,up_blocks.1.attentions.0.transformer_blocks.0.attn2.to_v.weight,7,0.5,0.79083251953125,0.09966523200273514,1.0976580597343855e-05,0.4385038912296295
style,4,up_blocks.1.attentions.0.transformer_blocks.0.attn2.to_v.weight,8,0.5,0.7909260988235474,0.09966234117746353,1.094547042157501e-05,0.43863382935523987
style,4,up_blocks.1.attentions.0.transformer_blocks.0.attn2.to_v.weight,9,0.5,0.7907633185386658,0.09967923909425735,1.1461562280601356e-05,0.43861889839172363
style,4,up_blocks.1.attentions.0.transformer_blocks.0.attn2.to_v.weight,10,0.5,0.7908233404159546,0.0996844470500946,1.1243461813137401e-05,0.4386395215988159
style,4,up_blocks.1.attentions.0.transformer_blocks.0.attn2.to_v.weight,11,0.5,0.7907694578170776,0.09965872764587402,1.151520245912252e-05,0.438537061214447
style,4,up_blocks.1.attentions.0.transformer_blocks.0.attn2.to_v.weight,12,0.5,0.790942370891571,0.09965797513723373,1.0615744031383656e-05,0.43856388330459595
style,4,up_blocks.1.attentions.0.transformer_blocks.0.attn2.to_v.weight,13,0.5,0.7908915281295776,0.0996699333190918,1.0942021617665887e-05,0.4385751485824585
style,4,up_blocks.1.attentions.0.transformer_blocks.0.attn2.to_v.weight,14,0.5,0.7909138798713684,0.0996711254119873,1.2507798601291142e-05,0.43870028853416443
style,4,up_blocks.1.attentions.0.transformer_blocks.0.attn2.to_v.weight,15,0.5,0.7907745242118835,0.09965871274471283,1.0582633876765613e-05,0.43853986263275146
style,4,up_blocks.1.attentions.0.transformer_blocks.0.attn2.to_v.weight,16,0.5,0.7909393310546875,0.09967607259750366,1.0023590220953338e-05,0.43859994411468506
style,4,up_blocks.1.attentions.1.transformer_blocks.0.attn2.to_k.weight,1,0.5,0.7921732664108276,0.09912661463022232,0.0003238653007429093,0.4479365348815918
style,4,up_blocks.1.attentions.1.transformer_blocks.0.attn2.to_k.weight,2,0.5,0.7919576168060303,0.09912855178117752,2.022557964664884e-05,0.4478151798248291
style,4,up_blocks.1.attentions.1.transformer_blocks.0.attn2.to_k.weight,3,0.5,0.791729748249054,0.09911677986383438,1.3541818589146715e-05,0.4478151798248291
style,4,up_blocks.1.attentions.1.transformer_blocks.0.attn2.to_k.weight,4,0.5,0.79193115234375,0.09910822659730911,1.2240281648701057e-05,0.4478115439414978
style,4,up_blocks.1.attentions.1.transformer_blocks.0.attn2.to_k.weight,5,0.5,0.7917693853378296,0.09912672638893127,1.3092110748402774e-05,0.447873592376709
style,4,up_blocks.1.attentions.1.transformer_blocks.0.attn2.to_k.weight,6,0.5,0.7918294072151184,0.09911657869815826,1.223975505126873e-05,0.4478471875190735
style,4,up_blocks.1.attentions.1.transformer_blocks.0.attn2.to_k.weight,7,0.5,0.7919667363166809,0.0991205945611,1.1927240848308429e-05,0.4479101598262787
style,4,up_blocks.1.attentions.1.transformer_blocks.0.attn2.to_k.weight,8,0.5,0.7916930913925171,0.09910908341407776,1.252299716725247e-05,0.44787290692329407
style,4,up_blocks.1.attentions.1.transformer_blocks.0.attn2.to_k.weight,9,0.5,0.7918182611465454,0.09911539405584335,1.1352552064636257e-05,0.4478498101234436
style,4,up_blocks.1.attentions.1.transformer_blocks.0.attn2.to_k.weight,10,0.5,0.7920674681663513,0.09911105036735535,1.1499505490064621e-05,0.4478532075881958
style,4,up_blocks.1.attentions.1.transformer_blocks.0.attn2.to_k.weight,11,0.5,0.7917083501815796,0.09912109375,1.2939824955537915e-05,0.4479650855064392
style,4,up_blocks.1.attentions.1.transformer_blocks.0.attn2.to_k.weight,12,0.5,0.7917988896369934,0.09910557419061661,1.1314748917357065e-05,0.4478461742401123
style,4,up_blocks.1.attentions.1.transformer_blocks.0.attn2.to_k.weight,13,0.5,0.7919169068336487,0.09912582486867905,1.1424654076108709e-05,0.44790536165237427
style,4,up_blocks.1.attentions.1.transformer_blocks.0.attn2.to_k.weight,14,0.5,0.7918283939361572,0.0991118922829628,1.3173272236599587e-05,0.4478689432144165
style,4,up_blocks.1.attentions.1.transformer_blocks.0.attn2.to_k.weight,15,0.5,0.7918131351470947,0.099111407995224,1.0754645700217225e-05,0.4478782117366791
style,4,up_blocks.1.attentions.1.transformer_blocks.0.attn2.to_k.weight,16,0.5,0.7918955683708191,0.09911192953586578,1.1444679330452345e-05,0.4479343891143799
style,4,up_blocks.1.attentions.1.transformer_blocks.0.attn2.to_v.weight,1,0.5,0.7929524779319763,0.1014682725071907,0.00025211283355019987,0.42967504262924194
style,4,up_blocks.1.attentions.1.transformer_blocks.0.attn2.to_v.weight,2,0.5,0.7933787107467651,0.10139375925064087,1.9694411093951203e-05,0.42954760789871216
style,4,up_blocks.1.attentions.1.transformer_blocks.0.attn2.to_v.weight,3,0.5,0.7930023074150085,0.10145259648561478,1.3072940419078805e-05,0.4295566976070404
style,4,up_blocks.1.attentions.1.transformer_blocks.0.attn2.to_v.weight,4,0.5,0.7933461666107178,0.1013992577791214,1.2293440704524983e-05,0.42948243021965027
style,4,up_blocks.1.attentions.1.transformer_blocks.0.attn2.to_v.weight,5,0.5,0.792950451374054,0.10145562142133713,1.2766249710693955e-05,0.42956429719924927
style,4,up_blocks.1.attentions.1.transformer_blocks.0.attn2.to_v.weight,6,0.5,0.7932891845703125,0.10141002386808395,1.1205739610886667e-05,0.4295192360877991
style,4,up_blocks.1.attentions.1.transformer_blocks.0.attn2.to_v.weight,7,0.5,0.7929931879043579,0.10146106779575348,1.1590728718147147e-05,0.4296484887599945
style,4,up_blocks.1.attentions.1.transformer_blocks.0.attn2.to_v.weight,8,0.5,0.793182373046875,0.10142440348863602,1.0889203622355126e-05,0.42942970991134644
style,4,up_blocks.1.attentions.1.transformer_blocks.0.attn2.to_v.weight,9,0.5,0.7930887937545776,0.10145848244428635,1.1086026461271103e-05,0.4296506345272064
style,4,up_blocks.1.attentions.1.transformer_blocks.0.attn2.to_v.weight,10,0.5,0.7933573126792908,0.10141195356845856,1.1735101907106582e-05,0.4294517934322357
style,4,up_blocks.1.attentions.1.transformer_blocks.0.attn2.to_v.weight,11,0.5,0.7929107546806335,0.10146714746952057,1.1179904504388105e-05,0.4296053647994995
style,4,up_blocks.1.attentions.1.transformer_blocks.0.attn2.to_v.weight,12,0.5,0.7933074831962585,0.10142149776220322,1.0255627785227261e-05,0.4294792711734772
style,4,up_blocks.1.attentions.1.transformer_blocks.0.attn2.to_v.weight,13,0.5,0.7929657101631165,0.10146010667085648,1.1547569556569215e-05,0.4295988976955414
style,4,up_blocks.1.attentions.1.transformer_blocks.0.attn2.to_v.weight,14,0.5,0.7932078242301941,0.10141517221927643,1.1822154192486778e-05,0.4294651746749878
style,4,up_blocks.1.attentions.1.transformer_blocks.0.attn2.to_v.weight,15,0.5,0.7930918335914612,0.10146341472864151,1.0330140867154114e-05,0.4296197295188904
style,4,up_blocks.1.attentions.1.transformer_blocks.0.attn2.to_v.weight,16,0.5,0.7931731939315796,0.10142142325639725,1.0949547686323058e-05,0.42946431040763855
style,4,up_blocks.1.attentions.2.transformer_blocks.0.attn2.to_k.weight,1,0.5,0.7914062738418579,0.09597758948802948,0.00032504100818187,0.45189380645751953
style,4,up_blocks.1.attentions.2.transformer_blocks.0.attn2.to_k.weight,2,0.5,0.7913503050804138,0.09598380327224731,2.4410077458014712e-05,0.45205721259117126
style,4,up_blocks.1.attentions.2.transformer_blocks.0.attn2.to_k.weight,3,0.5,0.7913828492164612,0.09599694609642029,1.7858390492619947e-05,0.4520062506198883
style,4,up_blocks.1.attentions.2.transformer_blocks.0.attn2.to_k.weight,4,0.5,0.7911387085914612,0.0959760844707489,1.650372360018082e-05,0.4519073963165283
style,4,up_blocks.1.attentions.2.transformer_blocks.0.attn2.to_k.weight,5,0.5,0.7912790775299072,0.09598268568515778,1.8292805179953575e-05,0.4520057737827301
style,4,up_blocks.1.attentions.2.transformer_blocks.0.attn2.to_k.weight,6,0.5,0.7913879156112671,0.09596992284059525,1.7476664652349427e-05,0.451856791973114
style,4,up_blocks.1.attentions.2.transformer_blocks.0.attn2.to_k.weight,7,0.5,0.7914225459098816,0.0959915965795517,1.637335844861809e-05,0.4519830048084259
style,4,up_blocks.1.attentions.2.transformer_blocks.0.attn2.to_k.weight,8,0.5,0.7911794185638428,0.09597564488649368,1.5965051716193557e-05,0.4519844651222229
style,4,up_blocks.1.attentions.2.transformer_blocks.0.attn2.to_k.weight,9,0.5,0.7913747429847717,0.09597533196210861,1.7095522707677446e-05,0.45190906524658203
style,4,up_blocks.1.attentions.2.transformer_blocks.0.attn2.to_k.weight,10,0.5,0.7913004755973816,0.09597709029912949,1.6399169908254407e-05,0.4519180655479431
style,4,up_blocks.1.attentions.2.transformer_blocks.0.attn2.to_k.weight,11,0.5,0.7913594841957092,0.09598182141780853,1.729507857817225e-05,0.45199310779571533
style,4,up_blocks.1.attentions.2.transformer_blocks.0.attn2.to_k.weight,12,0.5,0.7913075685501099,0.0959651917219162,1.5654108210583217e-05,0.4519025981426239
style,4,up_blocks.1.attentions.2.transformer_blocks.0.attn2.to_k.weight,13,0.5,0.7912557125091553,0.09597426652908325,1.67438447533641e-05,0.45188379287719727
style,4,up_blocks.1.attentions.2.transformer_blocks.0.attn2.to_k.weight,14,0.5,0.7914031744003296,0.09597951173782349,1.743307257129345e-05,0.4519464075565338
style,4,up_blocks.1.attentions.2.transformer_blocks.0.attn2.to_k.weight,15,0.5,0.7914062738418579,0.09597694873809814,1.5771285688970238e-05,0.451956570148468
style,4,up_blocks.1.attentions.2.transformer_blocks.0.attn2.to_k.weight,16,0.5,0.7911590337753296,0.09597422182559967,1.5486843039980158e-05,0.45187708735466003
style,4,up_blocks.1.attentions.2.transformer_blocks.0.attn2.to_v.weight,1,0.5,0.7901703119277954,0.09831426292657852,0.0002322423824807629,0.42550989985466003
style,4,up_blocks.1.attentions.2.transformer_blocks.0.attn2.to_v.weight,2,0.5,0.7903249263763428,0.09831684082746506,2.2138256099424325e-05,0.4254070222377777
style,4,up_blocks.1.attentions.2.transformer_blocks.0.attn2.to_v.weight,3,0.5,0.7900410890579224,0.09832165390253067,1.4511163499264512e-05,0.42545199394226074
style,4,up_blocks.1.attentions.2.transformer_blocks.0.attn2.to_v.weight,4,0.5,0.7902486324310303,0.09833124279975891,1.3682280950888526e-05,0.42554718255996704
style,4,up_blocks.1.attentions.2.transformer_blocks.0.attn2.to_v.weight,5,0.5,0.7902129888534546,0.09830694645643234,1.3428057172859553e-05,0.4254125952720642
style,4,up_blocks.1.attentions.2.transformer_blocks.0.attn2.to_v.weight,6,0.5,0.7903686761856079,0.09831316769123077,1.2387647984724026e-05,0.42557182908058167
style,4,up_blocks.1.attentions.2.transformer_blocks.0.attn2.to_v.weight,7,0.5,0.7900095582008362,0.09833896905183792,1.2813519788323902e-05,0.4254811704158783
style,4,up_blocks.1.attentions.2.transformer_blocks.0.attn2.to_v.weight,8,0.5,0.7902191281318665,0.0983087569475174,1.2397204955050256e-05,0.4254540205001831
style,4,up_blocks.1.attentions.2.transformer_blocks.0.attn2.to_v.weight,9,0.5,0.790203869342804,0.09831418097019196,1.1604598512349185e-05,0.42549216747283936
style,4,up_blocks.1.attentions.2.transformer_blocks.0.attn2.to_v.weight,10,0.5,0.7902374267578125,0.09833364933729172,1.319042803515913e-05,0.4255306124687195
style,4,up_blocks.1.attentions.2.transformer_blocks.0.attn2.to_v.weight,11,0.5,0.7901204228401184,0.09832368791103363,1.2796290320693515e-05,0.4254034459590912
style,4,up_blocks.1.attentions.2.transformer_blocks.0.attn2.to_v.weight,12,0.5,0.7903116941452026,0.0982997864484787,1.0783000107039697e-05,0.4254867434501648
style,4,up_blocks.1.attentions.2.transformer_blocks.0.attn2.to_v.weight,13,0.5,0.7900065183639526,0.09834536164999008,1.2470291039790027e-05,0.42551445960998535
style,4,up_blocks.1.attentions.2.transformer_blocks.0.attn2.to_v.weight,14,0.5,0.7903106808662415,0.09829824417829514,1.3765527910436504e-05,0.4254451394081116
style,4,up_blocks.1.attentions.2.transformer_blocks.0.attn2.to_v.weight,15,0.5,0.7900339961051941,0.09832581877708435,1.105761566577712e-05,0.42547494173049927
style,4,up_blocks.1.attentions.2.transformer_blocks.0.attn2.to_v.weight,16,0.5,0.7902852296829224,0.09832702577114105,1.1668434126477223e-05,0.42554378509521484
style,4,up_blocks.2.attentions.0.transformer_blocks.0.attn2.to_k.weight,1,0.5,0.7858561277389526,0.09755909442901611,0.00038161309203132987,0.4685935974121094
style,4,up_blocks.2.attentions.0.transformer_blocks.0.attn2.to_k.weight,2,0.5,0.7869608402252197,0.09753412008285522,4.525464100879617e-05,0.46797963976860046
style,4,up_blocks.2.attentions.0.transformer_blocks.0.attn2.to_k.weight,3,0.5,0.786285400390625,0.09757685661315918,3.0310147849377245e-05,0.46833816170692444
style,4,up_blocks.2.attentions.0.transformer_blocks.0.attn2.to_k.weight,4,0.5,0.7864298224449158,0.09758922457695007,2.5404064217582345e-05,0.4681604504585266
style,4,up_blocks.2.attentions.0.transformer_blocks.0.attn2.to_k.weight,5,0.5,0.7864277958869934,0.09758617728948593,2.7675507226376794e-05,0.4684095084667206
style,4,up_blocks.2.attentions.0.transformer_blocks.0.attn2.to_k.weight,6,0.5,0.786895751953125,0.09756287187337875,2.590433541627135e-05,0.46806299686431885
style,4,up_blocks.2.attentions.0.transformer_blocks.0.attn2.to_k.weight,7,0.5,0.786083996295929,0.09758291393518448,2.472986489010509e-05,0.46813449263572693
style,4,up_blocks.2.attentions.0.transformer_blocks.0.attn2.to_k.weight,8,0.5,0.7868428826332092,0.09755834937095642,2.4912727894843556e-05,0.4682205617427826
style,4,up_blocks.2.attentions.0.transformer_blocks.0.attn2.to_k.weight,9,0.5,0.7865803837776184,0.09760478138923645,2.516214590286836e-05,0.46834731101989746
style,4,up_blocks.2.attentions.0.transformer_blocks.0.attn2.to_k.weight,10,0.5,0.786529541015625,0.09755997359752655,2.412365938653238e-05,0.46810752153396606
style,4,up_blocks.2.attentions.0.transformer_blocks.0.attn2.to_k.weight,11,0.5,0.7864725589752197,0.09759072959423065,2.5877385269268416e-05,0.4682650566101074
style,4,up_blocks.2.attentions.0.transformer_blocks.0.attn2.to_k.weight,12,0.5,0.7870829105377197,0.09758240729570389,2.3753129426040687e-05,0.4681873917579651
style,4,up_blocks.2.attentions.0.transformer_blocks.0.attn2.to_k.weight,13,0.5,0.7857645750045776,0.09759525209665298,2.3712140318821184e-05,0.4683687090873718
style,4,up_blocks.2.attentions.0.transformer_blocks.0.attn2.to_k.weight,14,0.5,0.7867391109466553,0.09756873548030853,2.6807185349753127e-05,0.4680899679660797
style,4,up_blocks.2.attentions.0.transformer_blocks.0.attn2.to_k.weight,15,0.5,0.78680419921875,0.09757484495639801,2.3356971723842435e-05,0.46820372343063354
style,4,up_blocks.2.attentions.0.transformer_blocks.0.attn2.to_k.weight,16,0.5,0.7865193486213684,0.09760023653507233,2.2725815142621286e-05,0.46817585825920105
style,4,up_blocks.2.attentions.0.transformer_blocks.0.attn2.to_v.weight,1,0.5,0.7928812503814697,0.09402507543563843,0.000306513364193961,0.40932154655456543
style,4,up_blocks.2.attentions.0.transformer_blocks.0.attn2.to_v.weight,2,0.5,0.7933899164199829,0.09405895322561264,3.31796363752801e-05,0.40925276279449463
style,4,up_blocks.2.attentions.0.transformer_blocks.0.attn2.to_v.weight,3,0.5,0.793170154094696,0.09404776990413666,2.263797250634525e-05,0.4091733396053314
style,4,up_blocks.2.attentions.0.transformer_blocks.0.attn2.to_v.weight,4,0.5,0.7936381101608276,0.09405060857534409,2.0267212676117197e-05,0.4092145264148712
style,4,up_blocks.2.attentions.0.transformer_blocks.0.attn2.to_v.weight,5,0.5,0.7926717400550842,0.0940634086728096,2.101081918226555e-05,0.4092199504375458
style,4,up_blocks.2.attentions.0.transformer_blocks.0.attn2.to_v.weight,6,0.5,0.7935851812362671,0.09406641870737076,1.997282015508972e-05,0.4091132879257202
style,4,up_blocks.2.attentions.0.transformer_blocks.0.attn2.to_v.weight,7,0.5,0.7929829955101013,0.09403745830059052,1.997505569306668e-05,0.4092215597629547
style,4,up_blocks.2.attentions.0.transformer_blocks.0.attn2.to_v.weight,8,0.5,0.7934814691543579,0.09408344328403473,1.91279650607612e-05,0.4091574549674988
style,4,up_blocks.2.attentions.0.transformer_blocks.0.attn2.to_v.weight,9,0.5,0.7930704951286316,0.09407072514295578,1.8627188183018006e-05,0.409297376871109
style,4,up_blocks.2.attentions.0.transformer_blocks.0.attn2.to_v.weight,10,0.5,0.79345703125,0.09407011419534683,2.0270952518330887e-05,0.4091131091117859
style,4,up_blocks.2.attentions.0.transformer_blocks.0.attn2.to_v.weight,11,0.5,0.7929972410202026,0.09404683858156204,1.9610726667451672e-05,0.4091445803642273
style,4,up_blocks.2.attentions.0.transformer_blocks.0.attn2.to_v.weight,12,0.5,0.793701171875,0.0940626859664917,1.734463330649305e-05,0.40922272205352783
style,4,up_blocks.2.attentions.0.transformer_blocks.0.attn2.to_v.weight,13,0.5,0.7928487062454224,0.09405244141817093,1.9605147826950997e-05,0.409250408411026
style,4,up_blocks.2.attentions.0.transformer_blocks.0.attn2.to_v.weight,14,0.5,0.7931274175643921,0.0940902978181839,2.1030013158451766e-05,0.40916475653648376
style,4,up_blocks.2.attentions.0.transformer_blocks.0.attn2.to_v.weight,15,0.5,0.7933267951011658,0.09405621886253357,1.8053951862384565e-05,0.4091482162475586
style,4,up_blocks.2.attentions.0.transformer_blocks.0.attn2.to_v.weight,16,0.5,0.7935811281204224,0.09406717121601105,1.8396829545963556e-05,0.40918412804603577
style,4,up_blocks.2.attentions.1.transformer_blocks.0.attn2.to_k.weight,1,0.5,0.7924397587776184,0.10387776792049408,0.00032573906355537474,0.4688667356967926
style,4,up_blocks.2.attentions.1.transformer_blocks.0.attn2.to_k.weight,2,0.5,0.7922831177711487,0.10390422493219376,3.774682045332156e-05,0.46860677003860474
style,4,up_blocks.2.attentions.1.transformer_blocks.0.attn2.to_k.weight,3,0.5,0.7924296259880066,0.10389527678489685,2.56568418990355e-05,0.46860843896865845
style,4,up_blocks.2.attentions.1.transformer_blocks.0.attn2.to_k.weight,4,0.5,0.7922688722610474,0.10389719158411026,2.3082877305569127e-05,0.4686277210712433
style,4,up_blocks.2.attentions.1.transformer_blocks.0.attn2.to_k.weight,5,0.5,0.792205810546875,0.10389181971549988,2.386338746873662e-05,0.46863704919815063
style,4,up_blocks.2.attentions.1.transformer_blocks.0.attn2.to_k.weight,6,0.5,0.7924723029136658,0.1038830578327179,2.1776961148134433e-05,0.468641459941864
style,4,up_blocks.2.attentions.1.transformer_blocks.0.attn2.to_k.weight,7,0.5,0.7918456792831421,0.10394289344549179,2.1887901311856695e-05,0.46874114871025085
style,4,up_blocks.2.attentions.1.transformer_blocks.0.attn2.to_k.weight,8,0.5,0.7920267581939697,0.10388153046369553,2.2079753762227483e-05,0.4686024785041809
style,4,up_blocks.2.attentions.1.transformer_blocks.0.attn2.to_k.weight,9,0.5,0.7923807501792908,0.10388921201229095,2.1016183382016607e-05,0.4685330390930176
style,4,up_blocks.2.attentions.1.transformer_blocks.0.attn2.to_k.weight,10,0.5,0.7921956181526184,0.10390136390924454,2.1265946998028085e-05,0.46873077750205994
style,4,up_blocks.2.attentions.1.transformer_blocks.0.attn2.to_k.weight,11,0.5,0.7919819951057434,0.10392925143241882,2.204223164881114e-05,0.46870312094688416
style,4,up_blocks.2.attentions.1.transformer_blocks.0.attn2.to_k.weight,12,0.5,0.7924133539199829,0.10387463867664337,2.0601040887413546e-05,0.46857544779777527
style,4,up_blocks.2.attentions.1.transformer_blocks.0.attn2.to_k.weight,13,0.5,0.7918761968612671,0.10390981286764145,2.1475791072589345e-05,0.46870508790016174
style,4,up_blocks.2.attentions.1.transformer_blocks.0.attn2.to_k.weight,14,0.5,0.7921610474586487,0.1038893610239029,2.3051305106491782e-05,0.46860429644584656
style,4,up_blocks.2.attentions.1.transformer_blocks.0.attn2.to_k.weight,15,0.5,0.7923991084098816,0.10390365123748779,1.9859755411744118e-05,0.4686442017555237
style,4,up_blocks.2.attentions.1.transformer_blocks.0.attn2.to_k.weight,16,0.5,0.7921183109283447,0.10388994961977005,2.0157309336354956e-05,0.4686979353427887
style,4,up_blocks.2.attentions.1.transformer_blocks.0.attn2.to_v.weight,1,0.5,0.792132556438446,0.10159947723150253,0.000209354460821487,0.4169307053089142
style,4,up_blocks.2.attentions.1.transformer_blocks.0.attn2.to_v.weight,2,0.5,0.7924051880836487,0.10156529396772385,2.880557076423429e-05,0.41653934121131897
style,4,up_blocks.2.attentions.1.transformer_blocks.0.attn2.to_v.weight,3,0.5,0.792126476764679,0.10160302370786667,2.083590516122058e-05,0.416508287191391
style,4,up_blocks.2.attentions.1.transformer_blocks.0.attn2.to_v.weight,4,0.5,0.7922831177711487,0.10159916430711746,1.965137926163152e-05,0.41650786995887756
style,4,up_blocks.2.attentions.1.transformer_blocks.0.attn2.to_v.weight,5,0.5,0.7918843626976013,0.10157155990600586,2.0426530682016164e-05,0.41650548577308655
style,4,up_blocks.2.attentions.1.transformer_blocks.0.attn2.to_v.weight,6,0.5,0.792218029499054,0.10159830003976822,1.8362903574598022e-05,0.41662782430648804
style,4,up_blocks.2.attentions.1.transformer_blocks.0.attn2.to_v.weight,7,0.5,0.7920593023300171,0.10160873085260391,1.940430411195848e-05,0.4166637659072876
style,4,up_blocks.2.attentions.1.transformer_blocks.0.attn2.to_v.weight,8,0.5,0.7920430302619934,0.10159700363874435,1.914096537802834e-05,0.4165167510509491
style,4,up_blocks.2.attentions.1.transformer_blocks.0.attn2.to_v.weight,9,0.5,0.7921305298805237,0.10157030820846558,1.811246147553902e-05,0.41654878854751587
style,4,up_blocks.2.attentions.1.transformer_blocks.0.attn2.to_v.weight,10,0.5,0.7921732664108276,0.10158158093690872,1.902965595945716e-05,0.41653749346733093
style,4,up_blocks.2.attentions.1.transformer_blocks.0.attn2.to_v.weight,11,0.5,0.7917928099632263,0.10164502263069153,1.9403065380174667e-05,0.4167047441005707
style,4,up_blocks.2.attentions.1.transformer_blocks.0.attn2.to_v.weight,12,0.5,0.7923339605331421,0.10155367851257324,1.795882599253673e-05,0.41639089584350586
style,4,up_blocks.2.attentions.1.transformer_blocks.0.attn2.to_v.weight,13,0.5,0.7920125126838684,0.10160534828901291,1.89783258974785e-05,0.41667717695236206
style,4,up_blocks.2.attentions.1.transformer_blocks.0.attn2.to_v.weight,14,0.5,0.7919372320175171,0.10157949477434158,1.9526140022207983e-05,0.4165179133415222
style,4,up_blocks.2.attentions.1.transformer_blocks.0.attn2.to_v.weight,15,0.5,0.792266845703125,0.10160528123378754,1.7844404283096083e-05,0.41662511229515076
style,4,up_blocks.2.attentions.1.transformer_blocks.0.attn2.to_v.weight,16,0.5,0.7919291257858276,0.10162504017353058,1.8274664398632012e-05,0.41668900847435
style,4,up_blocks.2.attentions.2.transformer_blocks.0.attn2.to_k.weight,1,0.5,0.7896646857261658,0.09970029443502426,0.0003286074788775295,0.4686554968357086
style,4,up_blocks.2.attentions.2.transformer_blocks.0.attn2.to_k.weight,2,0.5,0.7904012203216553,0.09969103336334229,4.659552359953523e-05,0.46913421154022217
style,4,up_blocks.2.attentions.2.transformer_blocks.0.attn2.to_k.weight,3,0.5,0.7901041507720947,0.09971602261066437,3.2293512049363926e-05,0.4694019854068756
style,4,up_blocks.2.attentions.2.transformer_blocks.0.attn2.to_k.weight,4,0.5,0.7899739742279053,0.09970895946025848,2.563941052358132e-05,0.46899330615997314
style,4,up_blocks.2.attentions.2.transformer_blocks.0.attn2.to_k.weight,5,0.5,0.789782702922821,0.09973759204149246,2.6344945581513457e-05,0.46909797191619873
style,4,up_blocks.2.attentions.2.transformer_blocks.0.attn2.to_k.weight,6,0.5,0.7900675535202026,0.09972890466451645,3.305985956103541e-05,0.4692685902118683
style,4,up_blocks.2.attentions.2.transformer_blocks.0.attn2.to_k.weight,7,0.5,0.7897298336029053,0.09971551597118378,2.8912651032442227e-05,0.46924349665641785
style,4,up_blocks.2.attentions.2.transformer_blocks.0.attn2.to_k.weight,8,0.5,0.7904255986213684,0.09970594942569733,3.0922252335585654e-05,0.4691285490989685
style,4,up_blocks.2.attentions.2.transformer_blocks.0.attn2.to_k.weight,9,0.5,0.7897908687591553,0.09973203390836716,2.8109185223001987e-05,0.46916428208351135
style,4,up_blocks.2.attentions.2.transformer_blocks.0.attn2.to_k.weight,10,0.5,0.7898457646369934,0.0997387021780014,3.26938861689996e-05,0.46935465931892395
style,4,up_blocks.2.attentions.2.transformer_blocks.0.attn2.to_k.weight,11,0.5,0.7899556756019592,0.09971099346876144,3.0044260711292736e-05,0.4694133698940277
style,4,up_blocks.2.attentions.2.transformer_blocks.0.attn2.to_k.weight,12,0.5,0.79022216796875,0.0996963158249855,2.5874333005049266e-05,0.4690231680870056
style,4,up_blocks.2.attentions.2.transformer_blocks.0.attn2.to_k.weight,13,0.5,0.7896382808685303,0.09977801889181137,2.4450342607451603e-05,0.46909651160240173
style,4,up_blocks.2.attentions.2.transformer_blocks.0.attn2.to_k.weight,14,0.5,0.7902282476425171,0.09970147907733917,3.317730806884356e-05,0.4693378210067749
style,4,up_blocks.2.attentions.2.transformer_blocks.0.attn2.to_k.weight,15,0.5,0.789965808391571,0.09969710558652878,3.386095704627223e-05,0.46935877203941345
style,4,up_blocks.2.attentions.2.transformer_blocks.0.attn2.to_k.weight,16,0.5,0.7899577021598816,0.09971223771572113,2.754542038019281e-05,0.4691205620765686
style,4,up_blocks.2.attentions.2.transformer_blocks.0.attn2.to_v.weight,1,0.5,0.79156494140625,0.0927460715174675,0.00018064469622913748,0.40072017908096313
style,4,up_blocks.2.attentions.2.transformer_blocks.0.attn2.to_v.weight,2,0.5,0.7920817136764526,0.09272649139165878,2.533311453589704e-05,0.40072572231292725
style,4,up_blocks.2.attentions.2.transformer_blocks.0.attn2.to_v.weight,3,0.5,0.7917032837867737,0.0927773118019104,1.821370460675098e-05,0.4008161127567291
style,4,up_blocks.2.attentions.2.transformer_blocks.0.attn2.to_v.weight,4,0.5,0.7922688722610474,0.09275250136852264,1.5940495359245688e-05,0.4007454216480255
style,4,up_blocks.2.attentions.2.transformer_blocks.0.attn2.to_v.weight,5,0.5,0.791668713092804,0.09280553460121155,1.7897838915814646e-05,0.40083596110343933
style,4,up_blocks.2.attentions.2.transformer_blocks.0.attn2.to_v.weight,6,0.5,0.7916829586029053,0.09275931119918823,1.686780342424754e-05,0.40074583888053894
style,4,up_blocks.2.attentions.2.transformer_blocks.0.attn2.to_v.weight,7,0.5,0.791851818561554,0.0928015485405922,1.5702265955042094e-05,0.40077704191207886
style,4,up_blocks.2.attentions.2.transformer_blocks.0.attn2.to_v.weight,8,0.5,0.7918253540992737,0.09274546056985855,1.6954716556938365e-05,0.40066900849342346
style,4,up_blocks.2.attentions.2.transformer_blocks.0.attn2.to_v.weight,9,0.5,0.7917439937591553,0.09281433373689651,1.6166657587746158e-05,0.4008517563343048
style,4,up_blocks.2.attentions.2.transformer_blocks.0.attn2.to_v.weight,10,0.5,0.7918233275413513,0.09275777637958527,1.611714469618164e-05,0.40061989426612854
style,4,up_blocks.2.attentions.2.transformer_blocks.0.attn2.to_v.weight,11,0.5,0.7914978265762329,0.09283888339996338,1.6671896446496248e-05,0.4009416401386261
style,4,up_blocks.2.attentions.2.transformer_blocks.0.attn2.to_v.weight,12,0.5,0.791699230670929,0.09276816993951797,1.6277568647637963e-05,0.40074917674064636
style,4,up_blocks.2.attentions.2.transformer_blocks.0.attn2.to_v.weight,13,0.5,0.791796863079071,0.09279105812311172,1.5714746041339822e-05,0.40070587396621704
style,4,up_blocks.2.attentions.2.transformer_blocks.0.attn2.to_v.weight,14,0.5,0.7920003533363342,0.09277883917093277,1.735381556500215e-05,0.4008464515209198
style,4,up_blocks.2.attentions.2.transformer_blocks.0.attn2.to_v.weight,15,0.5,0.7917724847793579,0.09278412908315659,1.571605753269978e-05,0.40080520510673523
style,4,up_blocks.2.attentions.2.transformer_blocks.0.attn2.to_v.weight,16,0.5,0.791790783405304,0.09277643263339996,1.4963024113967549e-05,0.4006572365760803
style,4,up_blocks.3.attentions.0.transformer_blocks.0.attn2.to_k.weight,1,0.5,0.7764607667922974,0.14187359809875488,0.00045111903455108404,0.4929059147834778
style,4,up_blocks.3.attentions.0.transformer_blocks.0.attn2.to_k.weight,2,0.5,0.776354968547821,0.14160756766796112,7.321473094634712e-05,0.4925196170806885
style,4,up_blocks.3.attentions.0.transformer_blocks.0.attn2.to_k.weight,3,0.5,0.777417004108429,0.1417466253042221,4.983869439456612e-05,0.4927707016468048
style,4,up_blocks.3.attentions.0.transformer_blocks.0.attn2.to_k.weight,4,0.5,0.7767781615257263,0.14175106585025787,4.417718082549982e-05,0.49294865131378174
style,4,up_blocks.3.attentions.0.transformer_blocks.0.attn2.to_k.weight,5,0.5,0.77685546875,0.14192114770412445,4.510454164119437e-05,0.4930182695388794
style,4,up_blocks.3.attentions.0.transformer_blocks.0.attn2.to_k.weight,6,0.5,0.7774251103401184,0.1416006088256836,4.76731474918779e-05,0.4924720525741577
style,4,up_blocks.3.attentions.0.transformer_blocks.0.attn2.to_k.weight,7,0.5,0.7780721187591553,0.14184747636318207,4.639699909603223e-05,0.4929615259170532
style,4,up_blocks.3.attentions.0.transformer_blocks.0.attn2.to_k.weight,8,0.5,0.7767089605331421,0.14170417189598083,4.3656833440763876e-05,0.4925566017627716
style,4,up_blocks.3.attentions.0.transformer_blocks.0.attn2.to_k.weight,9,0.5,0.7777343988418579,0.1418292373418808,4.136236748308875e-05,0.492590993642807
style,4,up_blocks.3.attentions.0.transformer_blocks.0.attn2.to_k.weight,10,0.5,0.7774739861488342,0.14168599247932434,4.2803858377737924e-05,0.4929482042789459
style,4,up_blocks.3.attentions.0.transformer_blocks.0.attn2.to_k.weight,11,0.5,0.7775186896324158,0.14188247919082642,4.8096819227794185e-05,0.49272334575653076
style,4,up_blocks.3.attentions.0.transformer_blocks.0.attn2.to_k.weight,12,0.5,0.7777750492095947,0.14159999787807465,4.1569335735403e-05,0.4925157427787781
style,4,up_blocks.3.attentions.0.transformer_blocks.0.attn2.to_k.weight,13,0.5,0.7775350213050842,0.1419341266155243,4.258065382600762e-05,0.49296998977661133
style,4,up_blocks.3.attentions.0.transformer_blocks.0.attn2.to_k.weight,14,0.5,0.7768920660018921,0.14166894555091858,4.662755600293167e-05,0.49263638257980347
style,4,up_blocks.3.attentions.0.transformer_blocks.0.attn2.to_k.weight,15,0.5,0.7779703736305237,0.1417698711156845,4.022604844067246e-05,0.4927559196949005
style,4,up_blocks.3.attentions.0.transformer_blocks.0.attn2.to_k.weight,16,0.5,0.7775553464889526,0.14170679450035095,4.405575600685552e-05,0.4925352931022644
style,4,up_blocks.3.attentions.0.transformer_blocks.0.attn2.to_v.weight,1,0.5,0.7918416261672974,0.09863649308681488,8.644549961900339e-05,0.4337068796157837
style,4,up_blocks.3.attentions.0.transformer_blocks.0.attn2.to_v.weight,2,0.5,0.792163074016571,0.09857900440692902,2.135813338099979e-05,0.4344787299633026
style,4,up_blocks.3.attentions.0.transformer_blocks.0.attn2.to_v.weight,3,0.5,0.791613757610321,0.09862552583217621,1.599392999196425e-05,0.4338826537132263
style,4,up_blocks.3.attentions.0.transformer_blocks.0.attn2.to_v.weight,4,0.5,0.792492687702179,0.09862368553876877,1.4933392776583787e-05,0.4345347583293915
style,4,up_blocks.3.attentions.0.transformer_blocks.0.attn2.to_v.weight,5,0.5,0.7923583984375,0.09860169142484665,1.483645974076353e-05,0.4338500201702118
style,4,up_blocks.3.attentions.0.transformer_blocks.0.attn2.to_v.weight,6,0.5,0.7914143800735474,0.09865115582942963,1.3885111911804415e-05,0.4344717860221863
style,4,up_blocks.3.attentions.0.transformer_blocks.0.attn2.to_v.weight,7,0.5,0.7929239869117737,0.09866909682750702,1.3926365681982134e-05,0.4336084723472595
style,4,up_blocks.3.attentions.0.transformer_blocks.0.attn2.to_v.weight,8,0.5,0.7918945550918579,0.09865030646324158,1.3812433280691039e-05,0.43446865677833557
style,4,up_blocks.3.attentions.0.transformer_blocks.0.attn2.to_v.weight,9,0.5,0.7921345829963684,0.09861047565937042,1.373740360577358e-05,0.4338470697402954
style,4,up_blocks.3.attentions.0.transformer_blocks.0.attn2.to_v.weight,10,0.5,0.7917520999908447,0.09878399968147278,1.4017733519722242e-05,0.4345608055591583
style,4,up_blocks.3.attentions.0.transformer_blocks.0.attn2.to_v.weight,11,0.5,0.7930012941360474,0.09873239696025848,1.391287696606014e-05,0.4339546263217926
style,4,up_blocks.3.attentions.0.transformer_blocks.0.attn2.to_v.weight,12,0.5,0.7917683720588684,0.09858845174312592,1.3263158507470507e-05,0.43457838892936707
style,4,up_blocks.3.attentions.0.transformer_blocks.0.attn2.to_v.weight,13,0.5,0.7929036617279053,0.09866375476121902,1.389889348502038e-05,0.43368321657180786
style,4,up_blocks.3.attentions.0.transformer_blocks.0.attn2.to_v.weight,14,0.5,0.7922118902206421,0.0987006425857544,1.4280069990491029e-05,0.43439584970474243
style,4,up_blocks.3.attentions.0.transformer_blocks.0.attn2.to_v.weight,15,0.5,0.7919108271598816,0.0986650288105011,1.3102052434987854e-05,0.4337601065635681
style,4,up_blocks.3.attentions.0.transformer_blocks.0.attn2.to_v.weight,16,0.5,0.7923258543014526,0.09867902100086212,1.3634793504024856e-05,0.4346408247947693
style,4,up_blocks.3.attentions.1.transformer_blocks.0.attn2.to_k.weight,1,0.5,0.7759155035018921,0.13899663090705872,0.000461005576653406,0.527874767780304
style,4,up_blocks.3.attentions.1.transformer_blocks.0.attn2.to_k.weight,2,0.5,0.7755777835845947,0.13890352845191956,6.406074680853635e-05,0.5272254943847656
style,4,up_blocks.3.attentions.1.transformer_blocks.0.attn2.to_k.weight,3,0.5,0.7751546502113342,0.1389767825603485,4.33291461376939e-05,0.5274903178215027
style,4,up_blocks.3.attentions.1.transformer_blocks.0.attn2.to_k.weight,4,0.5,0.77618408203125,0.13889332115650177,3.6706704122480005e-05,0.5273509621620178
style,4,up_blocks.3.attentions.1.transformer_blocks.0.attn2.to_k.weight,5,0.5,0.7759073972702026,0.13904531300067902,3.792780626099557e-05,0.5275984406471252
style,4,up_blocks.3.attentions.1.transformer_blocks.0.attn2.to_k.weight,6,0.5,0.7756673097610474,0.13894954323768616,3.499961894704029e-05,0.5272005796432495
style,4,up_blocks.3.attentions.1.transformer_blocks.0.attn2.to_k.weight,7,0.5,0.77593994140625,0.13896654546260834,3.605447636800818e-05,0.527694821357727
style,4,up_blocks.3.attentions.1.transformer_blocks.0.attn2.to_k.weight,8,0.5,0.7763305902481079,0.1390574872493744,3.543041384546086e-05,0.5273584127426147
style,4,up_blocks.3.attentions.1.transformer_blocks.0.attn2.to_k.weight,9,0.5,0.7762085199356079,0.13894572854042053,3.3685504604363814e-05,0.5273259282112122
style,4,up_blocks.3.attentions.1.transformer_blocks.0.attn2.to_k.weight,10,0.5,0.776501476764679,0.13897554576396942,3.406323230592534e-05,0.5274872183799744
style,4,up_blocks.3.attentions.1.transformer_blocks.0.attn2.to_k.weight,11,0.5,0.7755086421966553,0.13905829191207886,3.539221143000759e-05,0.5276855826377869
style,4,up_blocks.3.attentions.1.transformer_blocks.0.attn2.to_k.weight,12,0.5,0.7767333984375,0.13891786336898804,3.3681411878205836e-05,0.527005136013031
style,4,up_blocks.3.attentions.1.transformer_blocks.0.attn2.to_k.weight,13,0.5,0.7765136957168579,0.13901732861995697,3.427571209613234e-05,0.5277634859085083
style,4,up_blocks.3.attentions.1.transformer_blocks.0.attn2.to_k.weight,14,0.5,0.7759155035018921,0.13901832699775696,3.726036084117368e-05,0.5273402333259583
style,4,up_blocks.3.attentions.1.transformer_blocks.0.attn2.to_k.weight,15,0.5,0.7757486701011658,0.13894802331924438,3.252933674957603e-05,0.5275142788887024
style,4,up_blocks.3.attentions.1.transformer_blocks.0.attn2.to_k.weight,16,0.5,0.776623547077179,0.13896627724170685,3.1923420465318486e-05,0.5273765921592712
style,4,up_blocks.3.attentions.1.transformer_blocks.0.attn2.to_v.weight,1,0.5,0.790881335735321,0.09730131924152374,0.0001119633307098411,0.4153509736061096
style,4,up_blocks.3.attentions.1.transformer_blocks.0.attn2.to_v.weight,2,0.5,0.7923176884651184,0.09725021570920944,2.4483277229592204e-05,0.41514045000076294
style,4,up_blocks.3.attentions.1.transformer_blocks.0.attn2.to_v.weight,3,0.5,0.7913573980331421,0.09718063473701477,1.8361781258136034e-05,0.4149115979671478
style,4,up_blocks.3.attentions.1.transformer_blocks.0.attn2.to_v.weight,4,0.5,0.791735827922821,0.09725261479616165,1.6428630260634236e-05,0.41537341475486755
style,4,up_blocks.3.attentions.1.transformer_blocks.0.attn2.to_v.weight,5,0.5,0.791369616985321,0.09727145731449127,1.732493910822086e-05,0.4147454798221588
style,4,up_blocks.3.attentions.1.transformer_blocks.0.attn2.to_v.weight,6,0.5,0.7921590209007263,0.09717312455177307,1.628816971788183e-05,0.4151808023452759
style,4,up_blocks.3.attentions.1.transformer_blocks.0.attn2.to_v.weight,7,0.5,0.7911173701286316,0.0973893404006958,1.625510776648298e-05,0.41486531496047974
style,4,up_blocks.3.attentions.1.transformer_blocks.0.attn2.to_v.weight,8,0.5,0.7922037839889526,0.09723961353302002,1.705711110844277e-05,0.4149344861507416
style,4,up_blocks.3.attentions.1.transformer_blocks.0.attn2.to_v.weight,9,0.5,0.7911132574081421,0.09722787886857986,1.6313913874910213e-05,0.41481372714042664
style,4,up_blocks.3.attentions.1.transformer_blocks.0.attn2.to_v.weight,10,0.5,0.7917195558547974,0.0972670242190361,1.599135975993704e-05,0.41515764594078064
style,4,up_blocks.3.attentions.1.transformer_blocks.0.attn2.to_v.weight,11,0.5,0.7911295294761658,0.0973200872540474,1.7202952221850865e-05,0.4146997630596161
style,4,up_blocks.3.attentions.1.transformer_blocks.0.attn2.to_v.weight,12,0.5,0.7924519777297974,0.09712347388267517,1.5830091797397472e-05,0.4148627519607544
style,4,up_blocks.3.attentions.1.transformer_blocks.0.attn2.to_v.weight,13,0.5,0.790698230266571,0.0973348617553711,1.621095543669071e-05,0.414909303188324
style,4,up_blocks.3.attentions.1.transformer_blocks.0.attn2.to_v.weight,14,0.5,0.7922444939613342,0.09726181626319885,1.723753121041227e-05,0.41512542963027954
style,4,up_blocks.3.attentions.1.transformer_blocks.0.attn2.to_v.weight,15,0.5,0.791333019733429,0.09721778333187103,1.5654683011234738e-05,0.4145702123641968
style,4,up_blocks.3.attentions.1.transformer_blocks.0.attn2.to_v.weight,16,0.5,0.791369616985321,0.09727954864501953,1.566552418807987e-05,0.41522666811943054
style,4,up_blocks.3.attentions.2.transformer_blocks.0.attn2.to_k.weight,1,0.5,0.7800700068473816,0.14708052575588226,0.00042351565207354724,0.5092052817344666
style,4,up_blocks.3.attentions.2.transformer_blocks.0.attn2.to_k.weight,2,0.5,0.7797281742095947,0.14692717790603638,6.492205284303054e-05,0.50868159532547
style,4,up_blocks.3.attentions.2.transformer_blocks.0.attn2.to_k.weight,3,0.5,0.7799519896507263,0.14702391624450684,4.408502354635857e-05,0.5090292096138
style,4,up_blocks.3.attentions.2.transformer_blocks.0.attn2.to_k.weight,4,0.5,0.7801432013511658,0.14701305329799652,3.972537160734646e-05,0.5087867975234985
style,4,up_blocks.3.attentions.2.transformer_blocks.0.attn2.to_k.weight,5,0.5,0.7792643308639526,0.14705422520637512,4.027022441732697e-05,0.5091001391410828
style,4,up_blocks.3.attentions.2.transformer_blocks.0.attn2.to_k.weight,6,0.5,0.7799642086029053,0.14691773056983948,3.683011527755298e-05,0.5087053775787354
style,4,up_blocks.3.attentions.2.transformer_blocks.0.attn2.to_k.weight,7,0.5,0.7803914546966553,0.14710555970668793,3.801253478741273e-05,0.5093244910240173
style,4,up_blocks.3.attentions.2.transformer_blocks.0.attn2.to_k.weight,8,0.5,0.779528796672821,0.14695797860622406,3.8492566091008484e-05,0.5085645318031311
style,4,up_blocks.3.attentions.2.transformer_blocks.0.attn2.to_k.weight,9,0.5,0.7803589105606079,0.14693810045719147,3.756237492780201e-05,0.5088556408882141
style,4,up_blocks.3.attentions.2.transformer_blocks.0.attn2.to_k.weight,10,0.5,0.780224621295929,0.14693857729434967,3.6761568480869755e-05,0.5086951851844788
style,4,up_blocks.3.attentions.2.transformer_blocks.0.attn2.to_k.weight,11,0.5,0.77972412109375,0.14708149433135986,3.728736555785872e-05,0.5091490149497986
style,4,up_blocks.3.attentions.2.transformer_blocks.0.attn2.to_k.weight,12,0.5,0.7798543572425842,0.14690272510051727,3.585559534258209e-05,0.5087956786155701
style,4,up_blocks.3.attentions.2.transformer_blocks.0.attn2.to_k.weight,13,0.5,0.7804809808731079,0.14712519943714142,3.674581239465624e-05,0.5091462135314941
style,4,up_blocks.3.attentions.2.transformer_blocks.0.attn2.to_k.weight,14,0.5,0.780200183391571,0.14689941704273224,4.015439117210917e-05,0.5085635185241699
style,4,up_blocks.3.attentions.2.transformer_blocks.0.attn2.to_k.weight,15,0.5,0.7797566652297974,0.1469847410917282,3.5395270970184356e-05,0.5090324878692627
style,4,up_blocks.3.attentions.2.transformer_blocks.0.attn2.to_k.weight,16,0.5,0.779919445514679,0.14699244499206543,3.4320375561947e-05,0.5086734890937805
style,4,up_blocks.3.attentions.2.transformer_blocks.0.attn2.to_v.weight,1,0.5,0.7879964113235474,0.09913399815559387,0.0001077729684766382,0.40200483798980713
style,4,up_blocks.3.attentions.2.transformer_blocks.0.attn2.to_v.weight,2,0.5,0.7890299558639526,0.09902116656303406,2.385306106589269e-05,0.4018261134624481
style,4,up_blocks.3.attentions.2.transformer_blocks.0.attn2.to_v.weight,3,0.5,0.7879720330238342,0.0992012619972229,1.7195196051034145e-05,0.40195196866989136
style,4,up_blocks.3.attentions.2.transformer_blocks.0.attn2.to_v.weight,4,0.5,0.7881225347518921,0.09914048761129379,1.5097559298737906e-05,0.40186628699302673
style,4,up_blocks.3.attentions.2.transformer_blocks.0.attn2.to_v.weight,5,0.5,0.7882405519485474,0.09925354272127151,1.5675341273890808e-05,0.4018886685371399
style,4,up_blocks.3.attentions.2.transformer_blocks.0.attn2.to_v.weight,6,0.5,0.7884480953216553,0.09912923723459244,1.454830271541141e-05,0.401775598526001
style,4,up_blocks.3.attentions.2.transformer_blocks.0.attn2.to_v.weight,7,0.5,0.78717041015625,0.09928777813911438,1.4431339877774008e-05,0.4016993045806885
style,4,up_blocks.3.attentions.2.transformer_blocks.0.attn2.to_v.weight,8,0.5,0.7885945439338684,0.09912388026714325,1.4652659046987537e-05,0.40176790952682495
style,4,up_blocks.3.attentions.2.transformer_blocks.0.attn2.to_v.weight,9,0.5,0.7884603142738342,0.09922600537538528,1.4593028936360497e-05,0.40182918310165405
style,4,up_blocks.3.attentions.2.transformer_blocks.0.attn2.to_v.weight,10,0.5,0.7886067628860474,0.09917936474084854,1.4400139662029687e-05,0.401827871799469
style,4,up_blocks.3.attentions.2.transformer_blocks.0.attn2.to_v.weight,11,0.5,0.7870401740074158,0.09931296855211258,1.5117695511435159e-05,0.4020322859287262
style,4,up_blocks.3.attentions.2.transformer_blocks.0.attn2.to_v.weight,12,0.5,0.7887491583824158,0.09907358139753342,1.4029164049134124e-05,0.40152406692504883
style,4,up_blocks.3.attentions.2.transformer_blocks.0.attn2.to_v.weight,13,0.5,0.787609875202179,0.09935083985328674,1.42832868732512e-05,0.40191546082496643
style,4,up_blocks.3.attentions.2.transformer_blocks.0.attn2.to_v.weight,14,0.5,0.7882772088050842,0.09909912198781967,1.4903067494742572e-05,0.4017792344093323
style,4,up_blocks.3.attentions.2.transformer_blocks.0.attn2.to_v.weight,15,0.5,0.7880452275276184,0.09919712692499161,1.3644187674799468e-05,0.4017261564731598
style,4,up_blocks.3.attentions.2.transformer_blocks.0.attn2.to_v.weight,16,0.5,0.7878499627113342,0.09919203817844391,1.3635446521220729e-05,0.4019660949707031
style,4,mid_block.attentions.0.transformer_blocks.0.attn2.to_k.weight,1,0.5,0.7905355095863342,0.09557007998228073,0.0002553228405304253,0.4665392339229584
style,4,mid_block.attentions.0.transformer_blocks.0.attn2.to_k.weight,2,0.5,0.7906138300895691,0.09556374698877335,2.6400957722216845e-05,0.4663793742656708
style,4,mid_block.attentions.0.transformer_blocks.0.attn2.to_k.weight,3,0.5,0.7907877564430237,0.09556916356086731,1.8085383999277838e-05,0.4663994312286377
style,4,mid_block.attentions.0.transformer_blocks.0.attn2.to_k.weight,4,0.5,0.7904113531112671,0.09558388590812683,1.5730593077023514e-05,0.4665551781654358
style,4,mid_block.attentions.0.transformer_blocks.0.attn2.to_k.weight,5,0.5,0.7901824712753296,0.09558510035276413,1.5824300135136582e-05,0.4664861559867859
style,4,mid_block.attentions.0.transformer_blocks.0.attn2.to_k.weight,6,0.5,0.7906036376953125,0.095577172935009,1.4528913197864313e-05,0.46659356355667114
style,4,mid_block.attentions.0.transformer_blocks.0.attn2.to_k.weight,7,0.5,0.7905293703079224,0.09558912366628647,1.5619909390807152e-05,0.4664274752140045
style,4,mid_block.attentions.0.transformer_blocks.0.attn2.to_k.weight,8,0.5,0.7903299927711487,0.09559690207242966,1.537456046207808e-05,0.46650877594947815
style,4,mid_block.attentions.0.transformer_blocks.0.attn2.to_k.weight,9,0.5,0.7904581427574158,0.09558238834142685,1.4267551705415826e-05,0.4664228856563568
style,4,mid_block.attentions.0.transformer_blocks.0.attn2.to_k.weight,10,0.5,0.7904439568519592,0.09558463841676712,1.4597794688597787e-05,0.46647676825523376
style,4,mid_block.attentions.0.transformer_blocks.0.attn2.to_k.weight,11,0.5,0.7905334234237671,0.09559213370084763,1.5048502064018976e-05,0.4665125608444214
style,4,mid_block.attentions.0.transformer_blocks.0.attn2.to_k.weight,12,0.5,0.7906087040901184,0.0955735519528389,1.4160172213451006e-05,0.466547429561615
style,4,mid_block.attentions.0.transformer_blocks.0.attn2.to_k.weight,13,0.5,0.790252685546875,0.09561188519001007,1.4788161024625879e-05,0.466484397649765
style,4,mid_block.attentions.0.transformer_blocks.0.attn2.to_k.weight,14,0.5,0.7905548214912415,0.0955890640616417,1.542412064736709e-05,0.4664485454559326
style,4,mid_block.attentions.0.transformer_blocks.0.attn2.to_k.weight,15,0.5,0.7905660271644592,0.09558185935020447,1.3969592146167997e-05,0.4664427638053894
style,4,mid_block.attentions.0.transformer_blocks.0.attn2.to_k.weight,16,0.5,0.7904113531112671,0.09559659659862518,1.4319573892862536e-05,0.46655896306037903
style,4,mid_block.attentions.0.transformer_blocks.0.attn2.to_v.weight,1,0.5,0.7893096804618835,0.09926923364400864,0.00023118124227039516,0.4536352753639221
style,4,mid_block.attentions.0.transformer_blocks.0.attn2.to_v.weight,2,0.5,0.789202868938446,0.09930430352687836,1.8773029296426103e-05,0.45374783873558044
style,4,mid_block.attentions.0.transformer_blocks.0.attn2.to_v.weight,3,0.5,0.7891103029251099,0.09931369125843048,1.3088461855659261e-05,0.4537631571292877
style,4,mid_block.attentions.0.transformer_blocks.0.attn2.to_v.weight,4,0.5,0.7894185185432434,0.09930106997489929,1.1985038327111397e-05,0.45371896028518677
style,4,mid_block.attentions.0.transformer_blocks.0.attn2.to_v.weight,5,0.5,0.789074718952179,0.0993155986070633,1.2962330401933286e-05,0.4537448287010193
style,4,mid_block.attentions.0.transformer_blocks.0.attn2.to_v.weight,6,0.5,0.7892669439315796,0.0992860421538353,1.1786433788074646e-05,0.45374760031700134
style,4,mid_block.attentions.0.transformer_blocks.0.attn2.to_v.weight,7,0.5,0.7892974615097046,0.0993134006857872,1.1703616110025905e-05,0.4537518620491028
style,4,mid_block.attentions.0.transformer_blocks.0.attn2.to_v.weight,8,0.5,0.7892506718635559,0.09930258989334106,1.1114052540506236e-05,0.45370930433273315
style,4,mid_block.attentions.0.transformer_blocks.0.attn2.to_v.weight,9,0.5,0.7891937494277954,0.09930101037025452,1.1329785593261477e-05,0.4537543058395386
style,4,mid_block.attentions.0.transformer_blocks.0.attn2.to_v.weight,10,0.5,0.7893686890602112,0.09930342435836792,1.1324096703901887e-05,0.45370247960090637
style,4,mid_block.attentions.0.transformer_blocks.0.attn2.to_v.weight,11,0.5,0.7892385125160217,0.09930361062288284,1.1663330951705575e-05,0.45377248525619507
style,4,mid_block.attentions.0.transformer_blocks.0.attn2.to_v.weight,12,0.5,0.789233386516571,0.09930845350027084,1.0457350981596392e-05,0.453749418258667
style,4,mid_block.attentions.0.transformer_blocks.0.attn2.to_v.weight,13,0.5,0.7893086671829224,0.09931504726409912,1.2059716937073972e-05,0.4537404775619507
style,4,mid_block.attentions.0.transformer_blocks.0.attn2.to_v.weight,14,0.5,0.7892343997955322,0.0992993488907814,1.1571758477657568e-05,0.45373135805130005
style,4,mid_block.attentions.0.transformer_blocks.0.attn2.to_v.weight,15,0.5,0.7891489863395691,0.09931603819131851,1.0301042493665591e-05,0.45370930433273315
style,4,mid_block.attentions.0.transformer_blocks.0.attn2.to_v.weight,16,0.5,0.7894480228424072,0.09930425137281418,1.1027336768165696e-05,0.45371493697166443
style,16,down_blocks.0.attentions.0.transformer_blocks.0.attn2.to_k.weight,1,0.5,0.8964518308639526,0.06310731917619705,0.00022782603628002107,0.18993093073368073
style,16,down_blocks.0.attentions.0.transformer_blocks.0.attn2.to_k.weight,2,0.5,0.8962972164154053,0.06307338923215866,2.3835145839257166e-05,0.1897236406803131
style,16,down_blocks.0.attentions.0.transformer_blocks.0.attn2.to_k.weight,3,0.5,0.8962565064430237,0.06313104182481766,1.710103424557019e-05,0.1899278163909912
style,16,down_blocks.0.attentions.0.transformer_blocks.0.attn2.to_k.weight,4,0.5,0.8961263298988342,0.0631256252527237,1.5214902305160649e-05,0.1899474859237671
style,16,down_blocks.0.attentions.0.transformer_blocks.0.attn2.to_k.weight,5,0.5,0.8963867425918579,0.06315592676401138,1.5389141481136903e-05,0.18993301689624786
style,16,down_blocks.0.attentions.0.transformer_blocks.0.attn2.to_k.weight,6,0.5,0.8961141109466553,0.06312889605760574,1.434109071851708e-05,0.18983222544193268
style,16,down_blocks.0.attentions.0.transformer_blocks.0.attn2.to_k.weight,7,0.5,0.8964518308639526,0.06315675377845764,1.4718924830958713e-05,0.19005389511585236
style,16,down_blocks.0.attentions.0.transformer_blocks.0.attn2.to_k.weight,8,0.5,0.8962605595588684,0.0631292536854744,1.4105593436397612e-05,0.18985040485858917
style,16,down_blocks.0.attentions.0.transformer_blocks.0.attn2.to_k.weight,9,0.5,0.89617919921875,0.06316746771335602,1.3654506801685784e-05,0.18995408713817596
style,16,down_blocks.0.attentions.0.transformer_blocks.0.attn2.to_k.weight,10,0.5,0.8964599370956421,0.06312406808137894,1.4037085747986566e-05,0.1899041384458542
style,16,down_blocks.0.attentions.0.transformer_blocks.0.attn2.to_k.weight,11,0.5,0.8963826298713684,0.06318297982215881,1.4645639566879254e-05,0.1899624913930893
style,16,down_blocks.0.attentions.0.transformer_blocks.0.attn2.to_k.weight,12,0.5,0.8962849974632263,0.06311959773302078,1.302600503549911e-05,0.18993635475635529
style,16,down_blocks.0.attentions.0.transformer_blocks.0.attn2.to_k.weight,13,0.5,0.8963378667831421,0.06315472722053528,1.4190298315952532e-05,0.1899624913930893
style,16,down_blocks.0.attentions.0.transformer_blocks.0.attn2.to_k.weight,14,0.5,0.8964396119117737,0.0631471574306488,1.4995439414633438e-05,0.18980419635772705
style,16,down_blocks.0.attentions.0.transformer_blocks.0.attn2.to_k.weight,15,0.5,0.8963338136672974,0.0631486102938652,1.2851845895056613e-05,0.18990439176559448
style,16,down_blocks.0.attentions.0.transformer_blocks.0.attn2.to_k.weight,16,0.5,0.8963623046875,0.0631297379732132,1.3543158274842426e-05,0.1900351345539093
style,16,down_blocks.0.attentions.0.transformer_blocks.0.attn2.to_v.weight,1,0.5,0.9073526859283447,0.050479013472795486,5.96731661062222e-05,0.15982799232006073
style,16,down_blocks.0.attentions.0.transformer_blocks.0.attn2.to_v.weight,2,0.5,0.9074381589889526,0.05051269009709358,8.504587640345562e-06,0.1599651277065277
style,16,down_blocks.0.attentions.0.transformer_blocks.0.attn2.to_v.weight,3,0.5,0.9070841670036316,0.050484199076890945,6.047193437552778e-06,0.15995432436466217
style,16,down_blocks.0.attentions.0.transformer_blocks.0.attn2.to_v.weight,4,0.5,0.9078206419944763,0.050479840487241745,5.707266154786339e-06,0.1600913256406784
style,16,down_blocks.0.attentions.0.transformer_blocks.0.attn2.to_v.weight,5,0.5,0.9075683355331421,0.05052392557263374,5.335847617971012e-06,0.16005603969097137
style,16,down_blocks.0.attentions.0.transformer_blocks.0.attn2.to_v.weight,6,0.5,0.907702624797821,0.05046996474266052,4.909943072561873e-06,0.16001670062541962
style,16,down_blocks.0.attentions.0.transformer_blocks.0.attn2.to_v.weight,7,0.5,0.9076090455055237,0.050535112619400024,5.279162451188313e-06,0.16008543968200684
style,16,down_blocks.0.attentions.0.transformer_blocks.0.attn2.to_v.weight,8,0.5,0.9078369140625,0.050502710044384,4.930567229166627e-06,0.16000841557979584
style,16,down_blocks.0.attentions.0.transformer_blocks.0.attn2.to_v.weight,9,0.5,0.9075032472610474,0.05051177367568016,4.851811354456004e-06,0.1600787341594696
style,16,down_blocks.0.attentions.0.transformer_blocks.0.attn2.to_v.weight,10,0.5,0.9081746339797974,0.0504978783428669,5.080451501271455e-06,0.16008880734443665
style,16,down_blocks.0.attentions.0.transformer_blocks.0.attn2.to_v.weight,11,0.5,0.9073241949081421,0.05052570253610611,4.962291768606519e-06,0.16008687019348145
style,16,down_blocks.0.attentions.0.transformer_blocks.0.attn2.to_v.weight,12,0.5,0.9077840447425842,0.05048952251672745,4.774894932779716e-06,0.16004601120948792
style,16,down_blocks.0.attentions.0.transformer_blocks.0.attn2.to_v.weight,13,0.5,0.9073811769485474,0.05052828788757324,5.270518613542663e-06,0.16004984080791473
style,16,down_blocks.0.attentions.0.transformer_blocks.0.attn2.to_v.weight,14,0.5,0.90789794921875,0.050500985234975815,5.1074439397780225e-06,0.15999621152877808
style,16,down_blocks.0.attentions.0.transformer_blocks.0.attn2.to_v.weight,15,0.5,0.9076334834098816,0.050496913492679596,4.537012500804849e-06,0.16002127528190613
style,16,down_blocks.0.attentions.0.transformer_blocks.0.attn2.to_v.weight,16,0.5,0.908032238483429,0.050489842891693115,4.969692326994846e-06,0.16007687151432037
style,16,down_blocks.0.attentions.1.transformer_blocks.0.attn2.to_k.weight,1,0.5,0.8785807490348816,0.09067302197217941,0.00024902718723751605,0.22526180744171143
style,16,down_blocks.0.attentions.1.transformer_blocks.0.attn2.to_k.weight,2,0.5,0.8789265751838684,0.09062863141298294,2.908450915128924e-05,0.2252504527568817
style,16,down_blocks.0.attentions.1.transformer_blocks.0.attn2.to_k.weight,3,0.5,0.8786661624908447,0.09062597900629044,2.023153137997724e-05,0.22519731521606445
style,16,down_blocks.0.attentions.1.transformer_blocks.0.attn2.to_k.weight,4,0.5,0.8784830570220947,0.09063132107257843,1.8164875655202195e-05,0.22534427046775818
style,16,down_blocks.0.attentions.1.transformer_blocks.0.attn2.to_k.weight,5,0.5,0.8787760138511658,0.09066115319728851,1.924581556522753e-05,0.22525067627429962
style,16,down_blocks.0.attentions.1.transformer_blocks.0.attn2.to_k.weight,6,0.5,0.8789225220680237,0.09058520942926407,1.8080456356983632e-05,0.22532568871974945
style,16,down_blocks.0.attentions.1.transformer_blocks.0.attn2.to_k.weight,7,0.5,0.8788289427757263,0.09069909900426865,1.8262249795952812e-05,0.2254960983991623
style,16,down_blocks.0.attentions.1.transformer_blocks.0.attn2.to_k.weight,8,0.5,0.8789469599723816,0.0906170904636383,1.7256923456443474e-05,0.22531193494796753
style,16,down_blocks.0.attentions.1.transformer_blocks.0.attn2.to_k.weight,9,0.5,0.8791137933731079,0.09065946191549301,1.7941787518793717e-05,0.22525008022785187
style,16,down_blocks.0.attentions.1.transformer_blocks.0.attn2.to_k.weight,10,0.5,0.8785156011581421,0.09063981473445892,1.7861086234916e-05,0.2253696620464325
style,16,down_blocks.0.attentions.1.transformer_blocks.0.attn2.to_k.weight,11,0.5,0.8792154788970947,0.0907103568315506,1.7541598936077207e-05,0.22547055780887604
style,16,down_blocks.0.attentions.1.transformer_blocks.0.attn2.to_k.weight,12,0.5,0.8789103031158447,0.09052735567092896,1.6130819858517498e-05,0.22519443929195404
style,16,down_blocks.0.attentions.1.transformer_blocks.0.attn2.to_k.weight,13,0.5,0.8786865472793579,0.09069855511188507,1.842358506110031e-05,0.22547832131385803
style,16,down_blocks.0.attentions.1.transformer_blocks.0.attn2.to_k.weight,14,0.5,0.8792195916175842,0.09065813571214676,1.8837286916095763e-05,0.22535362839698792
style,16,down_blocks.0.attentions.1.transformer_blocks.0.attn2.to_k.weight,15,0.5,0.8790038824081421,0.0906340628862381,1.6158863218151964e-05,0.22533023357391357
style,16,down_blocks.0.attentions.1.transformer_blocks.0.attn2.to_k.weight,16,0.5,0.8786987066268921,0.0906076654791832,1.6387601135647856e-05,0.2253127247095108
style,16,down_blocks.0.attentions.1.transformer_blocks.0.attn2.to_v.weight,1,0.5,0.901074230670929,0.05582877993583679,4.701810030383058e-05,0.16641902923583984
style,16,down_blocks.0.attentions.1.transformer_blocks.0.attn2.to_v.weight,2,0.5,0.9012979865074158,0.05577973276376724,1.0093252967635635e-05,0.16646209359169006
style,16,down_blocks.0.attentions.1.transformer_blocks.0.attn2.to_v.weight,3,0.5,0.9018147587776184,0.05583490803837776,7.3864221121766604e-06,0.16650868952274323
style,16,down_blocks.0.attentions.1.transformer_blocks.0.attn2.to_v.weight,4,0.5,0.901354968547821,0.05582547187805176,6.600232609343948e-06,0.16671393811702728
style,16,down_blocks.0.attentions.1.transformer_blocks.0.attn2.to_v.weight,5,0.5,0.9017008543014526,0.0558980330824852,6.462497822212754e-06,0.16667672991752625
style,16,down_blocks.0.attentions.1.transformer_blocks.0.attn2.to_v.weight,6,0.5,0.9014200568199158,0.05584712326526642,6.729603228450287e-06,0.1666376143693924
style,16,down_blocks.0.attentions.1.transformer_blocks.0.attn2.to_v.weight,7,0.5,0.9018839597702026,0.05586864799261093,6.777729140594602e-06,0.1665239781141281
style,16,down_blocks.0.attentions.1.transformer_blocks.0.attn2.to_v.weight,8,0.5,0.9018757939338684,0.05585882440209389,6.230494363990147e-06,0.1667778640985489
style,16,down_blocks.0.attentions.1.transformer_blocks.0.attn2.to_v.weight,9,0.5,0.9016438722610474,0.05592147260904312,5.843362032464938e-06,0.16665519773960114
style,16,down_blocks.0.attentions.1.transformer_blocks.0.attn2.to_v.weight,10,0.5,0.901928722858429,0.055842217057943344,6.902473160153022e-06,0.1665489673614502
style,16,down_blocks.0.attentions.1.transformer_blocks.0.attn2.to_v.weight,11,0.5,0.9017578363418579,0.05591787397861481,6.498309630842414e-06,0.16661037504673004
style,16,down_blocks.0.attentions.1.transformer_blocks.0.attn2.to_v.weight,12,0.5,0.9014974236488342,0.05582987144589424,5.8383584473631345e-06,0.16673217713832855
style,16,down_blocks.0.attentions.1.transformer_blocks.0.attn2.to_v.weight,13,0.5,0.9020630121231079,0.05593002960085869,6.31173816145747e-06,0.166627436876297
style,16,down_blocks.0.attentions.1.transformer_blocks.0.attn2.to_v.weight,14,0.5,0.9014567136764526,0.05590304359793663,7.02631314197788e-06,0.16661642491817474
style,16,down_blocks.0.attentions.1.transformer_blocks.0.attn2.to_v.weight,15,0.5,0.9018229246139526,0.05585496872663498,6.143298833194422e-06,0.16657456755638123
style,16,down_blocks.0.attentions.1.transformer_blocks.0.attn2.to_v.weight,16,0.5,0.9017699956893921,0.055844999849796295,6.0509496506711e-06,0.16673514246940613
style,16,down_blocks.1.attentions.0.transformer_blocks.0.attn2.to_k.weight,1,0.5,0.9056071043014526,0.04964759200811386,0.0001778006844688207,0.17076221108436584
style,16,down_blocks.1.attentions.0.transformer_blocks.0.attn2.to_k.weight,2,0.5,0.906079113483429,0.049611158668994904,1.5751211321912706e-05,0.1707901805639267
style,16,down_blocks.1.attentions.0.transformer_blocks.0.attn2.to_k.weight,3,0.5,0.9056498408317566,0.049646276980638504,1.1136514331155922e-05,0.17086951434612274
style,16,down_blocks.1.attentions.0.transformer_blocks.0.attn2.to_k.weight,4,0.5,0.90606689453125,0.04964175075292587,1.002191402221797e-05,0.17078176140785217
style,16,down_blocks.1.attentions.0.transformer_blocks.0.attn2.to_k.weight,5,0.5,0.9056783318519592,0.049646683037281036,9.992710147344042e-06,0.17082059383392334
style,16,down_blocks.1.attentions.0.transformer_blocks.0.attn2.to_k.weight,6,0.5,0.9060445427894592,0.049618761986494064,9.27600012801122e-06,0.17074313759803772
style,16,down_blocks.1.attentions.0.transformer_blocks.0.attn2.to_k.weight,7,0.5,0.9057088494300842,0.04966290295124054,1.053192318067886e-05,0.17083358764648438
style,16,down_blocks.1.attentions.0.transformer_blocks.0.attn2.to_k.weight,8,0.5,0.9060729742050171,0.04963448643684387,9.92835430224659e-06,0.1707714945077896
style,16,down_blocks.1.attentions.0.transformer_blocks.0.attn2.to_k.weight,9,0.5,0.9055643677711487,0.04966131970286369,9.067512110050302e-06,0.17090138792991638
style,16,down_blocks.1.attentions.0.transformer_blocks.0.attn2.to_k.weight,10,0.5,0.9060018062591553,0.04964467138051987,9.242413398169447e-06,0.17077450454235077
style,16,down_blocks.1.attentions.0.transformer_blocks.0.attn2.to_k.weight,11,0.5,0.905749499797821,0.04965737834572792,9.344307727587875e-06,0.1708269715309143
style,16,down_blocks.1.attentions.0.transformer_blocks.0.attn2.to_k.weight,12,0.5,0.9060831665992737,0.04963395744562149,9.890248293231707e-06,0.17080062627792358
style,16,down_blocks.1.attentions.0.transformer_blocks.0.attn2.to_k.weight,13,0.5,0.9055277705192566,0.0496617928147316,9.86076793196844e-06,0.1708192229270935
style,16,down_blocks.1.attentions.0.transformer_blocks.0.attn2.to_k.weight,14,0.5,0.9060872197151184,0.04963125288486481,9.750108802109025e-06,0.17080122232437134
style,16,down_blocks.1.attentions.0.transformer_blocks.0.attn2.to_k.weight,15,0.5,0.9056762456893921,0.049662068486213684,8.436185453319922e-06,0.17087921500205994
style,16,down_blocks.1.attentions.0.transformer_blocks.0.attn2.to_k.weight,16,0.5,0.9060567021369934,0.04964103922247887,8.87609894562047e-06,0.17073726654052734
style,16,down_blocks.1.attentions.0.transformer_blocks.0.attn2.to_v.weight,1,0.5,0.9103963375091553,0.04508223012089729,6.04077176831197e-05,0.15542709827423096
style,16,down_blocks.1.attentions.0.transformer_blocks.0.attn2.to_v.weight,2,0.5,0.9108316898345947,0.045088205486536026,8.513288776157424e-06,0.1555451899766922
style,16,down_blocks.1.attentions.0.transformer_blocks.0.attn2.to_v.weight,3,0.5,0.9106892943382263,0.045078493654727936,6.152707101136912e-06,0.15541605651378632
style,16,down_blocks.1.attentions.0.transformer_blocks.0.attn2.to_v.weight,4,0.5,0.91070556640625,0.04508622735738754,5.927366601099493e-06,0.15541797876358032
style,16,down_blocks.1.attentions.0.transformer_blocks.0.attn2.to_v.weight,5,0.5,0.9107523560523987,0.04507075622677803,5.880793651158456e-06,0.15548306703567505
style,16,down_blocks.1.attentions.0.transformer_blocks.0.attn2.to_v.weight,6,0.5,0.910784900188446,0.04508108273148537,5.2732480071426835e-06,0.15548235177993774
style,16,down_blocks.1.attentions.0.transformer_blocks.0.attn2.to_v.weight,7,0.5,0.9106547236442566,0.0451008640229702,5.93826098338468e-06,0.15542690455913544
style,16,down_blocks.1.attentions.0.transformer_blocks.0.attn2.to_v.weight,8,0.5,0.9110087156295776,0.04509219899773598,5.629083716485184e-06,0.15550048649311066
style,16,down_blocks.1.attentions.0.transformer_blocks.0.attn2.to_v.weight,9,0.5,0.9105631709098816,0.04506541043519974,5.093132131150924e-06,0.15543882548809052
style,16,down_blocks.1.attentions.0.transformer_blocks.0.attn2.to_v.weight,10,0.5,0.9109639525413513,0.045095618814229965,5.797626727144234e-06,0.15545174479484558
style,16,down_blocks.1.attentions.0.transformer_blocks.0.attn2.to_v.weight,11,0.5,0.9107116460800171,0.04508992284536362,5.519912974705221e-06,0.15545281767845154
style,16,down_blocks.1.attentions.0.transformer_blocks.0.attn2.to_v.weight,12,0.5,0.9109252691268921,0.045077890157699585,5.034804416936822e-06,0.15547502040863037
style,16,down_blocks.1.attentions.0.transformer_blocks.0.attn2.to_v.weight,13,0.5,0.910614013671875,0.045095764100551605,5.7220559028792195e-06,0.15541782975196838
style,16,down_blocks.1.attentions.0.transformer_blocks.0.attn2.to_v.weight,14,0.5,0.910968005657196,0.04508766904473305,5.816204520669999e-06,0.15549598634243011
style,16,down_blocks.1.attentions.0.transformer_blocks.0.attn2.to_v.weight,15,0.5,0.9106730222702026,0.04507233574986458,5.066680841991911e-06,0.15540236234664917
style,16,down_blocks.1.attentions.0.transformer_blocks.0.attn2.to_v.weight,16,0.5,0.9108256101608276,0.04509412497282028,5.490064722835086e-06,0.1554596871137619
style,16,down_blocks.1.attentions.1.transformer_blocks.0.attn2.to_k.weight,1,0.5,0.8981262445449829,0.06117303669452667,0.00018438842380419374,0.19578580558300018
style,16,down_blocks.1.attentions.1.transformer_blocks.0.attn2.to_k.weight,2,0.5,0.8981974124908447,0.061111580580472946,2.4699462301214226e-05,0.1956409215927124
style,16,down_blocks.1.attentions.1.transformer_blocks.0.attn2.to_k.weight,3,0.5,0.8978922367095947,0.06114264205098152,1.6629679521429352e-05,0.19569897651672363
style,16,down_blocks.1.attentions.1.transformer_blocks.0.attn2.to_k.weight,4,0.5,0.8980753421783447,0.061144258826971054,1.711914228508249e-05,0.19573426246643066
style,16,down_blocks.1.attentions.1.transformer_blocks.0.attn2.to_k.weight,5,0.5,0.8980265259742737,0.061165951192379,1.6281785065075383e-05,0.19583135843276978
style,16,down_blocks.1.attentions.1.transformer_blocks.0.attn2.to_k.weight,6,0.5,0.898175060749054,0.06113705411553383,1.578732735652011e-05,0.19571225345134735
style,16,down_blocks.1.attentions.1.transformer_blocks.0.attn2.to_k.weight,7,0.5,0.898114025592804,0.06116731837391853,1.5557845472358167e-05,0.19570302963256836
style,16,down_blocks.1.attentions.1.transformer_blocks.0.attn2.to_k.weight,8,0.5,0.8978373408317566,0.061127353459596634,1.3348643733479548e-05,0.19572044909000397
style,16,down_blocks.1.attentions.1.transformer_blocks.0.attn2.to_k.weight,9,0.5,0.8980672359466553,0.06118066608905792,1.6440106264781207e-05,0.1957647055387497
style,16,down_blocks.1.attentions.1.transformer_blocks.0.attn2.to_k.weight,10,0.5,0.8979410529136658,0.06115313246846199,1.409851847711252e-05,0.19574981927871704
style,16,down_blocks.1.attentions.1.transformer_blocks.0.attn2.to_k.weight,11,0.5,0.8982035517692566,0.06116889417171478,1.5325695130741224e-05,0.1957179754972458
style,16,down_blocks.1.attentions.1.transformer_blocks.0.attn2.to_k.weight,12,0.5,0.8981078863143921,0.06111885979771614,1.3909002518630587e-05,0.19562730193138123
style,16,down_blocks.1.attentions.1.transformer_blocks.0.attn2.to_k.weight,13,0.5,0.897778332233429,0.06116090342402458,1.4292841115093324e-05,0.195782870054245
style,16,down_blocks.1.attentions.1.transformer_blocks.0.attn2.to_k.weight,14,0.5,0.8979126214981079,0.061150893568992615,1.7010161172947846e-05,0.19576644897460938
style,16,down_blocks.1.attentions.1.transformer_blocks.0.attn2.to_k.weight,15,0.5,0.8980773687362671,0.06116481125354767,1.3718829904973973e-05,0.195702463388443
style,16,down_blocks.1.attentions.1.transformer_blocks.0.attn2.to_k.weight,16,0.5,0.8980672359466553,0.06115683540701866,1.4726600966241676e-05,0.19575312733650208
style,16,down_blocks.1.attentions.1.transformer_blocks.0.attn2.to_v.weight,1,0.5,0.9082133173942566,0.04578239470720291,5.1639257435454056e-05,0.15522831678390503
style,16,down_blocks.1.attentions.1.transformer_blocks.0.attn2.to_v.weight,2,0.5,0.9079874753952026,0.04573206976056099,1.0088267117680516e-05,0.15516237914562225
style,16,down_blocks.1.attentions.1.transformer_blocks.0.attn2.to_v.weight,3,0.5,0.9080037474632263,0.045785315334796906,7.825758075341582e-06,0.15519855916500092
style,16,down_blocks.1.attentions.1.transformer_blocks.0.attn2.to_v.weight,4,0.5,0.9078654050827026,0.04579571262001991,7.530548373324564e-06,0.15520498156547546
style,16,down_blocks.1.attentions.1.transformer_blocks.0.attn2.to_v.weight,5,0.5,0.9079487919807434,0.04577004536986351,7.50854951547808e-06,0.1552017480134964
style,16,down_blocks.1.attentions.1.transformer_blocks.0.attn2.to_v.weight,6,0.5,0.9077392816543579,0.04578321427106857,7.149197699618526e-06,0.15528333187103271
style,16,down_blocks.1.attentions.1.transformer_blocks.0.attn2.to_v.weight,7,0.5,0.9080281853675842,0.045777708292007446,7.216348876681877e-06,0.1551305502653122
style,16,down_blocks.1.attentions.1.transformer_blocks.0.attn2.to_v.weight,8,0.5,0.9079040288925171,0.04573896527290344,7.267449745995691e-06,0.15521825850009918
style,16,down_blocks.1.attentions.1.transformer_blocks.0.attn2.to_v.weight,9,0.5,0.9076619744300842,0.04579100385308266,7.030212145764381e-06,0.1552131175994873
style,16,down_blocks.1.attentions.1.transformer_blocks.0.attn2.to_v.weight,10,0.5,0.9079976677894592,0.04577188566327095,7.346273832808947e-06,0.15526071190834045
style,16,down_blocks.1.attentions.1.transformer_blocks.0.attn2.to_v.weight,11,0.5,0.9083089232444763,0.04576572775840759,7.377508609351935e-06,0.1552410125732422
style,16,down_blocks.1.attentions.1.transformer_blocks.0.attn2.to_v.weight,12,0.5,0.9077514410018921,0.04577355086803436,6.845437383162789e-06,0.1551828235387802
style,16,down_blocks.1.attentions.1.transformer_blocks.0.attn2.to_v.weight,13,0.5,0.9081685543060303,0.045785896480083466,7.092397481756052e-06,0.15515577793121338
style,16,down_blocks.1.attentions.1.transformer_blocks.0.attn2.to_v.weight,14,0.5,0.9076477289199829,0.04575078934431076,7.3909159254981205e-06,0.15520843863487244
style,16,down_blocks.1.attentions.1.transformer_blocks.0.attn2.to_v.weight,15,0.5,0.9077860713005066,0.045778676867485046,6.953835054446245e-06,0.15515024960041046
style,16,down_blocks.1.attentions.1.transformer_blocks.0.attn2.to_v.weight,16,0.5,0.907879650592804,0.04578026384115219,7.116696451703319e-06,0.15532176196575165
style,16,down_blocks.2.attentions.0.transformer_blocks.0.attn2.to_k.weight,1,0.5,0.9087941646575928,0.046236176043748856,0.000131705601233989,0.16726045310497284
style,16,down_blocks.2.attentions.0.transformer_blocks.0.attn2.to_k.weight,2,0.5,0.9089182615280151,0.046239640563726425,9.583218343323097e-06,0.16728797554969788
style,16,down_blocks.2.attentions.0.transformer_blocks.0.attn2.to_k.weight,3,0.5,0.9088500738143921,0.04623076319694519,6.9503466875175945e-06,0.16724923253059387
style,16,down_blocks.2.attentions.0.transformer_blocks.0.attn2.to_k.weight,4,0.5,0.9089853763580322,0.04624384269118309,5.963570856692968e-06,0.16726458072662354
style,16,down_blocks.2.attentions.0.transformer_blocks.0.attn2.to_k.weight,5,0.5,0.9087595343589783,0.04623568430542946,7.075712801452028e-06,0.16728106141090393
style,16,down_blocks.2.attentions.0.transformer_blocks.0.attn2.to_k.weight,6,0.5,0.9089263677597046,0.046236567199230194,6.398868208634667e-06,0.16726215183734894
style,16,down_blocks.2.attentions.0.transformer_blocks.0.attn2.to_k.weight,7,0.5,0.9087432622909546,0.046241432428359985,5.898371455259621e-06,0.16727708280086517
style,16,down_blocks.2.attentions.0.transformer_blocks.0.attn2.to_k.weight,8,0.5,0.9089090824127197,0.04624107480049133,5.325505753717152e-06,0.16727708280086517
style,16,down_blocks.2.attentions.0.transformer_blocks.0.attn2.to_k.weight,9,0.5,0.908721923828125,0.04624107480049133,6.597079391212901e-06,0.16729609668254852
style,16,down_blocks.2.attentions.0.transformer_blocks.0.attn2.to_k.weight,10,0.5,0.908862292766571,0.04624069109559059,6.533290161314653e-06,0.16726802289485931
style,16,down_blocks.2.attentions.0.transformer_blocks.0.attn2.to_k.weight,11,0.5,0.9087972044944763,0.04623852297663689,5.933123247814365e-06,0.16725187003612518
style,16,down_blocks.2.attentions.0.transformer_blocks.0.attn2.to_k.weight,12,0.5,0.9089935421943665,0.046235837042331696,6.449739430536283e-06,0.16726310551166534
style,16,down_blocks.2.attentions.0.transformer_blocks.0.attn2.to_k.weight,13,0.5,0.9087026119232178,0.04624909535050392,6.3359389059769455e-06,0.16731302440166473
style,16,down_blocks.2.attentions.0.transformer_blocks.0.attn2.to_k.weight,14,0.5,0.9089395999908447,0.04624411463737488,6.162260888231685e-06,0.16726434230804443
style,16,down_blocks.2.attentions.0.transformer_blocks.0.attn2.to_k.weight,15,0.5,0.9088134765625,0.046237826347351074,4.988123237126274e-06,0.16728508472442627
style,16,down_blocks.2.attentions.0.transformer_blocks.0.attn2.to_k.weight,16,0.5,0.9088714718818665,0.04623676463961601,6.777069302188465e-06,0.16726689040660858
style,16,down_blocks.2.attentions.0.transformer_blocks.0.attn2.to_v.weight,1,0.5,0.9115356206893921,0.044040247797966,8.037617226364091e-05,0.15630874037742615
style,16,down_blocks.2.attentions.0.transformer_blocks.0.attn2.to_v.weight,2,0.5,0.9118397831916809,0.04402424767613411,5.3705934988101944e-06,0.15621693432331085
style,16,down_blocks.2.attentions.0.transformer_blocks.0.attn2.to_v.weight,3,0.5,0.911572277545929,0.04403360188007355,3.822987764579011e-06,0.15622161328792572
style,16,down_blocks.2.attentions.0.transformer_blocks.0.attn2.to_v.weight,4,0.5,0.9117513298988342,0.04403746873140335,3.4757981666189153e-06,0.1562209278345108
style,16,down_blocks.2.attentions.0.transformer_blocks.0.attn2.to_v.weight,5,0.5,0.9116221070289612,0.04402336850762367,3.753611508727772e-06,0.1562063992023468
style,16,down_blocks.2.attentions.0.transformer_blocks.0.attn2.to_v.weight,6,0.5,0.9118031859397888,0.044026345014572144,3.3963001442316454e-06,0.1561792641878128
style,16,down_blocks.2.attentions.0.transformer_blocks.0.attn2.to_v.weight,7,0.5,0.91162109375,0.044030580669641495,3.313825573059148e-06,0.15622933208942413
style,16,down_blocks.2.attentions.0.transformer_blocks.0.attn2.to_v.weight,8,0.5,0.9117777347564697,0.04402976483106613,3.403183654882014e-06,0.1561919003725052
style,16,down_blocks.2.attentions.0.transformer_blocks.0.attn2.to_v.weight,9,0.5,0.9115610718727112,0.04402605816721916,3.344170409036451e-06,0.15620805323123932
style,16,down_blocks.2.attentions.0.transformer_blocks.0.attn2.to_v.weight,10,0.5,0.9117838740348816,0.04403231292963028,3.270372644692543e-06,0.15621870756149292
style,16,down_blocks.2.attentions.0.transformer_blocks.0.attn2.to_v.weight,11,0.5,0.9116129279136658,0.04402760788798332,3.4202337246824754e-06,0.15619641542434692
style,16,down_blocks.2.attentions.0.transformer_blocks.0.attn2.to_v.weight,12,0.5,0.9118154048919678,0.04402783513069153,3.249734618293587e-06,0.15619005262851715
style,16,down_blocks.2.attentions.0.transformer_blocks.0.attn2.to_v.weight,13,0.5,0.91156005859375,0.04403369501233101,3.350996166773257e-06,0.1562524139881134
style,16,down_blocks.2.attentions.0.transformer_blocks.0.attn2.to_v.weight,14,0.5,0.9118082523345947,0.044023461639881134,3.4777219752868405e-06,0.15618400275707245
style,16,down_blocks.2.attentions.0.transformer_blocks.0.attn2.to_v.weight,15,0.5,0.911547839641571,0.04402938112616539,3.124550630673184e-06,0.15619990229606628
style,16,down_blocks.2.attentions.0.transformer_blocks.0.attn2.to_v.weight,16,0.5,0.9117624759674072,0.04403809830546379,3.2107902825373458e-06,0.1562080830335617
style,16,down_blocks.2.attentions.1.transformer_blocks.0.attn2.to_k.weight,1,0.5,0.9104878902435303,0.04599336162209511,0.0001381621405016631,0.1637231856584549
style,16,down_blocks.2.attentions.1.transformer_blocks.0.attn2.to_k.weight,2,0.5,0.9106007814407349,0.04597168788313866,9.647821570979431e-06,0.1636509746313095
style,16,down_blocks.2.attentions.1.transformer_blocks.0.attn2.to_k.weight,3,0.5,0.9106119871139526,0.04598146677017212,6.785915957152611e-06,0.16363072395324707
style,16,down_blocks.2.attentions.1.transformer_blocks.0.attn2.to_k.weight,4,0.5,0.9106740355491638,0.045972540974617004,6.201226824487094e-06,0.16364066302776337
style,16,down_blocks.2.attentions.1.transformer_blocks.0.attn2.to_k.weight,5,0.5,0.9104980230331421,0.04598582535982132,6.771229436708381e-06,0.1635931432247162
style,16,down_blocks.2.attentions.1.transformer_blocks.0.attn2.to_k.weight,6,0.5,0.9106587767601013,0.04597064107656479,6.046342150511919e-06,0.16360002756118774
style,16,down_blocks.2.attentions.1.transformer_blocks.0.attn2.to_k.weight,7,0.5,0.9105905890464783,0.04599355533719063,5.997731022944208e-06,0.163650780916214
style,16,down_blocks.2.attentions.1.transformer_blocks.0.attn2.to_k.weight,8,0.5,0.9107655882835388,0.045970626175403595,6.398727236955892e-06,0.16362318396568298
style,16,down_blocks.2.attentions.1.transformer_blocks.0.attn2.to_k.weight,9,0.5,0.9105560183525085,0.04598655924201012,6.018232852511574e-06,0.16360093653202057
style,16,down_blocks.2.attentions.1.transformer_blocks.0.attn2.to_k.weight,10,0.5,0.9105875492095947,0.045976076275110245,5.788934231532039e-06,0.1636219471693039
style,16,down_blocks.2.attentions.1.transformer_blocks.0.attn2.to_k.weight,11,0.5,0.9105804562568665,0.04599257931113243,5.972438884782605e-06,0.1636376529932022
style,16,down_blocks.2.attentions.1.transformer_blocks.0.attn2.to_k.weight,12,0.5,0.9107696413993835,0.04596614092588425,6.033601039234782e-06,0.16360661387443542
style,16,down_blocks.2.attentions.1.transformer_blocks.0.attn2.to_k.weight,13,0.5,0.9105936884880066,0.04599437862634659,6.07956417297828e-06,0.1636272370815277
style,16,down_blocks.2.attentions.1.transformer_blocks.0.attn2.to_k.weight,14,0.5,0.9106099605560303,0.04597838968038559,6.152250534796622e-06,0.16362984478473663
style,16,down_blocks.2.attentions.1.transformer_blocks.0.attn2.to_k.weight,15,0.5,0.9105845093727112,0.045980099588632584,5.808227797388099e-06,0.163584902882576
style,16,down_blocks.2.attentions.1.transformer_blocks.0.attn2.to_k.weight,16,0.5,0.9107340574264526,0.04597293958067894,5.967126071482198e-06,0.16363771259784698
style,16,down_blocks.2.attentions.1.transformer_blocks.0.attn2.to_v.weight,1,0.5,0.9107167720794678,0.04764827713370323,8.475718641420826e-05,0.15839822590351105
style,16,down_blocks.2.attentions.1.transformer_blocks.0.attn2.to_v.weight,2,0.5,0.9105204343795776,0.047677118331193924,6.32032561043161e-06,0.158373162150383
style,16,down_blocks.2.attentions.1.transformer_blocks.0.attn2.to_v.weight,3,0.5,0.910662829875946,0.047665562480688095,4.456899659999181e-06,0.15837277472019196
style,16,down_blocks.2.attentions.1.transformer_blocks.0.attn2.to_v.weight,4,0.5,0.910571277141571,0.04765772446990013,3.988777734775795e-06,0.15836046636104584
style,16,down_blocks.2.attentions.1.transformer_blocks.0.attn2.to_v.weight,5,0.5,0.9104563593864441,0.04766489937901497,4.2106089495064225e-06,0.15837489068508148
style,16,down_blocks.2.attentions.1.transformer_blocks.0.attn2.to_v.weight,6,0.5,0.9106679558753967,0.04765907675027847,3.764310349652078e-06,0.15835924446582794
style,16,down_blocks.2.attentions.1.transformer_blocks.0.attn2.to_v.weight,7,0.5,0.9105184078216553,0.04765880107879639,3.7721270018664654e-06,0.15836365520954132
style,16,down_blocks.2.attentions.1.transformer_blocks.0.attn2.to_v.weight,8,0.5,0.9104481935501099,0.04766508564352989,3.954528438043781e-06,0.15834610164165497
style,16,down_blocks.2.attentions.1.transformer_blocks.0.attn2.to_v.weight,9,0.5,0.9105672240257263,0.047661829739809036,3.7800332393089775e-06,0.15839672088623047
style,16,down_blocks.2.attentions.1.transformer_blocks.0.attn2.to_v.weight,10,0.5,0.9105743169784546,0.04766204580664635,3.6160163290333003e-06,0.15834620594978333
style,16,down_blocks.2.attentions.1.transformer_blocks.0.attn2.to_v.weight,11,0.5,0.9103943109512329,0.04765968397259712,3.9935966924531385e-06,0.15833386778831482
style,16,down_blocks.2.attentions.1.transformer_blocks.0.attn2.to_v.weight,12,0.5,0.9106048345565796,0.047659970819950104,3.521306325637852e-06,0.15838150680065155
style,16,down_blocks.2.attentions.1.transformer_blocks.0.attn2.to_v.weight,13,0.5,0.9104593992233276,0.04766282066702843,3.7681268167943927e-06,0.1584067940711975
style,16,down_blocks.2.attentions.1.transformer_blocks.0.attn2.to_v.weight,14,0.5,0.9105001091957092,0.04766836389899254,4.212140993331559e-06,0.15834659337997437
style,16,down_blocks.2.attentions.1.transformer_blocks.0.attn2.to_v.weight,15,0.5,0.9105784296989441,0.04766538366675377,3.617405354816583e-06,0.15836948156356812
style,16,down_blocks.2.attentions.1.transformer_blocks.0.attn2.to_v.weight,16,0.5,0.9105244874954224,0.047657646238803864,3.5639852740132483e-06,0.15837602317333221
style,16,up_blocks.1.attentions.0.transformer_blocks.0.attn2.to_k.weight,1,0.5,0.9121378660202026,0.04460511729121208,0.00014383507368620485,0.15837563574314117
style,16,up_blocks.1.attentions.0.transformer_blocks.0.attn2.to_k.weight,2,0.5,0.9120778441429138,0.04459426924586296,7.615948106831638e-06,0.158339262008667
style,16,up_blocks.1.attentions.0.transformer_blocks.0.attn2.to_k.weight,3,0.5,0.9121226072311401,0.04462059959769249,5.448479441838572e-06,0.15841729938983917
style,16,up_blocks.1.attentions.0.transformer_blocks.0.attn2.to_k.weight,4,0.5,0.9121053218841553,0.044603392481803894,5.228810550761409e-06,0.1583651602268219
style,16,up_blocks.1.attentions.0.transformer_blocks.0.attn2.to_k.weight,5,0.5,0.9122273921966553,0.04461435601115227,5.493941898748744e-06,0.15838822722434998
style,16,up_blocks.1.attentions.0.transformer_blocks.0.attn2.to_k.weight,6,0.5,0.9120829105377197,0.044612377882003784,4.605235972121591e-06,0.15840250253677368
style,16,up_blocks.1.attentions.0.transformer_blocks.0.attn2.to_k.weight,7,0.5,0.9121816158294678,0.04461187496781349,5.151510777068324e-06,0.1583985537290573
style,16,up_blocks.1.attentions.0.transformer_blocks.0.attn2.to_k.weight,8,0.5,0.912152111530304,0.04461132735013962,5.101661827211501e-06,0.15838442742824554
style,16,up_blocks.1.attentions.0.transformer_blocks.0.attn2.to_k.weight,9,0.5,0.9122121334075928,0.04461490735411644,4.882379471382592e-06,0.15836504101753235
style,16,up_blocks.1.attentions.0.transformer_blocks.0.attn2.to_k.weight,10,0.5,0.912139892578125,0.044611167162656784,4.972097485733684e-06,0.15840260684490204
style,16,up_blocks.1.attentions.0.transformer_blocks.0.attn2.to_k.weight,11,0.5,0.9121348261833191,0.04461969435214996,4.822732535103569e-06,0.15840767323970795
style,16,up_blocks.1.attentions.0.transformer_blocks.0.attn2.to_k.weight,12,0.5,0.9120381474494934,0.044609881937503815,4.8421034080092795e-06,0.1583959460258484
style,16,up_blocks.1.attentions.0.transformer_blocks.0.attn2.to_k.weight,13,0.5,0.912261962890625,0.04461939260363579,4.809214715351118e-06,0.15839338302612305
style,16,up_blocks.1.attentions.0.transformer_blocks.0.attn2.to_k.weight,14,0.5,0.9121876955032349,0.04460373893380165,5.492615855473559e-06,0.15834353864192963
style,16,up_blocks.1.attentions.0.transformer_blocks.0.attn2.to_k.weight,15,0.5,0.9121500849723816,0.044621534645557404,4.805252046935493e-06,0.1584111601114273
style,16,up_blocks.1.attentions.0.transformer_blocks.0.attn2.to_k.weight,16,0.5,0.9120798707008362,0.04461245611310005,4.237823759467574e-06,0.15841086208820343
style,16,up_blocks.1.attentions.0.transformer_blocks.0.attn2.to_v.weight,1,0.5,0.9109761714935303,0.04611940681934357,0.00010471353016328067,0.15641683340072632
style,16,up_blocks.1.attentions.0.transformer_blocks.0.attn2.to_v.weight,2,0.5,0.9108235836029053,0.046127550303936005,5.427737505669938e-06,0.15637944638729095
style,16,up_blocks.1.attentions.0.transformer_blocks.0.attn2.to_v.weight,3,0.5,0.9108194708824158,0.046133898198604584,3.7899687868048204e-06,0.15643362700939178
style,16,up_blocks.1.attentions.0.transformer_blocks.0.attn2.to_v.weight,4,0.5,0.9107859134674072,0.046118300408124924,3.5965388178738067e-06,0.1563870906829834
style,16,up_blocks.1.attentions.0.transformer_blocks.0.attn2.to_v.weight,5,0.5,0.9108754396438599,0.046125128865242004,3.7311936011974467e-06,0.156423881649971
style,16,up_blocks.1.attentions.0.transformer_blocks.0.attn2.to_v.weight,6,0.5,0.91082763671875,0.04611380025744438,3.4758024867187487e-06,0.15637697279453278
style,16,up_blocks.1.attentions.0.transformer_blocks.0.attn2.to_v.weight,7,0.5,0.9107950925827026,0.046132560819387436,3.4289002996956697e-06,0.1564161777496338
style,16,up_blocks.1.attentions.0.transformer_blocks.0.attn2.to_v.weight,8,0.5,0.9107452630996704,0.04611515253782272,3.293042254881584e-06,0.1563900113105774
style,16,up_blocks.1.attentions.0.transformer_blocks.0.attn2.to_v.weight,9,0.5,0.9108663201332092,0.04612281918525696,3.5014386412512977e-06,0.1564171314239502
style,16,up_blocks.1.attentions.0.transformer_blocks.0.attn2.to_v.weight,10,0.5,0.9107900261878967,0.04611881822347641,3.6472713418334024e-06,0.15637408196926117
style,16,up_blocks.1.attentions.0.transformer_blocks.0.attn2.to_v.weight,11,0.5,0.9108123779296875,0.04612628370523453,3.4179570320702624e-06,0.15641430020332336
style,16,up_blocks.1.attentions.0.transformer_blocks.0.attn2.to_v.weight,12,0.5,0.9107726812362671,0.04611298069357872,3.0119540497253183e-06,0.1563900113105774
style,16,up_blocks.1.attentions.0.transformer_blocks.0.attn2.to_v.weight,13,0.5,0.910809338092804,0.046128157526254654,3.5246534935140517e-06,0.15642601251602173
style,16,up_blocks.1.attentions.0.transformer_blocks.0.attn2.to_v.weight,14,0.5,0.9108113646507263,0.046115174889564514,3.6704518606711645e-06,0.15637442469596863
style,16,up_blocks.1.attentions.0.transformer_blocks.0.attn2.to_v.weight,15,0.5,0.9108245968818665,0.046126458793878555,3.1868028145254357e-06,0.15641632676124573
style,16,up_blocks.1.attentions.0.transformer_blocks.0.attn2.to_v.weight,16,0.5,0.910784900188446,0.04611241817474365,3.2597226891084574e-06,0.1563854217529297
style,16,up_blocks.1.attentions.1.transformer_blocks.0.attn2.to_k.weight,1,0.5,0.9114277958869934,0.04681271314620972,0.0001529459550511092,0.160008504986763
style,16,up_blocks.1.attentions.1.transformer_blocks.0.attn2.to_k.weight,2,0.5,0.9115193486213684,0.046791620552539825,7.221519808808807e-06,0.15995503962039948
style,16,up_blocks.1.attentions.1.transformer_blocks.0.attn2.to_k.weight,3,0.5,0.9115539789199829,0.0467880479991436,5.308461368258577e-06,0.15991973876953125
style,16,up_blocks.1.attentions.1.transformer_blocks.0.attn2.to_k.weight,4,0.5,0.9115407466888428,0.046795353293418884,4.5522783693741076e-06,0.15992578864097595
style,16,up_blocks.1.attentions.1.transformer_blocks.0.attn2.to_k.weight,5,0.5,0.9115661382675171,0.04679916054010391,5.388025329011725e-06,0.15995588898658752
style,16,up_blocks.1.attentions.1.transformer_blocks.0.attn2.to_k.weight,6,0.5,0.911590576171875,0.04678601399064064,4.79891514260089e-06,0.15991556644439697
style,16,up_blocks.1.attentions.1.transformer_blocks.0.attn2.to_k.weight,7,0.5,0.9114786982536316,0.04680327698588371,4.6443406063190196e-06,0.15995033085346222
style,16,up_blocks.1.attentions.1.transformer_blocks.0.attn2.to_k.weight,8,0.5,0.9115702509880066,0.04679320752620697,5.128474185767118e-06,0.15991973876953125
style,16,up_blocks.1.attentions.1.transformer_blocks.0.attn2.to_k.weight,9,0.5,0.9115539789199829,0.04679602012038231,4.60357341580675e-06,0.15993420779705048
style,16,up_blocks.1.attentions.1.transformer_blocks.0.attn2.to_k.weight,10,0.5,0.9114797115325928,0.04679441824555397,4.444137630343903e-06,0.15991917252540588
style,16,up_blocks.1.attentions.1.transformer_blocks.0.attn2.to_k.weight,11,0.5,0.9115966558456421,0.04679424315690994,5.094031621410977e-06,0.15993425250053406
style,16,up_blocks.1.attentions.1.transformer_blocks.0.attn2.to_k.weight,12,0.5,0.9115620851516724,0.04678882658481598,4.741878910863306e-06,0.15991011261940002
style,16,up_blocks.1.attentions.1.transformer_blocks.0.attn2.to_k.weight,13,0.5,0.9114969968795776,0.0468052439391613,4.612033535522642e-06,0.15996237099170685
style,16,up_blocks.1.attentions.1.transformer_blocks.0.attn2.to_k.weight,14,0.5,0.9115915894508362,0.04679334908723831,5.1464953685353976e-06,0.15991593897342682
style,16,up_blocks.1.attentions.1.transformer_blocks.0.attn2.to_k.weight,15,0.5,0.9115224480628967,0.04679257795214653,4.3344653022359125e-06,0.15991538763046265
style,16,up_blocks.1.attentions.1.transformer_blocks.0.attn2.to_k.weight,16,0.5,0.9115529656410217,0.04679412767291069,4.403192178870086e-06,0.15993261337280273
style,16,up_blocks.1.attentions.1.transformer_blocks.0.attn2.to_v.weight,1,0.5,0.9127349853515625,0.04675701633095741,0.00011617467680480331,0.1531446874141693
style,16,up_blocks.1.attentions.1.transformer_blocks.0.attn2.to_v.weight,2,0.5,0.9127461910247803,0.04675249382853508,6.715801191603532e-06,0.1531573086977005
style,16,up_blocks.1.attentions.1.transformer_blocks.0.attn2.to_v.weight,3,0.5,0.9126942753791809,0.046772997826337814,4.668955625675153e-06,0.15318834781646729
style,16,up_blocks.1.attentions.1.transformer_blocks.0.attn2.to_v.weight,4,0.5,0.9129374027252197,0.04675384238362312,4.289280695957132e-06,0.15312319993972778
style,16,up_blocks.1.attentions.1.transformer_blocks.0.attn2.to_v.weight,5,0.5,0.9125894904136658,0.046777185052633286,4.312246801418951e-06,0.15320856869220734
style,16,up_blocks.1.attentions.1.transformer_blocks.0.attn2.to_v.weight,6,0.5,0.9128631353378296,0.0467606857419014,3.7841280118300347e-06,0.15314839780330658
style,16,up_blocks.1.attentions.1.transformer_blocks.0.attn2.to_v.weight,7,0.5,0.9127553105354309,0.046763889491558075,3.7034767501609167e-06,0.15317673981189728
style,16,up_blocks.1.attentions.1.transformer_blocks.0.attn2.to_v.weight,8,0.5,0.9127746820449829,0.04676125943660736,3.915133675036486e-06,0.15313149988651276
style,16,up_blocks.1.attentions.1.transformer_blocks.0.attn2.to_v.weight,9,0.5,0.9126749634742737,0.04677172750234604,3.784909495152533e-06,0.15319669246673584
style,16,up_blocks.1.attentions.1.transformer_blocks.0.attn2.to_v.weight,10,0.5,0.9129608273506165,0.04674932360649109,3.8808148019597866e-06,0.15311428904533386
style,16,up_blocks.1.attentions.1.transformer_blocks.0.attn2.to_v.weight,11,0.5,0.91259765625,0.04677501693367958,3.870759428536985e-06,0.1532151848077774
style,16,up_blocks.1.attentions.1.transformer_blocks.0.attn2.to_v.weight,12,0.5,0.9128580689430237,0.04675678536295891,3.384694082342321e-06,0.15313026309013367
style,16,up_blocks.1.attentions.1.transformer_blocks.0.attn2.to_v.weight,13,0.5,0.9127258062362671,0.04676264896988869,3.821085101662902e-06,0.15317274630069733
style,16,up_blocks.1.attentions.1.transformer_blocks.0.attn2.to_v.weight,14,0.5,0.9127970337867737,0.04676181823015213,4.055648787471e-06,0.1531515121459961
style,16,up_blocks.1.attentions.1.transformer_blocks.0.attn2.to_v.weight,15,0.5,0.9127207398414612,0.04677346721291542,3.507924020595965e-06,0.15319237112998962
style,16,up_blocks.1.attentions.1.transformer_blocks.0.attn2.to_v.weight,16,0.5,0.9129170775413513,0.04674738645553589,3.629852017184021e-06,0.15311992168426514
style,16,up_blocks.1.attentions.2.transformer_blocks.0.attn2.to_k.weight,1,0.5,0.9110046625137329,0.04543597251176834,0.0001538750366307795,0.16155993938446045
style,16,up_blocks.1.attentions.2.transformer_blocks.0.attn2.to_k.weight,2,0.5,0.9110036492347717,0.04545542597770691,8.432912181888241e-06,0.1615096926689148
style,16,up_blocks.1.attentions.2.transformer_blocks.0.attn2.to_k.weight,3,0.5,0.9109557867050171,0.04544350132346153,5.937434707448119e-06,0.16155286133289337
style,16,up_blocks.1.attentions.2.transformer_blocks.0.attn2.to_k.weight,4,0.5,0.9109873175621033,0.045442599803209305,5.5216337386809755e-06,0.16153553128242493
style,16,up_blocks.1.attentions.2.transformer_blocks.0.attn2.to_k.weight,5,0.5,0.9110015630722046,0.045445606112480164,7.069257208058843e-06,0.16157861053943634
style,16,up_blocks.1.attentions.2.transformer_blocks.0.attn2.to_k.weight,6,0.5,0.9111236333847046,0.0454525388777256,5.808608420920791e-06,0.16151873767375946
style,16,up_blocks.1.attentions.2.transformer_blocks.0.attn2.to_k.weight,7,0.5,0.910961925983429,0.04544154554605484,5.178617811907316e-06,0.1615733802318573
style,16,up_blocks.1.attentions.2.transformer_blocks.0.attn2.to_k.weight,8,0.5,0.9109792113304138,0.045446790754795074,5.155384315003175e-06,0.16151192784309387
style,16,up_blocks.1.attentions.2.transformer_blocks.0.attn2.to_k.weight,9,0.5,0.9110158085823059,0.045438531786203384,6.441281129809795e-06,0.16155721247196198
style,16,up_blocks.1.attentions.2.transformer_blocks.0.attn2.to_k.weight,10,0.5,0.911090075969696,0.04544088616967201,5.9357957979955245e-06,0.16152437031269073
style,16,up_blocks.1.attentions.2.transformer_blocks.0.attn2.to_k.weight,11,0.5,0.9110249876976013,0.04545353725552559,5.395975676947273e-06,0.16156113147735596
style,16,up_blocks.1.attentions.2.transformer_blocks.0.attn2.to_k.weight,12,0.5,0.9109303951263428,0.04544500261545181,4.727458417619346e-06,0.1615130603313446
style,16,up_blocks.1.attentions.2.transformer_blocks.0.attn2.to_k.weight,13,0.5,0.9109863042831421,0.04543047770857811,6.576604391739238e-06,0.16157746315002441
style,16,up_blocks.1.attentions.2.transformer_blocks.0.attn2.to_k.weight,14,0.5,0.9111033082008362,0.0454532727599144,6.1927171373099554e-06,0.16150221228599548
style,16,up_blocks.1.attentions.2.transformer_blocks.0.attn2.to_k.weight,15,0.5,0.9110036492347717,0.04544120281934738,4.925639586872421e-06,0.16155534982681274
style,16,up_blocks.1.attentions.2.transformer_blocks.0.attn2.to_k.weight,16,0.5,0.9110137820243835,0.045442454516887665,5.005625098419841e-06,0.16154423356056213
style,16,up_blocks.1.attentions.2.transformer_blocks.0.attn2.to_v.weight,1,0.5,0.9110249876976013,0.045277196913957596,0.00010695583478081971,0.15197017788887024
style,16,up_blocks.1.attentions.2.transformer_blocks.0.attn2.to_v.weight,2,0.5,0.9111165404319763,0.04527359455823898,7.901137905719224e-06,0.15199019014835358
style,16,up_blocks.1.attentions.2.transformer_blocks.0.attn2.to_v.weight,3,0.5,0.9111012816429138,0.04527504742145538,5.494444394571474e-06,0.15197737514972687
style,16,up_blocks.1.attentions.2.transformer_blocks.0.attn2.to_v.weight,4,0.5,0.9110178351402283,0.045286521315574646,4.940059625369031e-06,0.1519564390182495
style,16,up_blocks.1.attentions.2.transformer_blocks.0.attn2.to_v.weight,5,0.5,0.9111470580101013,0.0452866367995739,5.214052634983091e-06,0.15200188755989075
style,16,up_blocks.1.attentions.2.transformer_blocks.0.attn2.to_v.weight,6,0.5,0.9111694097518921,0.045277465134859085,4.996587449568324e-06,0.15196305513381958
style,16,up_blocks.1.attentions.2.transformer_blocks.0.attn2.to_v.weight,7,0.5,0.9110087156295776,0.045285388827323914,4.85018836116069e-06,0.1519709974527359
style,16,up_blocks.1.attentions.2.transformer_blocks.0.attn2.to_v.weight,8,0.5,0.9110270142555237,0.04529227316379547,4.6056616156420205e-06,0.15199728310108185
style,16,up_blocks.1.attentions.2.transformer_blocks.0.attn2.to_v.weight,9,0.5,0.9111826419830322,0.04526906833052635,4.709207587438868e-06,0.15195932984352112
style,16,up_blocks.1.attentions.2.transformer_blocks.0.attn2.to_v.weight,10,0.5,0.9110697507858276,0.04528176039457321,4.898679890175117e-06,0.1519879847764969
style,16,up_blocks.1.attentions.2.transformer_blocks.0.attn2.to_v.weight,11,0.5,0.9111419916152954,0.04528804495930672,5.008494554203935e-06,0.15198947489261627
style,16,up_blocks.1.attentions.2.transformer_blocks.0.attn2.to_v.weight,12,0.5,0.9111226201057434,0.045274585485458374,4.273777904018061e-06,0.15194351971149445
style,16,up_blocks.1.attentions.2.transformer_blocks.0.attn2.to_v.weight,13,0.5,0.9109964966773987,0.045286230742931366,4.817377885046881e-06,0.15199169516563416
style,16,up_blocks.1.attentions.2.transformer_blocks.0.attn2.to_v.weight,14,0.5,0.9111683964729309,0.04528352990746498,5.0588032536325045e-06,0.15199019014835358
style,16,up_blocks.1.attentions.2.transformer_blocks.0.attn2.to_v.weight,15,0.5,0.9111226201057434,0.04527205228805542,4.331376658228692e-06,0.15193785727024078
style,16,up_blocks.1.attentions.2.transformer_blocks.0.attn2.to_v.weight,16,0.5,0.911029040813446,0.045290134847164154,4.76007653560373e-06,0.15197834372520447
style,16,up_blocks.2.attentions.0.transformer_blocks.0.attn2.to_k.weight,1,0.5,0.9028117060661316,0.05013037472963333,0.00019609044829849154,0.17463046312332153
style,16,up_blocks.2.attentions.0.transformer_blocks.0.attn2.to_k.weight,2,0.5,0.9026834964752197,0.0501319095492363,1.601651638338808e-05,0.17460153996944427
style,16,up_blocks.2.attentions.0.transformer_blocks.0.attn2.to_k.weight,3,0.5,0.902740478515625,0.05014936625957489,1.1375404028513003e-05,0.17461854219436646
style,16,up_blocks.2.attentions.0.transformer_blocks.0.attn2.to_k.weight,4,0.5,0.9027628302574158,0.05012333393096924,1.0334106264053844e-05,0.17456620931625366
style,16,up_blocks.2.attentions.0.transformer_blocks.0.attn2.to_k.weight,5,0.5,0.9027689695358276,0.05014890804886818,1.0453881259309128e-05,0.17471414804458618
style,16,up_blocks.2.attentions.0.transformer_blocks.0.attn2.to_k.weight,6,0.5,0.9027302861213684,0.05011652782559395,9.672648047853727e-06,0.1745898276567459
style,16,up_blocks.2.attentions.0.transformer_blocks.0.attn2.to_k.weight,7,0.5,0.9025960564613342,0.05013323575258255,1.0386478606960736e-05,0.1745791733264923
style,16,up_blocks.2.attentions.0.transformer_blocks.0.attn2.to_k.weight,8,0.5,0.9027547240257263,0.05013548210263252,1.0150519301532768e-05,0.17468534409999847
style,16,up_blocks.2.attentions.0.transformer_blocks.0.attn2.to_k.weight,9,0.5,0.9027669429779053,0.05013545975089073,9.179633707390167e-06,0.17464381456375122
style,16,up_blocks.2.attentions.0.transformer_blocks.0.attn2.to_k.weight,10,0.5,0.9027730226516724,0.050116535276174545,1.0009423931478523e-05,0.17455363273620605
style,16,up_blocks.2.attentions.0.transformer_blocks.0.attn2.to_k.weight,11,0.5,0.902606189250946,0.050150856375694275,9.949738341674674e-06,0.17467615008354187
style,16,up_blocks.2.attentions.0.transformer_blocks.0.attn2.to_k.weight,12,0.5,0.902789294719696,0.05011741816997528,9.114621207118034e-06,0.17461983859539032
style,16,up_blocks.2.attentions.0.transformer_blocks.0.attn2.to_k.weight,13,0.5,0.9027201533317566,0.05013930797576904,9.64937498793006e-06,0.1746181696653366
style,16,up_blocks.2.attentions.0.transformer_blocks.0.attn2.to_k.weight,14,0.5,0.9027933478355408,0.050118982791900635,1.0674430086510256e-05,0.17460666596889496
style,16,up_blocks.2.attentions.0.transformer_blocks.0.attn2.to_k.weight,15,0.5,0.9026855230331421,0.0501435212790966,9.476588274992537e-06,0.174663707613945
style,16,up_blocks.2.attentions.0.transformer_blocks.0.attn2.to_k.weight,16,0.5,0.90277099609375,0.05011967197060585,9.086311365535948e-06,0.1745796948671341
style,16,up_blocks.2.attentions.0.transformer_blocks.0.attn2.to_v.weight,1,0.5,0.9129903316497803,0.04330851137638092,0.00014118189574219286,0.14580294489860535
style,16,up_blocks.2.attentions.0.transformer_blocks.0.attn2.to_v.weight,2,0.5,0.9129251837730408,0.04331182688474655,1.1806188012997154e-05,0.14581595361232758
style,16,up_blocks.2.attentions.0.transformer_blocks.0.attn2.to_v.weight,3,0.5,0.9129353761672974,0.04330693930387497,8.528712896804791e-06,0.14587275683879852
style,16,up_blocks.2.attentions.0.transformer_blocks.0.attn2.to_v.weight,4,0.5,0.9130330681800842,0.0433167926967144,7.656893103558104e-06,0.14583347737789154
style,16,up_blocks.2.attentions.0.transformer_blocks.0.attn2.to_v.weight,5,0.5,0.9129557013511658,0.04329962283372879,8.230297680711374e-06,0.14578960835933685
style,16,up_blocks.2.attentions.0.transformer_blocks.0.attn2.to_v.weight,6,0.5,0.9130330681800842,0.0433054082095623,7.385009212157456e-06,0.1458171010017395
style,16,up_blocks.2.attentions.0.transformer_blocks.0.attn2.to_v.weight,7,0.5,0.9129008054733276,0.043308112770318985,7.5958482739224564e-06,0.1458038091659546
style,16,up_blocks.2.attentions.0.transformer_blocks.0.attn2.to_v.weight,8,0.5,0.912982165813446,0.043313320726156235,7.419631856464548e-06,0.1458311676979065
style,16,up_blocks.2.attentions.0.transformer_blocks.0.attn2.to_v.weight,9,0.5,0.9130147099494934,0.043313074856996536,7.328279025387019e-06,0.14583240449428558
style,16,up_blocks.2.attentions.0.transformer_blocks.0.attn2.to_v.weight,10,0.5,0.9129577875137329,0.04330981522798538,7.45149463909911e-06,0.14578916132450104
style,16,up_blocks.2.attentions.0.transformer_blocks.0.attn2.to_v.weight,11,0.5,0.9129883050918579,0.043298568576574326,7.45576289773453e-06,0.14580628275871277
style,16,up_blocks.2.attentions.0.transformer_blocks.0.attn2.to_v.weight,12,0.5,0.9129903316497803,0.04331916198134422,6.680576007056516e-06,0.1458773910999298
style,16,up_blocks.2.attentions.0.transformer_blocks.0.attn2.to_v.weight,13,0.5,0.9129577875137329,0.043309763073921204,7.731719961157069e-06,0.14578324556350708
style,16,up_blocks.2.attentions.0.transformer_blocks.0.attn2.to_v.weight,14,0.5,0.9129618406295776,0.04330495372414589,7.906134669610765e-06,0.1458032876253128
style,16,up_blocks.2.attentions.0.transformer_blocks.0.attn2.to_v.weight,15,0.5,0.9129536747932434,0.043308742344379425,6.849619694548892e-06,0.14587275683879852
style,16,up_blocks.2.attentions.0.transformer_blocks.0.attn2.to_v.weight,16,0.5,0.91302490234375,0.04331778734922409,6.91161358190584e-06,0.145814448595047
style,16,up_blocks.2.attentions.1.transformer_blocks.0.attn2.to_k.weight,1,0.5,0.9076314568519592,0.0519619919359684,0.00016294200031552464,0.1717536300420761
style,16,up_blocks.2.attentions.1.transformer_blocks.0.attn2.to_k.weight,2,0.5,0.9077799320220947,0.05196734145283699,1.5748526493553072e-05,0.17167121171951294
style,16,up_blocks.2.attentions.1.transformer_blocks.0.attn2.to_k.weight,3,0.5,0.9074910283088684,0.0519782230257988,1.1330328561598435e-05,0.17172296345233917
style,16,up_blocks.2.attentions.1.transformer_blocks.0.attn2.to_k.weight,4,0.5,0.9075866937637329,0.05195969343185425,1.0219059731753077e-05,0.1717357337474823
style,16,up_blocks.2.attentions.1.transformer_blocks.0.attn2.to_k.weight,5,0.5,0.9076293706893921,0.05198992043733597,1.128662916016765e-05,0.1717408001422882
style,16,up_blocks.2.attentions.1.transformer_blocks.0.attn2.to_k.weight,6,0.5,0.9078084230422974,0.05196157470345497,9.76622959569795e-06,0.17177778482437134
style,16,up_blocks.2.attentions.1.transformer_blocks.0.attn2.to_k.weight,7,0.5,0.9074564576148987,0.051970891654491425,9.548920388624538e-06,0.1717682033777237
style,16,up_blocks.2.attentions.1.transformer_blocks.0.attn2.to_k.weight,8,0.5,0.9077840447425842,0.0519695058465004,1.066114054992795e-05,0.17177550494670868
style,16,up_blocks.2.attentions.1.transformer_blocks.0.attn2.to_k.weight,9,0.5,0.9074747562408447,0.05199940502643585,9.955975656339433e-06,0.1717473417520523
style,16,up_blocks.2.attentions.1.transformer_blocks.0.attn2.to_k.weight,10,0.5,0.907672107219696,0.051960334181785583,9.321785910287872e-06,0.17171987891197205
style,16,up_blocks.2.attentions.1.transformer_blocks.0.attn2.to_k.weight,11,0.5,0.9075846076011658,0.051978446543216705,1.0118465070263483e-05,0.17182518541812897
style,16,up_blocks.2.attentions.1.transformer_blocks.0.attn2.to_k.weight,12,0.5,0.9078287482261658,0.051968298852443695,9.379273251397535e-06,0.17176616191864014
style,16,up_blocks.2.attentions.1.transformer_blocks.0.attn2.to_k.weight,13,0.5,0.9073404669761658,0.051976870745420456,9.336458788311575e-06,0.17176096141338348
style,16,up_blocks.2.attentions.1.transformer_blocks.0.attn2.to_k.weight,14,0.5,0.907806396484375,0.05196518450975418,1.0962719898088835e-05,0.17177575826644897
style,16,up_blocks.2.attentions.1.transformer_blocks.0.attn2.to_k.weight,15,0.5,0.9076192378997803,0.05197858437895775,9.515877536614425e-06,0.1717265546321869
style,16,up_blocks.2.attentions.1.transformer_blocks.0.attn2.to_k.weight,16,0.5,0.9076558351516724,0.051959507167339325,9.005745596368797e-06,0.17177033424377441
style,16,up_blocks.2.attentions.1.transformer_blocks.0.attn2.to_v.weight,1,0.5,0.9099446535110474,0.04790204018354416,9.870626672636718e-05,0.14947576820850372
style,16,up_blocks.2.attentions.1.transformer_blocks.0.attn2.to_v.weight,2,0.5,0.9095723628997803,0.047924067825078964,1.1187580639671069e-05,0.14944316446781158
style,16,up_blocks.2.attentions.1.transformer_blocks.0.attn2.to_v.weight,3,0.5,0.909680187702179,0.047903843224048615,8.064334906521253e-06,0.14938092231750488
style,16,up_blocks.2.attentions.1.transformer_blocks.0.attn2.to_v.weight,4,0.5,0.9098795652389526,0.04792772978544235,7.482252385671018e-06,0.14945079386234283
style,16,up_blocks.2.attentions.1.transformer_blocks.0.attn2.to_v.weight,5,0.5,0.9094868898391724,0.04793795570731163,7.76053002482513e-06,0.14947621524333954
style,16,up_blocks.2.attentions.1.transformer_blocks.0.attn2.to_v.weight,6,0.5,0.9097554683685303,0.047927528619766235,7.288377673830837e-06,0.14939920604228973
style,16,up_blocks.2.attentions.1.transformer_blocks.0.attn2.to_v.weight,7,0.5,0.9095845818519592,0.047944702208042145,7.695161002629902e-06,0.14944182336330414
style,16,up_blocks.2.attentions.1.transformer_blocks.0.attn2.to_v.weight,8,0.5,0.9096516966819763,0.04794352129101753,7.197394552349579e-06,0.14944316446781158
style,16,up_blocks.2.attentions.1.transformer_blocks.0.attn2.to_v.weight,9,0.5,0.9097127318382263,0.047933515161275864,7.016324161668308e-06,0.14943909645080566
style,16,up_blocks.2.attentions.1.transformer_blocks.0.attn2.to_v.weight,10,0.5,0.9096639156341553,0.04794241487979889,7.247439043567283e-06,0.14945344626903534
style,16,up_blocks.2.attentions.1.transformer_blocks.0.attn2.to_v.weight,11,0.5,0.9096354246139526,0.047943439334630966,7.2250995799549855e-06,0.14936505258083344
style,16,up_blocks.2.attentions.1.transformer_blocks.0.attn2.to_v.weight,12,0.5,0.909710705280304,0.04792547971010208,6.6376915128785186e-06,0.14941097795963287
style,16,up_blocks.2.attentions.1.transformer_blocks.0.attn2.to_v.weight,13,0.5,0.9097350835800171,0.04793976992368698,7.7581553341588e-06,0.14949217438697815
style,16,up_blocks.2.attentions.1.transformer_blocks.0.attn2.to_v.weight,14,0.5,0.90960693359375,0.04794849455356598,7.684194315515924e-06,0.14945301413536072
style,16,up_blocks.2.attentions.1.transformer_blocks.0.attn2.to_v.weight,15,0.5,0.9096354246139526,0.04792424663901329,6.708809451083653e-06,0.14935998618602753
style,16,up_blocks.2.attentions.1.transformer_blocks.0.attn2.to_v.weight,16,0.5,0.9098612666130066,0.04795166477560997,7.095152795955073e-06,0.1494540572166443
style,16,up_blocks.2.attentions.2.transformer_blocks.0.attn2.to_k.weight,1,0.5,0.9055846929550171,0.050254326313734055,0.00016563590907026082,0.1725013107061386
style,16,up_blocks.2.attentions.2.transformer_blocks.0.attn2.to_k.weight,2,0.5,0.9061076045036316,0.05027338117361069,1.7391059373039752e-05,0.17251428961753845
style,16,up_blocks.2.attentions.2.transformer_blocks.0.attn2.to_k.weight,3,0.5,0.905560314655304,0.05027052015066147,1.2057457752234768e-05,0.17246825993061066
style,16,up_blocks.2.attentions.2.transformer_blocks.0.attn2.to_k.weight,4,0.5,0.9061238765716553,0.050263624638319016,9.54971710598329e-06,0.1724611520767212
style,16,up_blocks.2.attentions.2.transformer_blocks.0.attn2.to_k.weight,5,0.5,0.9060587286949158,0.05029471218585968,1.2227351362525951e-05,0.17251349985599518
style,16,up_blocks.2.attentions.2.transformer_blocks.0.attn2.to_k.weight,6,0.5,0.9059773683547974,0.05024758353829384,1.0582870345388073e-05,0.17249958217144012
style,16,up_blocks.2.attentions.2.transformer_blocks.0.attn2.to_k.weight,7,0.5,0.9057881832122803,0.050285547971725464,8.737004463910125e-06,0.17252598702907562
style,16,up_blocks.2.attentions.2.transformer_blocks.0.attn2.to_k.weight,8,0.5,0.906036376953125,0.05027765780687332,1.5284800610970706e-05,0.172414168715477
style,16,up_blocks.2.attentions.2.transformer_blocks.0.attn2.to_k.weight,9,0.5,0.905987560749054,0.05026879534125328,1.3056469470029697e-05,0.17251084744930267
style,16,up_blocks.2.attentions.2.transformer_blocks.0.attn2.to_k.weight,10,0.5,0.9060648679733276,0.05026036128401756,9.97686311166035e-06,0.1724463254213333
style,16,up_blocks.2.attentions.2.transformer_blocks.0.attn2.to_k.weight,11,0.5,0.9060689210891724,0.05028991773724556,1.2104839697713032e-05,0.17249120771884918
style,16,up_blocks.2.attentions.2.transformer_blocks.0.attn2.to_k.weight,12,0.5,0.9059793949127197,0.05025056004524231,1.0434406249260064e-05,0.1724831759929657
style,16,up_blocks.2.attentions.2.transformer_blocks.0.attn2.to_k.weight,13,0.5,0.9060038328170776,0.05028349906206131,8.801746844255831e-06,0.1725149154663086
style,16,up_blocks.2.attentions.2.transformer_blocks.0.attn2.to_k.weight,14,0.5,0.9058837890625,0.050297267735004425,1.1375522262824234e-05,0.17255285382270813
style,16,up_blocks.2.attentions.2.transformer_blocks.0.attn2.to_k.weight,15,0.5,0.9058634638786316,0.05025404691696167,1.4114301848167088e-05,0.17238448560237885
style,16,up_blocks.2.attentions.2.transformer_blocks.0.attn2.to_k.weight,16,0.5,0.906115710735321,0.050237610936164856,1.1293328498140909e-05,0.17247667908668518
style,16,up_blocks.2.attentions.2.transformer_blocks.0.attn2.to_v.weight,1,0.5,0.9115641117095947,0.04337172582745552,8.44765963847749e-05,0.14408309757709503
style,16,up_blocks.2.attentions.2.transformer_blocks.0.attn2.to_v.weight,2,0.5,0.9113606810569763,0.04336172342300415,9.463788046559785e-06,0.14411816000938416
style,16,up_blocks.2.attentions.2.transformer_blocks.0.attn2.to_v.weight,3,0.5,0.911724865436554,0.043361932039260864,6.881098215671955e-06,0.1440543830394745
style,16,up_blocks.2.attentions.2.transformer_blocks.0.attn2.to_v.weight,4,0.5,0.9114440679550171,0.04338172823190689,6.108695288276067e-06,0.1440432369709015
style,16,up_blocks.2.attentions.2.transformer_blocks.0.attn2.to_v.weight,5,0.5,0.911578357219696,0.04335474595427513,6.801933068345534e-06,0.1440778523683548
style,16,up_blocks.2.attentions.2.transformer_blocks.0.attn2.to_v.weight,6,0.5,0.9114725589752197,0.043371301144361496,6.1122177612560336e-06,0.1440805047750473
style,16,up_blocks.2.attentions.2.transformer_blocks.0.attn2.to_v.weight,7,0.5,0.911529541015625,0.04336926341056824,5.958892415947048e-06,0.1441069096326828
style,16,up_blocks.2.attentions.2.transformer_blocks.0.attn2.to_v.weight,8,0.5,0.9113444089889526,0.043355826288461685,6.498216862382833e-06,0.14408765733242035
style,16,up_blocks.2.attentions.2.transformer_blocks.0.attn2.to_v.weight,9,0.5,0.9115437865257263,0.04336636886000633,6.029176347510656e-06,0.14411389827728271
style,16,up_blocks.2.attentions.2.transformer_blocks.0.attn2.to_v.weight,10,0.5,0.9113972783088684,0.04337407648563385,5.812512881675502e-06,0.14401452243328094
style,16,up_blocks.2.attentions.2.transformer_blocks.0.attn2.to_v.weight,11,0.5,0.9114237427711487,0.043359071016311646,6.4692358137108386e-06,0.1441444605588913
style,16,up_blocks.2.attentions.2.transformer_blocks.0.attn2.to_v.weight,12,0.5,0.9114664793014526,0.04337208718061447,5.73366014577914e-06,0.14408941566944122
style,16,up_blocks.2.attentions.2.transformer_blocks.0.attn2.to_v.weight,13,0.5,0.9114847779273987,0.04336590692400932,5.904312729398953e-06,0.144093319773674
style,16,up_blocks.2.attentions.2.transformer_blocks.0.attn2.to_v.weight,14,0.5,0.9113504886627197,0.0433528758585453,6.728605058015091e-06,0.14407764375209808
style,16,up_blocks.2.attentions.2.transformer_blocks.0.attn2.to_v.weight,15,0.5,0.911602795124054,0.043365348130464554,5.886436156288255e-06,0.14410057663917542
style,16,up_blocks.2.attentions.2.transformer_blocks.0.attn2.to_v.weight,16,0.5,0.9113810062408447,0.04337644204497337,5.557086296903435e-06,0.1440536379814148
style,16,up_blocks.3.attentions.0.transformer_blocks.0.attn2.to_k.weight,1,0.5,0.87030029296875,0.09050288051366806,0.0002877742808777839,0.22666706144809723
style,16,up_blocks.3.attentions.0.transformer_blocks.0.attn2.to_k.weight,2,0.5,0.8705729246139526,0.09035098552703857,3.8987182051641867e-05,0.22638069093227386
style,16,up_blocks.3.attentions.0.transformer_blocks.0.attn2.to_k.weight,3,0.5,0.8705851435661316,0.09042680263519287,2.6401159630040638e-05,0.22659282386302948
style,16,up_blocks.3.attentions.0.transformer_blocks.0.attn2.to_k.weight,4,0.5,0.8703287839889526,0.09034954011440277,2.4081158699118532e-05,0.22646065056324005
style,16,up_blocks.3.attentions.0.transformer_blocks.0.attn2.to_k.weight,5,0.5,0.8707357048988342,0.09050004929304123,2.391336420259904e-05,0.22684627771377563
style,16,up_blocks.3.attentions.0.transformer_blocks.0.attn2.to_k.weight,6,0.5,0.8709676265716553,0.0903763473033905,2.7842836061608978e-05,0.22650830447673798
style,16,up_blocks.3.attentions.0.transformer_blocks.0.attn2.to_k.weight,7,0.5,0.8708088994026184,0.09044274687767029,2.6135838197660632e-05,0.22651559114456177
style,16,up_blocks.3.attentions.0.transformer_blocks.0.attn2.to_k.weight,8,0.5,0.870654284954071,0.09039472043514252,2.3232054445543326e-05,0.2264561951160431
style,16,up_blocks.3.attentions.0.transformer_blocks.0.attn2.to_k.weight,9,0.5,0.87103271484375,0.09046322852373123,2.1897905753576197e-05,0.22678840160369873
style,16,up_blocks.3.attentions.0.transformer_blocks.0.attn2.to_k.weight,10,0.5,0.8705484867095947,0.09036240726709366,2.2611238819081336e-05,0.22641640901565552
style,16,up_blocks.3.attentions.0.transformer_blocks.0.attn2.to_k.weight,11,0.5,0.8712686896324158,0.09048589318990707,2.8423755793482997e-05,0.22675468027591705
style,16,up_blocks.3.attentions.0.transformer_blocks.0.attn2.to_k.weight,12,0.5,0.870678722858429,0.09036324918270111,2.350447903154418e-05,0.22649425268173218
style,16,up_blocks.3.attentions.0.transformer_blocks.0.attn2.to_k.weight,13,0.5,0.8707926273345947,0.09045606106519699,2.3797461835783906e-05,0.22660242021083832
style,16,up_blocks.3.attentions.0.transformer_blocks.0.attn2.to_k.weight,14,0.5,0.8707519769668579,0.0904039815068245,2.4183204004657455e-05,0.2265210747718811
style,16,up_blocks.3.attentions.0.transformer_blocks.0.attn2.to_k.weight,15,0.5,0.8707845211029053,0.09042927622795105,1.9956562027800828e-05,0.2266954779624939
style,16,up_blocks.3.attentions.0.transformer_blocks.0.attn2.to_k.weight,16,0.5,0.8708658814430237,0.09038849174976349,2.6975843866239302e-05,0.22640308737754822
style,16,up_blocks.3.attentions.0.transformer_blocks.0.attn2.to_v.weight,1,0.5,0.9080851078033447,0.04897663742303848,4.292336234357208e-05,0.15973572432994843
style,16,up_blocks.3.attentions.0.transformer_blocks.0.attn2.to_v.weight,2,0.5,0.9082275629043579,0.04890426993370056,9.72003999777371e-06,0.15959912538528442
style,16,up_blocks.3.attentions.0.transformer_blocks.0.attn2.to_v.weight,3,0.5,0.9083455204963684,0.04892795905470848,7.629154879396083e-06,0.15990197658538818
style,16,up_blocks.3.attentions.0.transformer_blocks.0.attn2.to_v.weight,4,0.5,0.9079955816268921,0.04892508685588837,7.097091383911902e-06,0.15951335430145264
style,16,up_blocks.3.attentions.0.transformer_blocks.0.attn2.to_v.weight,5,0.5,0.9081380367279053,0.0490029901266098,7.424175691994606e-06,0.15990649163722992
style,16,up_blocks.3.attentions.0.transformer_blocks.0.attn2.to_v.weight,6,0.5,0.9081624150276184,0.048887185752391815,7.007148269622121e-06,0.15988215804100037
style,16,up_blocks.3.attentions.0.transformer_blocks.0.attn2.to_v.weight,7,0.5,0.908154308795929,0.049013763666152954,6.954692253202666e-06,0.16001476347446442
style,16,up_blocks.3.attentions.0.transformer_blocks.0.attn2.to_v.weight,8,0.5,0.9080037474632263,0.04891016706824303,6.96999177307589e-06,0.15974920988082886
style,16,up_blocks.3.attentions.0.transformer_blocks.0.attn2.to_v.weight,9,0.5,0.9082478880882263,0.04893222451210022,6.87205692884163e-06,0.1600809097290039
style,16,up_blocks.3.attentions.0.transformer_blocks.0.attn2.to_v.weight,10,0.5,0.9081013798713684,0.04894141107797623,6.874767223052913e-06,0.15967613458633423
style,16,up_blocks.3.attentions.0.transformer_blocks.0.attn2.to_v.weight,11,0.5,0.9082804322242737,0.04900587722659111,7.13805775376386e-06,0.16013580560684204
style,16,up_blocks.3.attentions.0.transformer_blocks.0.attn2.to_v.weight,12,0.5,0.908093273639679,0.048874128609895706,6.602943358302582e-06,0.15980710089206696
style,16,up_blocks.3.attentions.0.transformer_blocks.0.attn2.to_v.weight,13,0.5,0.9079549312591553,0.04901064187288284,6.954115178814391e-06,0.15992245078086853
style,16,up_blocks.3.attentions.0.transformer_blocks.0.attn2.to_v.weight,14,0.5,0.9081095457077026,0.048915550112724304,7.246423137985403e-06,0.15976259112358093
style,16,up_blocks.3.attentions.0.transformer_blocks.0.attn2.to_v.weight,15,0.5,0.9083659052848816,0.048920538276433945,6.614763606194174e-06,0.16013115644454956
style,16,up_blocks.3.attentions.0.transformer_blocks.0.attn2.to_v.weight,16,0.5,0.9080728888511658,0.04895184934139252,6.620277417823672e-06,0.159750297665596
style,16,up_blocks.3.attentions.1.transformer_blocks.0.attn2.to_k.weight,1,0.5,0.8689656853675842,0.08791275322437286,0.00029157736571505666,0.24540863931179047
style,16,up_blocks.3.attentions.1.transformer_blocks.0.attn2.to_k.weight,2,0.5,0.8695963621139526,0.08784681558609009,3.1507508538197726e-05,0.2453646957874298
style,16,up_blocks.3.attentions.1.transformer_blocks.0.attn2.to_k.weight,3,0.5,0.8695597052574158,0.08792686462402344,2.173846041841898e-05,0.24537506699562073
style,16,up_blocks.3.attentions.1.transformer_blocks.0.attn2.to_k.weight,4,0.5,0.869396984577179,0.08791311085224152,1.9587709175539203e-05,0.2453719973564148
style,16,up_blocks.3.attentions.1.transformer_blocks.0.attn2.to_k.weight,5,0.5,0.8698770999908447,0.08793168514966965,1.9899418475688435e-05,0.24537643790245056
style,16,up_blocks.3.attentions.1.transformer_blocks.0.attn2.to_k.weight,6,0.5,0.8695719242095947,0.08787840604782104,1.822658123273868e-05,0.2454049289226532
style,16,up_blocks.3.attentions.1.transformer_blocks.0.attn2.to_k.weight,7,0.5,0.8697428107261658,0.08795887231826782,1.8568161976872943e-05,0.24545243382453918
style,16,up_blocks.3.attentions.1.transformer_blocks.0.attn2.to_k.weight,8,0.5,0.8700764775276184,0.0878877118229866,1.85443877853686e-05,0.2454766482114792
style,16,up_blocks.3.attentions.1.transformer_blocks.0.attn2.to_k.weight,9,0.5,0.8699625730514526,0.08794240653514862,1.8012111468124203e-05,0.24541184306144714
style,16,up_blocks.3.attentions.1.transformer_blocks.0.attn2.to_k.weight,10,0.5,0.8697428107261658,0.08792077749967575,1.7586920876055956e-05,0.24546891450881958
style,16,up_blocks.3.attentions.1.transformer_blocks.0.attn2.to_k.weight,11,0.5,0.8698933720588684,0.08792496472597122,1.855377013271209e-05,0.2455216348171234
style,16,up_blocks.3.attentions.1.transformer_blocks.0.attn2.to_k.weight,12,0.5,0.8701985478401184,0.08786582201719284,1.7479869711678475e-05,0.24541451036930084
style,16,up_blocks.3.attentions.1.transformer_blocks.0.attn2.to_k.weight,13,0.5,0.8696939945220947,0.08795072138309479,1.8004193407250568e-05,0.24545370042324066
style,16,up_blocks.3.attentions.1.transformer_blocks.0.attn2.to_k.weight,14,0.5,0.87005615234375,0.08789452165365219,1.9189265003660694e-05,0.24540863931179047
style,16,up_blocks.3.attentions.1.transformer_blocks.0.attn2.to_k.weight,15,0.5,0.8701090216636658,0.0879187360405922,1.6531334040337242e-05,0.24547109007835388
style,16,up_blocks.3.attentions.1.transformer_blocks.0.attn2.to_k.weight,16,0.5,0.8696655035018921,0.08790352940559387,1.7313383068540134e-05,0.24546891450881958
style,16,up_blocks.3.attentions.1.transformer_blocks.0.attn2.to_v.weight,1,0.5,0.9071899652481079,0.048025552183389664,5.526236054720357e-05,0.15294255316257477
style,16,up_blocks.3.attentions.1.transformer_blocks.0.attn2.to_v.weight,2,0.5,0.9077066779136658,0.047954510897397995,1.0198108611803036e-05,0.15291368961334229
style,16,up_blocks.3.attentions.1.transformer_blocks.0.attn2.to_v.weight,3,0.5,0.9071736931800842,0.04800854250788689,7.512206593673909e-06,0.15289238095283508
style,16,up_blocks.3.attentions.1.transformer_blocks.0.attn2.to_v.weight,4,0.5,0.9079386591911316,0.0479092076420784,7.68815789342625e-06,0.15271858870983124
style,16,up_blocks.3.attentions.1.transformer_blocks.0.attn2.to_v.weight,5,0.5,0.9076700806617737,0.0480024516582489,7.699991328991018e-06,0.15305054187774658
style,16,up_blocks.3.attentions.1.transformer_blocks.0.attn2.to_v.weight,6,0.5,0.9079142212867737,0.04796727001667023,7.25454219718813e-06,0.15295752882957458
style,16,up_blocks.3.attentions.1.transformer_blocks.0.attn2.to_v.weight,7,0.5,0.9075235724449158,0.047937531024217606,7.618639301654184e-06,0.15273068845272064
style,16,up_blocks.3.attentions.1.transformer_blocks.0.attn2.to_v.weight,8,0.5,0.9082438349723816,0.04795687273144722,7.231838026200421e-06,0.15297570824623108
style,16,up_blocks.3.attentions.1.transformer_blocks.0.attn2.to_v.weight,9,0.5,0.9073852300643921,0.04801572486758232,6.8611407186836004e-06,0.1529053896665573
style,16,up_blocks.3.attentions.1.transformer_blocks.0.attn2.to_v.weight,10,0.5,0.9079752564430237,0.047906048595905304,7.519594419136411e-06,0.15277591347694397
style,16,up_blocks.3.attentions.1.transformer_blocks.0.attn2.to_v.weight,11,0.5,0.9076090455055237,0.0480026938021183,7.47942704037996e-06,0.15301047265529633
style,16,up_blocks.3.attentions.1.transformer_blocks.0.attn2.to_v.weight,12,0.5,0.90814208984375,0.047952622175216675,6.721569207002176e-06,0.15295450389385223
style,16,up_blocks.3.attentions.1.transformer_blocks.0.attn2.to_v.weight,13,0.5,0.907519519329071,0.047953952103853226,7.614406058564782e-06,0.15279145538806915
style,16,up_blocks.3.attentions.1.transformer_blocks.0.attn2.to_v.weight,14,0.5,0.9079915285110474,0.04796353727579117,7.65385357226478e-06,0.15289683640003204
style,16,up_blocks.3.attentions.1.transformer_blocks.0.attn2.to_v.weight,15,0.5,0.9075114130973816,0.047964174300432205,6.607623163290555e-06,0.152881920337677
style,16,up_blocks.3.attentions.1.transformer_blocks.0.attn2.to_v.weight,16,0.5,0.9080281853675842,0.0479389913380146,7.4001241046062205e-06,0.15285181999206543
style,16,up_blocks.3.attentions.2.transformer_blocks.0.attn2.to_k.weight,1,0.5,0.8720255494117737,0.09265811741352081,0.00026680732844397426,0.23781631886959076
style,16,up_blocks.3.attentions.2.transformer_blocks.0.attn2.to_k.weight,2,0.5,0.8714355230331421,0.09258674830198288,3.0687318940181285e-05,0.23735962808132172
style,16,up_blocks.3.attentions.2.transformer_blocks.0.attn2.to_k.weight,3,0.5,0.8713948726654053,0.09266897290945053,2.098392906191293e-05,0.2378142774105072
style,16,up_blocks.3.attentions.2.transformer_blocks.0.attn2.to_k.weight,4,0.5,0.8715535402297974,0.09259100258350372,1.902054100355599e-05,0.23766328394412994
style,16,up_blocks.3.attentions.2.transformer_blocks.0.attn2.to_k.weight,5,0.5,0.8716349005699158,0.09271711111068726,1.8875911337090656e-05,0.23785291612148285
style,16,up_blocks.3.attentions.2.transformer_blocks.0.attn2.to_k.weight,6,0.5,0.8715250492095947,0.092601478099823,1.8243825252284296e-05,0.23769904673099518
style,16,up_blocks.3.attentions.2.transformer_blocks.0.attn2.to_k.weight,7,0.5,0.872058093547821,0.09266498684883118,1.9664965293486603e-05,0.23769401013851166
style,16,up_blocks.3.attentions.2.transformer_blocks.0.attn2.to_k.weight,8,0.5,0.8717406988143921,0.09259773045778275,1.7937472875928506e-05,0.2378118932247162
style,16,up_blocks.3.attentions.2.transformer_blocks.0.attn2.to_k.weight,9,0.5,0.8717569708824158,0.09269797801971436,1.7061833204934373e-05,0.2379593551158905
style,16,up_blocks.3.attentions.2.transformer_blocks.0.attn2.to_k.weight,10,0.5,0.87200927734375,0.0926109328866005,1.834297290770337e-05,0.23764540255069733
style,16,up_blocks.3.attentions.2.transformer_blocks.0.attn2.to_k.weight,11,0.5,0.8718221187591553,0.09272625297307968,1.840890217863489e-05,0.23801997303962708
style,16,up_blocks.3.attentions.2.transformer_blocks.0.attn2.to_k.weight,12,0.5,0.8716593384742737,0.09253793209791183,1.672802864050027e-05,0.237690269947052
style,16,up_blocks.3.attentions.2.transformer_blocks.0.attn2.to_k.weight,13,0.5,0.87200927734375,0.09272962063550949,1.8415659724269062e-05,0.23796117305755615
style,16,up_blocks.3.attentions.2.transformer_blocks.0.attn2.to_k.weight,14,0.5,0.8719767332077026,0.09260498732328415,1.9057641111430712e-05,0.23759588599205017
style,16,up_blocks.3.attentions.2.transformer_blocks.0.attn2.to_k.weight,15,0.5,0.871655285358429,0.09266576170921326,1.660215093579609e-05,0.2380792796611786
style,16,up_blocks.3.attentions.2.transformer_blocks.0.attn2.to_k.weight,16,0.5,0.8717936277389526,0.0926257073879242,1.72567833942594e-05,0.23777233064174652
style,16,up_blocks.3.attentions.2.transformer_blocks.0.attn2.to_v.weight,1,0.5,0.9036661982536316,0.05038661137223244,5.477752347360365e-05,0.15135887265205383
style,16,up_blocks.3.attentions.2.transformer_blocks.0.attn2.to_v.weight,2,0.5,0.9036336541175842,0.05039578676223755,9.870717804005835e-06,0.15155403316020966
style,16,up_blocks.3.attentions.2.transformer_blocks.0.attn2.to_v.weight,3,0.5,0.9033610224723816,0.05043194815516472,7.149998964450788e-06,0.15149368345737457
style,16,up_blocks.3.attentions.2.transformer_blocks.0.attn2.to_v.weight,4,0.5,0.9037435054779053,0.050406597554683685,6.718601980537642e-06,0.15146782994270325
style,16,up_blocks.3.attentions.2.transformer_blocks.0.attn2.to_v.weight,5,0.5,0.9037557244300842,0.050462618470191956,6.458691132138483e-06,0.15151835978031158
style,16,up_blocks.3.attentions.2.transformer_blocks.0.attn2.to_v.weight,6,0.5,0.9037557244300842,0.050392813980579376,5.93785080127418e-06,0.15130648016929626
style,16,up_blocks.3.attentions.2.transformer_blocks.0.attn2.to_v.weight,7,0.5,0.9035847783088684,0.05047678202390671,6.078782007534755e-06,0.15153467655181885
style,16,up_blocks.3.attentions.2.transformer_blocks.0.attn2.to_v.weight,8,0.5,0.9036865234375,0.050397586077451706,6.018238309479784e-06,0.15141938626766205
style,16,up_blocks.3.attentions.2.transformer_blocks.0.attn2.to_v.weight,9,0.5,0.9036905765533447,0.05047854036092758,5.736025286751101e-06,0.15152187645435333
style,16,up_blocks.3.attentions.2.transformer_blocks.0.attn2.to_v.weight,10,0.5,0.9037557244300842,0.0503956638276577,5.977034106763313e-06,0.1513226181268692
style,16,up_blocks.3.attentions.2.transformer_blocks.0.attn2.to_v.weight,11,0.5,0.9033488035202026,0.05046817287802696,5.961332135484554e-06,0.15151652693748474
style,16,up_blocks.3.attentions.2.transformer_blocks.0.attn2.to_v.weight,12,0.5,0.9036824703216553,0.05040596425533295,5.493091066455236e-06,0.15146654844284058
style,16,up_blocks.3.attentions.2.transformer_blocks.0.attn2.to_v.weight,13,0.5,0.9034220576286316,0.05047275125980377,6.0088045756856445e-06,0.15144068002700806
style,16,up_blocks.3.attentions.2.transformer_blocks.0.attn2.to_v.weight,14,0.5,0.9035888910293579,0.05040504410862923,6.020495220582234e-06,0.15136055648326874
style,16,up_blocks.3.attentions.2.transformer_blocks.0.attn2.to_v.weight,15,0.5,0.903759777545929,0.05042657628655434,5.398179382609669e-06,0.15147624909877777
style,16,up_blocks.3.attentions.2.transformer_blocks.0.attn2.to_v.weight,16,0.5,0.9037027955055237,0.05043182522058487,5.960614089417504e-06,0.1513611227273941
style,16,mid_block.attentions.0.transformer_blocks.0.attn2.to_k.weight,1,0.5,0.9080912470817566,0.04684685170650482,0.0001251549692824483,0.17004574835300446
style,16,mid_block.attentions.0.transformer_blocks.0.attn2.to_k.weight,2,0.5,0.9081563353538513,0.04681497812271118,1.0138893230760004e-05,0.16997842490673065
style,16,mid_block.attentions.0.transformer_blocks.0.attn2.to_k.weight,3,0.5,0.908129870891571,0.046837255358695984,6.464607849920867e-06,0.1700240671634674
style,16,mid_block.attentions.0.transformer_blocks.0.attn2.to_k.weight,4,0.5,0.9081268310546875,0.04683160036802292,5.437980689748656e-06,0.16999894380569458
style,16,mid_block.attentions.0.transformer_blocks.0.attn2.to_k.weight,5,0.5,0.908050537109375,0.04683959484100342,5.633514774672221e-06,0.17001572251319885
style,16,mid_block.attentions.0.transformer_blocks.0.attn2.to_k.weight,6,0.5,0.9080881476402283,0.04682396724820137,4.989538865629584e-06,0.16998064517974854
style,16,mid_block.attentions.0.transformer_blocks.0.attn2.to_k.weight,7,0.5,0.9081227779388428,0.046835366636514664,5.019758646085393e-06,0.170030415058136
style,16,mid_block.attentions.0.transformer_blocks.0.attn2.to_k.weight,8,0.5,0.9080668091773987,0.04682113602757454,4.8185920604737476e-06,0.1700037121772766
style,16,mid_block.attentions.0.transformer_blocks.0.attn2.to_k.weight,9,0.5,0.9080749750137329,0.046833645552396774,4.76823288408923e-06,0.17001347243785858
style,16,mid_block.attentions.0.transformer_blocks.0.attn2.to_k.weight,10,0.5,0.9080953001976013,0.04682441055774689,4.783941676578252e-06,0.1700102537870407
style,16,mid_block.attentions.0.transformer_blocks.0.attn2.to_k.weight,11,0.5,0.9081481695175171,0.04683549329638481,4.815979536942905e-06,0.17003585398197174
style,16,mid_block.attentions.0.transformer_blocks.0.attn2.to_k.weight,12,0.5,0.9080953001976013,0.04681316763162613,4.514047304837732e-06,0.169959157705307
style,16,mid_block.attentions.0.transformer_blocks.0.attn2.to_k.weight,13,0.5,0.9080973267555237,0.04684090241789818,5.030058673582971e-06,0.1700403392314911
style,16,mid_block.attentions.0.transformer_blocks.0.attn2.to_k.weight,14,0.5,0.9081258177757263,0.0468243770301342,4.98861891173874e-06,0.17001649737358093
style,16,mid_block.attentions.0.transformer_blocks.0.attn2.to_k.weight,15,0.5,0.9080291986465454,0.04683280736207962,4.5813812903361395e-06,0.1700252890586853
style,16,mid_block.attentions.0.transformer_blocks.0.attn2.to_k.weight,16,0.5,0.9081248044967651,0.04682660475373268,4.503577201830922e-06,0.17003002762794495
style,16,mid_block.attentions.0.transformer_blocks.0.attn2.to_v.weight,1,0.5,0.9076009392738342,0.047429345548152924,0.00011045492283301428,0.16477027535438538
style,16,mid_block.attentions.0.transformer_blocks.0.attn2.to_v.weight,2,0.5,0.9075307250022888,0.047433480620384216,5.899234110984253e-06,0.16478656232357025
style,16,mid_block.attentions.0.transformer_blocks.0.attn2.to_v.weight,3,0.5,0.9075724482536316,0.04743245989084244,4.039402938360581e-06,0.16477105021476746
style,16,mid_block.attentions.0.transformer_blocks.0.attn2.to_v.weight,4,0.5,0.9075490236282349,0.04743126779794693,3.639357828433276e-06,0.16475725173950195
style,16,mid_block.attentions.0.transformer_blocks.0.attn2.to_v.weight,5,0.5,0.907562255859375,0.04742866009473801,3.6549677133734804e-06,0.16475652158260345
style,16,mid_block.attentions.0.transformer_blocks.0.attn2.to_v.weight,6,0.5,0.9075887203216553,0.04743783921003342,3.536807980708545e-06,0.16477623581886292
style,16,mid_block.attentions.0.transformer_blocks.0.attn2.to_v.weight,7,0.5,0.907635509967804,0.04741818830370903,3.5290001960675e-06,0.1647527813911438
style,16,mid_block.attentions.0.transformer_blocks.0.attn2.to_v.weight,8,0.5,0.9074777960777283,0.04743795841932297,3.421950395932072e-06,0.16477961838245392
style,16,mid_block.attentions.0.transformer_blocks.0.attn2.to_v.weight,9,0.5,0.907635509967804,0.04742566868662834,3.1692077300249366e-06,0.1647527813911438
style,16,mid_block.attentions.0.transformer_blocks.0.attn2.to_v.weight,10,0.5,0.9075958132743835,0.047426775097846985,3.3694709600240458e-06,0.1647711545228958
style,16,mid_block.attentions.0.transformer_blocks.0.attn2.to_v.weight,11,0.5,0.9075520634651184,0.047428280115127563,3.560545565051143e-06,0.16475380957126617
style,16,mid_block.attentions.0.transformer_blocks.0.attn2.to_v.weight,12,0.5,0.9075551629066467,0.04742923378944397,3.2616767384752166e-06,0.16475744545459747
style,16,mid_block.attentions.0.transformer_blocks.0.attn2.to_v.weight,13,0.5,0.9076273441314697,0.04741625115275383,3.3954502214328386e-06,0.16475936770439148
style,16,mid_block.attentions.0.transformer_blocks.0.attn2.to_v.weight,14,0.5,0.9075571894645691,0.0474373959004879,3.5427301554591395e-06,0.16476356983184814
style,16,mid_block.attentions.0.transformer_blocks.0.attn2.to_v.weight,15,0.5,0.9076222777366638,0.04742652550339699,3.099211880908115e-06,0.1647651344537735
style,16,mid_block.attentions.0.transformer_blocks.0.attn2.to_v.weight,16,0.5,0.9075429439544678,0.047426000237464905,3.277556515968172e-06,0.1647426187992096
nudity,1,down_blocks.0.attentions.0.transformer_blocks.0.attn2.to_k.weight,1,0.5,0.6475545167922974,0.2054901272058487,0.0007893856381997466,1.0376790761947632
nudity,1,down_blocks.0.attentions.0.transformer_blocks.0.attn2.to_k.weight,2,0.5,0.682177722454071,0.20547053217887878,0.0001309967046836391,1.0373708009719849
nudity,1,down_blocks.0.attentions.0.transformer_blocks.0.attn2.to_k.weight,3,0.5,0.6983479857444763,0.20558801293373108,8.372959564439952e-05,1.0372740030288696
nudity,1,down_blocks.0.attentions.0.transformer_blocks.0.attn2.to_k.weight,4,0.5,0.71649169921875,0.2054138332605362,7.587609434267506e-05,1.0374075174331665
nudity,1,down_blocks.0.attentions.0.transformer_blocks.0.attn2.to_k.weight,5,0.5,0.7375285029411316,0.2055705189704895,8.071881893556565e-05,1.0371596813201904
nudity,1,down_blocks.0.attentions.0.transformer_blocks.0.attn2.to_k.weight,6,0.5,0.763916015625,0.20532025396823883,7.632096821907908e-05,1.0374491214752197
nudity,1,down_blocks.0.attentions.0.transformer_blocks.0.attn2.to_k.weight,7,0.5,0.7891886234283447,0.20563293993473053,7.600869139423594e-05,1.0373939275741577
nudity,1,down_blocks.0.attentions.0.transformer_blocks.0.attn2.to_k.weight,8,0.5,0.804028332233429,0.20538389682769775,7.548091525677592e-05,1.0372155904769897
nudity,1,down_blocks.0.attentions.0.transformer_blocks.0.attn2.to_k.weight,9,0.5,0.8047851324081421,0.20566578209400177,7.288490451173857e-05,1.0372321605682373
nudity,1,down_blocks.0.attentions.0.transformer_blocks.0.attn2.to_k.weight,10,0.5,0.8082845211029053,0.20533518493175507,7.629438186995685e-05,1.037495732307434
nudity,1,down_blocks.0.attentions.0.transformer_blocks.0.attn2.to_k.weight,11,0.5,0.8081949949264526,0.20566116273403168,7.882684440119192e-05,1.0372092723846436
nudity,1,down_blocks.0.attentions.0.transformer_blocks.0.attn2.to_k.weight,12,0.5,0.8067830204963684,0.20530347526073456,7.079888018779457e-05,1.0372858047485352
nudity,1,down_blocks.0.attentions.0.transformer_blocks.0.attn2.to_k.weight,13,0.5,0.807055652141571,0.20564746856689453,7.41354378988035e-05,1.0373358726501465
nudity,1,down_blocks.0.attentions.0.transformer_blocks.0.attn2.to_k.weight,14,0.5,0.8101969361305237,0.20533786714076996,8.245965000241995e-05,1.0373090505599976
nudity,1,down_blocks.0.attentions.0.transformer_blocks.0.attn2.to_k.weight,15,0.5,0.807971179485321,0.20558609068393707,7.055294554447755e-05,1.0372695922851562
nudity,1,down_blocks.0.attentions.0.transformer_blocks.0.attn2.to_k.weight,16,0.5,0.8078410029411316,0.2053726464509964,6.9379348133225e-05,1.0373973846435547
nudity,1,down_blocks.0.attentions.0.transformer_blocks.0.attn2.to_v.weight,1,0.5,0.637133777141571,0.20617304742336273,0.0002493681968189776,0.9834281206130981
nudity,1,down_blocks.0.attentions.0.transformer_blocks.0.attn2.to_v.weight,2,0.5,0.6736978888511658,0.20582179725170135,4.795943823410198e-05,0.9832115769386292
nudity,1,down_blocks.0.attentions.0.transformer_blocks.0.attn2.to_v.weight,3,0.5,0.6955729126930237,0.20604439079761505,3.062651012442075e-05,0.9833097457885742
nudity,1,down_blocks.0.attentions.0.transformer_blocks.0.attn2.to_v.weight,4,0.5,0.7124389410018921,0.20586557686328888,2.6146381060243584e-05,0.9833836555480957
nudity,1,down_blocks.0.attentions.0.transformer_blocks.0.attn2.to_v.weight,5,0.5,0.7395304441452026,0.20613491535186768,2.9089620511513203e-05,0.9833007454872131
nudity,1,down_blocks.0.attentions.0.transformer_blocks.0.attn2.to_v.weight,6,0.5,0.7626953125,0.20587264001369476,2.765290810202714e-05,0.9832835793495178
nudity,1,down_blocks.0.attentions.0.transformer_blocks.0.attn2.to_v.weight,7,0.5,0.7882893681526184,0.20626425743103027,2.6177644031122327e-05,0.9834187030792236
nudity,1,down_blocks.0.attentions.0.transformer_blocks.0.attn2.to_v.weight,8,0.5,0.81341552734375,0.20592442154884338,2.510990816517733e-05,0.9833405613899231
nudity,1,down_blocks.0.attentions.0.transformer_blocks.0.attn2.to_v.weight,9,0.5,0.8156046271324158,0.20622943341732025,2.6477819119463675e-05,0.9833544492721558
nudity,1,down_blocks.0.attentions.0.transformer_blocks.0.attn2.to_v.weight,10,0.5,0.8128987550735474,0.20588672161102295,2.74350204563234e-05,0.983284056186676
nudity,1,down_blocks.0.attentions.0.transformer_blocks.0.attn2.to_v.weight,11,0.5,0.81732177734375,0.20623502135276794,2.7060166758019477e-05,0.9833365678787231
nudity,1,down_blocks.0.attentions.0.transformer_blocks.0.attn2.to_v.weight,12,0.5,0.81634521484375,0.2058071345090866,2.4403972929576412e-05,0.9833267331123352
nudity,1,down_blocks.0.attentions.0.transformer_blocks.0.attn2.to_v.weight,13,0.5,0.8125895261764526,0.20631904900074005,2.6586158128338866e-05,0.9834204912185669
nudity,1,down_blocks.0.attentions.0.transformer_blocks.0.attn2.to_v.weight,14,0.5,0.8180786371231079,0.20595873892307281,2.844765185727738e-05,0.9833348989486694
nudity,1,down_blocks.0.attentions.0.transformer_blocks.0.attn2.to_v.weight,15,0.5,0.8164265751838684,0.20606988668441772,2.511263664928265e-05,0.9832971692085266
nudity,1,down_blocks.0.attentions.0.transformer_blocks.0.attn2.to_v.weight,16,0.5,0.8161865472793579,0.205913245677948,2.3864309696364217e-05,0.9833785891532898
nudity,1,down_blocks.0.attentions.1.transformer_blocks.0.attn2.to_k.weight,1,0.5,0.6276570558547974,0.22562959790229797,0.0007162506808526814,1.0104362964630127
nudity,1,down_blocks.0.attentions.1.transformer_blocks.0.attn2.to_k.weight,2,0.5,0.6557332277297974,0.2251940369606018,0.00013031392882112414,1.0107156038284302
nudity,1,down_blocks.0.attentions.1.transformer_blocks.0.attn2.to_k.weight,3,0.5,0.6765584349632263,0.22518262267112732,8.383580279769376e-05,1.0105732679367065
nudity,1,down_blocks.0.attentions.1.transformer_blocks.0.attn2.to_k.weight,4,0.5,0.6905924677848816,0.22537937760353088,7.768128853058442e-05,1.010612964630127
nudity,1,down_blocks.0.attentions.1.transformer_blocks.0.attn2.to_k.weight,5,0.5,0.7137491703033447,0.2256140261888504,8.006051211850718e-05,1.0105953216552734
nudity,1,down_blocks.0.attentions.1.transformer_blocks.0.attn2.to_k.weight,6,0.5,0.7367025017738342,0.22540614008903503,7.912538421805948e-05,1.0106130838394165
nudity,1,down_blocks.0.attentions.1.transformer_blocks.0.attn2.to_k.weight,7,0.5,0.76507568359375,0.2254832535982132,7.556407217634842e-05,1.0105743408203125
nudity,1,down_blocks.0.attentions.1.transformer_blocks.0.attn2.to_k.weight,8,0.5,0.773999035358429,0.225382000207901,7.78533358243294e-05,1.0107301473617554
nudity,1,down_blocks.0.attentions.1.transformer_blocks.0.attn2.to_k.weight,9,0.5,0.7866658568382263,0.2253631055355072,7.591002940898761e-05,1.0103650093078613
nudity,1,down_blocks.0.attentions.1.transformer_blocks.0.attn2.to_k.weight,10,0.5,0.7831176519393921,0.22540511190891266,7.27107108104974e-05,1.0107901096343994
nudity,1,down_blocks.0.attentions.1.transformer_blocks.0.attn2.to_k.weight,11,0.5,0.7856811285018921,0.22564713656902313,8.051127224462107e-05,1.0104336738586426
nudity,1,down_blocks.0.attentions.1.transformer_blocks.0.attn2.to_k.weight,12,0.5,0.7813354730606079,0.22525383532047272,7.489731797249988e-05,1.0106065273284912
nudity,1,down_blocks.0.attentions.1.transformer_blocks.0.attn2.to_k.weight,13,0.5,0.78643798828125,0.22565387189388275,7.241183629957959e-05,1.0107101202011108
nudity,1,down_blocks.0.attentions.1.transformer_blocks.0.attn2.to_k.weight,14,0.5,0.7818400263786316,0.22540505230426788,8.057862578425556e-05,1.0106556415557861
nudity,1,down_blocks.0.attentions.1.transformer_blocks.0.attn2.to_k.weight,15,0.5,0.7858439087867737,0.22522525489330292,7.06815771991387e-05,1.0104666948318481
nudity,1,down_blocks.0.attentions.1.transformer_blocks.0.attn2.to_k.weight,16,0.5,0.7830444574356079,0.22557343542575836,7.436609303113073e-05,1.0105412006378174
nudity,1,down_blocks.0.attentions.1.transformer_blocks.0.attn2.to_v.weight,1,0.5,0.5996053218841553,0.20326943695545197,0.00017950820620171726,0.9839490056037903
nudity,1,down_blocks.0.attentions.1.transformer_blocks.0.attn2.to_v.weight,2,0.5,0.6245645880699158,0.20335425436496735,4.5633532863575965e-05,0.9837399125099182
nudity,1,down_blocks.0.attentions.1.transformer_blocks.0.attn2.to_v.weight,3,0.5,0.6350138187408447,0.2034962773323059,3.0102541131782345e-05,0.9839760661125183
nudity,1,down_blocks.0.attentions.1.transformer_blocks.0.attn2.to_v.weight,4,0.5,0.6464315056800842,0.20345202088356018,3.0660710763186216e-05,0.9840020537376404
nudity,1,down_blocks.0.attentions.1.transformer_blocks.0.attn2.to_v.weight,5,0.5,0.6706950068473816,0.2034575641155243,3.1070743716554716e-05,0.9839818477630615
nudity,1,down_blocks.0.attentions.1.transformer_blocks.0.attn2.to_v.weight,6,0.5,0.6874104738235474,0.20338071882724762,2.8082406061002985e-05,0.9841024875640869
nudity,1,down_blocks.0.attentions.1.transformer_blocks.0.attn2.to_v.weight,7,0.5,0.7183837890625,0.20344892144203186,3.0305896871141158e-05,0.9840594530105591
nudity,1,down_blocks.0.attentions.1.transformer_blocks.0.attn2.to_v.weight,8,0.5,0.7354288697242737,0.20336997509002686,2.9373321012826636e-05,0.9840267896652222
nudity,1,down_blocks.0.attentions.1.transformer_blocks.0.attn2.to_v.weight,9,0.5,0.7428954839706421,0.20352771878242493,2.8070668122381903e-05,0.9840993285179138
nudity,1,down_blocks.0.attentions.1.transformer_blocks.0.attn2.to_v.weight,10,0.5,0.7441691160202026,0.20335692167282104,3.0385532227228396e-05,0.9840839505195618
nudity,1,down_blocks.0.attentions.1.transformer_blocks.0.attn2.to_v.weight,11,0.5,0.7495035529136658,0.20347566902637482,2.987003608723171e-05,0.9839136600494385
nudity,1,down_blocks.0.attentions.1.transformer_blocks.0.attn2.to_v.weight,12,0.5,0.7451497316360474,0.2032455950975418,2.590053918538615e-05,0.9841015338897705
nudity,1,down_blocks.0.attentions.1.transformer_blocks.0.attn2.to_v.weight,13,0.5,0.7485433220863342,0.2034638226032257,3.0000333936186507e-05,0.9841216206550598
nudity,1,down_blocks.0.attentions.1.transformer_blocks.0.attn2.to_v.weight,14,0.5,0.7480550408363342,0.20351237058639526,3.1426650821231306e-05,0.9839861392974854
nudity,1,down_blocks.0.attentions.1.transformer_blocks.0.attn2.to_v.weight,15,0.5,0.747851550579071,0.20341868698596954,2.6182477085967548e-05,0.9840832948684692
nudity,1,down_blocks.0.attentions.1.transformer_blocks.0.attn2.to_v.weight,16,0.5,0.745739758014679,0.20330184698104858,2.890669202315621e-05,0.9840275645256042
nudity,1,down_blocks.1.attentions.0.transformer_blocks.0.attn2.to_k.weight,1,0.5,0.6911173462867737,0.19471052289009094,0.0007085540564730763,1.0226993560791016
nudity,1,down_blocks.1.attentions.0.transformer_blocks.0.attn2.to_k.weight,2,0.5,0.7199605107307434,0.1946665644645691,0.00010104678949574009,1.0226261615753174
nudity,1,down_blocks.1.attentions.0.transformer_blocks.0.attn2.to_k.weight,3,0.5,0.7339884638786316,0.19460655748844147,6.311186734819785e-05,1.022679328918457
nudity,1,down_blocks.1.attentions.0.transformer_blocks.0.attn2.to_k.weight,4,0.5,0.75152587890625,0.19469690322875977,5.640423114527948e-05,1.0226191282272339
nudity,1,down_blocks.1.attentions.0.transformer_blocks.0.attn2.to_k.weight,5,0.5,0.7764119505882263,0.19480039179325104,5.485268047777936e-05,1.022717833518982
nudity,1,down_blocks.1.attentions.0.transformer_blocks.0.attn2.to_k.weight,6,0.5,0.8018839359283447,0.19475239515304565,5.325634992914274e-05,1.0226187705993652
nudity,1,down_blocks.1.attentions.0.transformer_blocks.0.attn2.to_k.weight,7,0.5,0.829235851764679,0.19469138979911804,5.5076307035051286e-05,1.0225918292999268
nudity,1,down_blocks.1.attentions.0.transformer_blocks.0.attn2.to_k.weight,8,0.5,0.8444071412086487,0.19473911821842194,5.485053043230437e-05,1.0226458311080933
nudity,1,down_blocks.1.attentions.0.transformer_blocks.0.attn2.to_k.weight,9,0.5,0.8510823845863342,0.19472120702266693,4.887247268925421e-05,1.0226489305496216
nudity,1,down_blocks.1.attentions.0.transformer_blocks.0.attn2.to_k.weight,10,0.5,0.8507934808731079,0.19472160935401917,5.067948586656712e-05,1.0226019620895386
nudity,1,down_blocks.1.attentions.0.transformer_blocks.0.attn2.to_k.weight,11,0.5,0.8518778681755066,0.19481346011161804,5.5500775488326326e-05,1.0226693153381348
nudity,1,down_blocks.1.attentions.0.transformer_blocks.0.attn2.to_k.weight,12,0.5,0.8509358763694763,0.19465555250644684,5.116698957863264e-05,1.0226019620895386
nudity,1,down_blocks.1.attentions.0.transformer_blocks.0.attn2.to_k.weight,13,0.5,0.8515990972518921,0.19472800195217133,4.9442151066614315e-05,1.0226373672485352
nudity,1,down_blocks.1.attentions.0.transformer_blocks.0.attn2.to_k.weight,14,0.5,0.8525065183639526,0.19474510848522186,5.840907397214323e-05,1.022634744644165
nudity,1,down_blocks.1.attentions.0.transformer_blocks.0.attn2.to_k.weight,15,0.5,0.8542887568473816,0.19469374418258667,4.6944966015871614e-05,1.022683024406433
nudity,1,down_blocks.1.attentions.0.transformer_blocks.0.attn2.to_k.weight,16,0.5,0.8512675166130066,0.19473591446876526,4.903688750346191e-05,1.0225892066955566
nudity,1,down_blocks.1.attentions.0.transformer_blocks.0.attn2.to_v.weight,1,0.5,0.6378865838050842,0.2011869251728058,0.0002647627843543887,0.9807561635971069
nudity,1,down_blocks.1.attentions.0.transformer_blocks.0.attn2.to_v.weight,2,0.5,0.669879138469696,0.2011646330356598,5.249131208984181e-05,0.9807940125465393
nudity,1,down_blocks.1.attentions.0.transformer_blocks.0.attn2.to_v.weight,3,0.5,0.682208240032196,0.20107954740524292,3.433158417465165e-05,0.9807173013687134
nudity,1,down_blocks.1.attentions.0.transformer_blocks.0.attn2.to_v.weight,4,0.5,0.7013204097747803,0.20106826722621918,3.1259307434083894e-05,0.9807183146476746
nudity,1,down_blocks.1.attentions.0.transformer_blocks.0.attn2.to_v.weight,5,0.5,0.7169352173805237,0.20121140778064728,3.225361797376536e-05,0.9807214140892029
nudity,1,down_blocks.1.attentions.0.transformer_blocks.0.attn2.to_v.weight,6,0.5,0.7429891228675842,0.20087002217769623,3.1647596188122407e-05,0.9807465076446533
nudity,1,down_blocks.1.attentions.0.transformer_blocks.0.attn2.to_v.weight,7,0.5,0.7652221918106079,0.2012072652578354,2.9709615773754194e-05,0.9806756973266602
nudity,1,down_blocks.1.attentions.0.transformer_blocks.0.attn2.to_v.weight,8,0.5,0.7806681394577026,0.2009698748588562,3.240537262172438e-05,0.980789065361023
nudity,1,down_blocks.1.attentions.0.transformer_blocks.0.attn2.to_v.weight,9,0.5,0.7833577394485474,0.201069638133049,3.0225175578380004e-05,0.9806632995605469
nudity,1,down_blocks.1.attentions.0.transformer_blocks.0.attn2.to_v.weight,10,0.5,0.788134753704071,0.20103561878204346,3.210050272173248e-05,0.9807466864585876
nudity,1,down_blocks.1.attentions.0.transformer_blocks.0.attn2.to_v.weight,11,0.5,0.7870727777481079,0.2010963261127472,3.256320269429125e-05,0.9807636737823486
nudity,1,down_blocks.1.attentions.0.transformer_blocks.0.attn2.to_v.weight,12,0.5,0.7900370359420776,0.20097462832927704,2.918593781942036e-05,0.9807534217834473
nudity,1,down_blocks.1.attentions.0.transformer_blocks.0.attn2.to_v.weight,13,0.5,0.7875223755836487,0.20117777585983276,2.819092151185032e-05,0.980663537979126
nudity,1,down_blocks.1.attentions.0.transformer_blocks.0.attn2.to_v.weight,14,0.5,0.7890869379043579,0.20099283754825592,3.477865539025515e-05,0.980756938457489
nudity,1,down_blocks.1.attentions.0.transformer_blocks.0.attn2.to_v.weight,15,0.5,0.7879638671875,0.20105600357055664,2.933786527137272e-05,0.9806923270225525
nudity,1,down_blocks.1.attentions.0.transformer_blocks.0.attn2.to_v.weight,16,0.5,0.7897928953170776,0.20102788507938385,3.0063511076150462e-05,0.9807435274124146
nudity,1,down_blocks.1.attentions.1.transformer_blocks.0.attn2.to_k.weight,1,0.5,0.6384297609329224,0.21027909219264984,0.0006503744516521692,1.0880839824676514
nudity,1,down_blocks.1.attentions.1.transformer_blocks.0.attn2.to_k.weight,2,0.5,0.6622904539108276,0.21010363101959229,0.00010911611752817407,1.0877584218978882
nudity,1,down_blocks.1.attentions.1.transformer_blocks.0.attn2.to_k.weight,3,0.5,0.6762308478355408,0.21016423404216766,7.259169069584459e-05,1.0877978801727295
nudity,1,down_blocks.1.attentions.1.transformer_blocks.0.attn2.to_k.weight,4,0.5,0.690936267375946,0.2100960910320282,6.459654832724482e-05,1.0878826379776
nudity,1,down_blocks.1.attentions.1.transformer_blocks.0.attn2.to_k.weight,5,0.5,0.7146688103675842,0.21010805666446686,7.306540646823123e-05,1.0877715349197388
nudity,1,down_blocks.1.attentions.1.transformer_blocks.0.attn2.to_k.weight,6,0.5,0.738903820514679,0.21016468107700348,6.648406269960105e-05,1.087890386581421
nudity,1,down_blocks.1.attentions.1.transformer_blocks.0.attn2.to_k.weight,7,0.5,0.764849841594696,0.21019437909126282,6.455989205278456e-05,1.0877264738082886
nudity,1,down_blocks.1.attentions.1.transformer_blocks.0.attn2.to_k.weight,8,0.5,0.7778259515762329,0.2100476324558258,7.035944145172834e-05,1.0877199172973633
nudity,1,down_blocks.1.attentions.1.transformer_blocks.0.attn2.to_k.weight,9,0.5,0.7834249138832092,0.21018946170806885,6.51357913739048e-05,1.0878491401672363
nudity,1,down_blocks.1.attentions.1.transformer_blocks.0.attn2.to_k.weight,10,0.5,0.786816418170929,0.21009933948516846,6.314864731393754e-05,1.087899088859558
nudity,1,down_blocks.1.attentions.1.transformer_blocks.0.attn2.to_k.weight,11,0.5,0.791839599609375,0.21008829772472382,7.011045818217099e-05,1.0878053903579712
nudity,1,down_blocks.1.attentions.1.transformer_blocks.0.attn2.to_k.weight,12,0.5,0.7843526005744934,0.21016107499599457,6.23961168457754e-05,1.0878316164016724
nudity,1,down_blocks.1.attentions.1.transformer_blocks.0.attn2.to_k.weight,13,0.5,0.7871297001838684,0.21006979048252106,6.192217551870272e-05,1.0877853631973267
nudity,1,down_blocks.1.attentions.1.transformer_blocks.0.attn2.to_k.weight,14,0.5,0.7871744632720947,0.21005412936210632,7.434521830873564e-05,1.0877933502197266
nudity,1,down_blocks.1.attentions.1.transformer_blocks.0.attn2.to_k.weight,15,0.5,0.7871297001838684,0.210182785987854,6.299697270151228e-05,1.0878642797470093
nudity,1,down_blocks.1.attentions.1.transformer_blocks.0.attn2.to_k.weight,16,0.5,0.78900146484375,0.2101178765296936,6.047800707165152e-05,1.0879658460617065
nudity,1,down_blocks.1.attentions.1.transformer_blocks.0.attn2.to_v.weight,1,0.5,0.602770984172821,0.1975422501564026,0.00021686496620532125,0.9545984268188477
nudity,1,down_blocks.1.attentions.1.transformer_blocks.0.attn2.to_v.weight,2,0.5,0.638104259967804,0.19745677709579468,5.179859363124706e-05,0.954587459564209
nudity,1,down_blocks.1.attentions.1.transformer_blocks.0.attn2.to_v.weight,3,0.5,0.6506510376930237,0.19730214774608612,3.378262772457674e-05,0.9545212388038635
nudity,1,down_blocks.1.attentions.1.transformer_blocks.0.attn2.to_v.weight,4,0.5,0.6632751226425171,0.19735600054264069,3.270849265391007e-05,0.9546130895614624
nudity,1,down_blocks.1.attentions.1.transformer_blocks.0.attn2.to_v.weight,5,0.5,0.6783834099769592,0.19745272397994995,3.2361571356887e-05,0.954520583152771
nudity,1,down_blocks.1.attentions.1.transformer_blocks.0.attn2.to_v.weight,6,0.5,0.7017984986305237,0.1972058266401291,3.0617768061347306e-05,0.9545057415962219
nudity,1,down_blocks.1.attentions.1.transformer_blocks.0.attn2.to_v.weight,7,0.5,0.7281738519668579,0.19748376309871674,3.260969606344588e-05,0.9546566605567932
nudity,1,down_blocks.1.attentions.1.transformer_blocks.0.attn2.to_v.weight,8,0.5,0.74884033203125,0.19739392399787903,3.1366071198135614e-05,0.9546045064926147
nudity,1,down_blocks.1.attentions.1.transformer_blocks.0.attn2.to_v.weight,9,0.5,0.7572672367095947,0.1973896324634552,2.8604532417375594e-05,0.9544470310211182
nudity,1,down_blocks.1.attentions.1.transformer_blocks.0.attn2.to_v.weight,10,0.5,0.7649393677711487,0.19734247028827667,3.093759733019397e-05,0.9545997977256775
nudity,1,down_blocks.1.attentions.1.transformer_blocks.0.attn2.to_v.weight,11,0.5,0.7632039189338684,0.19757449626922607,3.180303247063421e-05,0.9545389413833618
nudity,1,down_blocks.1.attentions.1.transformer_blocks.0.attn2.to_v.weight,12,0.5,0.7658609747886658,0.19724607467651367,2.983543527079746e-05,0.9545661211013794
nudity,1,down_blocks.1.attentions.1.transformer_blocks.0.attn2.to_v.weight,13,0.5,0.7658752202987671,0.19751986861228943,3.0662587960250676e-05,0.9546644687652588
nudity,1,down_blocks.1.attentions.1.transformer_blocks.0.attn2.to_v.weight,14,0.5,0.7668599486351013,0.19739718735218048,3.245188054279424e-05,0.9545478820800781
nudity,1,down_blocks.1.attentions.1.transformer_blocks.0.attn2.to_v.weight,15,0.5,0.7654337286949158,0.19739528000354767,2.857167237380054e-05,0.954505980014801
nudity,1,down_blocks.1.attentions.1.transformer_blocks.0.attn2.to_v.weight,16,0.5,0.7670186161994934,0.19742301106452942,3.034313522221055e-05,0.9546419382095337
nudity,1,down_blocks.2.attentions.0.transformer_blocks.0.attn2.to_k.weight,1,0.5,0.7219919562339783,0.18945686519145966,0.0005507887690328062,1.0349757671356201
nudity,1,down_blocks.2.attentions.0.transformer_blocks.0.attn2.to_k.weight,2,0.5,0.7495920658111572,0.189604252576828,6.845352618256584e-05,1.0348950624465942
nudity,1,down_blocks.2.attentions.0.transformer_blocks.0.attn2.to_k.weight,3,0.5,0.7649526000022888,0.18960504233837128,4.2628955270629376e-05,1.0349255800247192
nudity,1,down_blocks.2.attentions.0.transformer_blocks.0.attn2.to_k.weight,4,0.5,0.7781199216842651,0.18963682651519775,4.17809933423996e-05,1.0349860191345215
nudity,1,down_blocks.2.attentions.0.transformer_blocks.0.attn2.to_k.weight,5,0.5,0.7982015013694763,0.1896093785762787,3.8744634366594255e-05,1.0349671840667725
nudity,1,down_blocks.2.attentions.0.transformer_blocks.0.attn2.to_k.weight,6,0.5,0.8210083246231079,0.18969495594501495,3.816194293904118e-05,1.034942388534546
nudity,1,down_blocks.2.attentions.0.transformer_blocks.0.attn2.to_k.weight,7,0.5,0.8431956171989441,0.18962840735912323,4.0313989302376285e-05,1.0349870920181274
nudity,1,down_blocks.2.attentions.0.transformer_blocks.0.attn2.to_k.weight,8,0.5,0.8553364872932434,0.1896379292011261,3.780442420975305e-05,1.0349438190460205
nudity,1,down_blocks.2.attentions.0.transformer_blocks.0.attn2.to_k.weight,9,0.5,0.8564646244049072,0.18958702683448792,3.379741610842757e-05,1.0349665880203247
nudity,1,down_blocks.2.attentions.0.transformer_blocks.0.attn2.to_k.weight,10,0.5,0.8588094115257263,0.1896672397851944,4.00956159865018e-05,1.03495454788208
nudity,1,down_blocks.2.attentions.0.transformer_blocks.0.attn2.to_k.weight,11,0.5,0.8608866333961487,0.18963657319545746,4.141138924751431e-05,1.0349968671798706
nudity,1,down_blocks.2.attentions.0.transformer_blocks.0.attn2.to_k.weight,12,0.5,0.8573293089866638,0.1896253377199173,3.4596949262777343e-05,1.0349363088607788
nudity,1,down_blocks.2.attentions.0.transformer_blocks.0.attn2.to_k.weight,13,0.5,0.8580332398414612,0.1896003633737564,3.6566991184372455e-05,1.0350064039230347
nudity,1,down_blocks.2.attentions.0.transformer_blocks.0.attn2.to_k.weight,14,0.5,0.8606119751930237,0.1896543800830841,4.189154060441069e-05,1.0349414348602295
nudity,1,down_blocks.2.attentions.0.transformer_blocks.0.attn2.to_k.weight,15,0.5,0.8595296144485474,0.18959936499595642,3.3706466638250276e-05,1.034950613975525
nudity,1,down_blocks.2.attentions.0.transformer_blocks.0.attn2.to_k.weight,16,0.5,0.858264148235321,0.18965420126914978,3.802970968536101e-05,1.0349911451339722
nudity,1,down_blocks.2.attentions.0.transformer_blocks.0.attn2.to_v.weight,1,0.5,0.73052978515625,0.1921699047088623,0.00035533489426597953,0.9923953413963318
nudity,1,down_blocks.2.attentions.0.transformer_blocks.0.attn2.to_v.weight,2,0.5,0.7576141357421875,0.19207294285297394,4.5227639930089936e-05,0.9923262000083923
nudity,1,down_blocks.2.attentions.0.transformer_blocks.0.attn2.to_v.weight,3,0.5,0.7755116820335388,0.19201716780662537,2.812995808199048e-05,0.992251455783844
nudity,1,down_blocks.2.attentions.0.transformer_blocks.0.attn2.to_v.weight,4,0.5,0.7883565425872803,0.19209368526935577,2.591725206002593e-05,0.9923017621040344
nudity,1,down_blocks.2.attentions.0.transformer_blocks.0.attn2.to_v.weight,5,0.5,0.8045634031295776,0.19202889502048492,2.48080486926483e-05,0.9921996593475342
nudity,1,down_blocks.2.attentions.0.transformer_blocks.0.attn2.to_v.weight,6,0.5,0.8235860466957092,0.19205507636070251,2.5104831365752034e-05,0.9922140836715698
nudity,1,down_blocks.2.attentions.0.transformer_blocks.0.attn2.to_v.weight,7,0.5,0.8419128656387329,0.19208261370658875,2.6551018891041167e-05,0.9922783374786377
nudity,1,down_blocks.2.attentions.0.transformer_blocks.0.attn2.to_v.weight,8,0.5,0.8524820804595947,0.1920623630285263,2.4864271836122498e-05,0.9921920895576477
nudity,1,down_blocks.2.attentions.0.transformer_blocks.0.attn2.to_v.weight,9,0.5,0.8551971316337585,0.1919783502817154,2.313860932190437e-05,0.9921638369560242
nudity,1,down_blocks.2.attentions.0.transformer_blocks.0.attn2.to_v.weight,10,0.5,0.8563639521598816,0.19212448596954346,2.62302110058954e-05,0.992296040058136
nudity,1,down_blocks.2.attentions.0.transformer_blocks.0.attn2.to_v.weight,11,0.5,0.8585052490234375,0.19205023348331451,2.555114588176366e-05,0.9922384023666382
nudity,1,down_blocks.2.attentions.0.transformer_blocks.0.attn2.to_v.weight,12,0.5,0.8569722771644592,0.19202370941638947,2.2122167138149962e-05,0.9921541213989258
nudity,1,down_blocks.2.attentions.0.transformer_blocks.0.attn2.to_v.weight,13,0.5,0.8567657470703125,0.19203640520572662,2.483853677404113e-05,0.9922515153884888
nudity,1,down_blocks.2.attentions.0.transformer_blocks.0.attn2.to_v.weight,14,0.5,0.8570973873138428,0.19208447635173798,2.6873523893300444e-05,0.9922657012939453
nudity,1,down_blocks.2.attentions.0.transformer_blocks.0.attn2.to_v.weight,15,0.5,0.8579742312431335,0.19201476871967316,2.2708962205797434e-05,0.9921866059303284
nudity,1,down_blocks.2.attentions.0.transformer_blocks.0.attn2.to_v.weight,16,0.5,0.8572285771369934,0.1921013444662094,2.457454138493631e-05,0.9922301173210144
nudity,1,down_blocks.2.attentions.1.transformer_blocks.0.attn2.to_k.weight,1,0.5,0.7141326665878296,0.1876734495162964,0.0005935329827480018,1.0290135145187378
nudity,1,down_blocks.2.attentions.1.transformer_blocks.0.attn2.to_k.weight,2,0.5,0.7444102168083191,0.187617689371109,7.86547243478708e-05,1.0289968252182007
nudity,1,down_blocks.2.attentions.1.transformer_blocks.0.attn2.to_k.weight,3,0.5,0.759539783000946,0.18763740360736847,4.9000995204551145e-05,1.0288664102554321
nudity,1,down_blocks.2.attentions.1.transformer_blocks.0.attn2.to_k.weight,4,0.5,0.7747365236282349,0.1877213567495346,4.7444464144064113e-05,1.0289621353149414
nudity,1,down_blocks.2.attentions.1.transformer_blocks.0.attn2.to_k.weight,5,0.5,0.7933136224746704,0.18770772218704224,4.6765409933868796e-05,1.0289840698242188
nudity,1,down_blocks.2.attentions.1.transformer_blocks.0.attn2.to_k.weight,6,0.5,0.8154805302619934,0.1876126229763031,4.470336716622114e-05,1.028913974761963
nudity,1,down_blocks.2.attentions.1.transformer_blocks.0.attn2.to_k.weight,7,0.5,0.8380442261695862,0.18771106004714966,4.32630222348962e-05,1.0289102792739868
nudity,1,down_blocks.2.attentions.1.transformer_blocks.0.attn2.to_k.weight,8,0.5,0.8512278199195862,0.18764467537403107,4.525089025264606e-05,1.0290216207504272
nudity,1,down_blocks.2.attentions.1.transformer_blocks.0.attn2.to_k.weight,9,0.5,0.854779064655304,0.1877075731754303,4.21866679971572e-05,1.0289264917373657
nudity,1,down_blocks.2.attentions.1.transformer_blocks.0.attn2.to_k.weight,10,0.5,0.856738269329071,0.1876571923494339,4.4516829802887514e-05,1.0289438962936401
nudity,1,down_blocks.2.attentions.1.transformer_blocks.0.attn2.to_k.weight,11,0.5,0.8573415279388428,0.18769006431102753,4.5617434807354584e-05,1.0289568901062012
nudity,1,down_blocks.2.attentions.1.transformer_blocks.0.attn2.to_k.weight,12,0.5,0.8574086427688599,0.1876247674226761,3.9578073483426124e-05,1.0288699865341187
nudity,1,down_blocks.2.attentions.1.transformer_blocks.0.attn2.to_k.weight,13,0.5,0.8577300906181335,0.18768997490406036,4.2457933886907995e-05,1.0289615392684937
nudity,1,down_blocks.2.attentions.1.transformer_blocks.0.attn2.to_k.weight,14,0.5,0.8575602173805237,0.1876763105392456,4.820874528377317e-05,1.0289652347564697
nudity,1,down_blocks.2.attentions.1.transformer_blocks.0.attn2.to_k.weight,15,0.5,0.8574747443199158,0.18769662082195282,4.1637467802502215e-05,1.0289348363876343
nudity,1,down_blocks.2.attentions.1.transformer_blocks.0.attn2.to_k.weight,16,0.5,0.8570597171783447,0.18767711520195007,4.130625893594697e-05,1.0289075374603271
nudity,1,down_blocks.2.attentions.1.transformer_blocks.0.attn2.to_v.weight,1,0.5,0.72003173828125,0.19399331510066986,0.0003706851275637746,1.001034140586853
nudity,1,down_blocks.2.attentions.1.transformer_blocks.0.attn2.to_v.weight,2,0.5,0.7529124021530151,0.1939374804496765,4.941537918057293e-05,1.0008622407913208
nudity,1,down_blocks.2.attentions.1.transformer_blocks.0.attn2.to_v.weight,3,0.5,0.7723378539085388,0.19395886361598969,3.114897117484361e-05,1.0009393692016602
nudity,1,down_blocks.2.attentions.1.transformer_blocks.0.attn2.to_v.weight,4,0.5,0.784289538860321,0.1939011663198471,2.861800203390885e-05,1.0009557008743286
nudity,1,down_blocks.2.attentions.1.transformer_blocks.0.attn2.to_v.weight,5,0.5,0.8028462529182434,0.1939932256937027,2.9761094992863946e-05,1.0009688138961792
nudity,1,down_blocks.2.attentions.1.transformer_blocks.0.attn2.to_v.weight,6,0.5,0.8205454349517822,0.19394981861114502,2.6971541956299916e-05,1.0008398294448853
nudity,1,down_blocks.2.attentions.1.transformer_blocks.0.attn2.to_v.weight,7,0.5,0.8409759402275085,0.19397908449172974,2.842075627995655e-05,1.000990867614746
nudity,1,down_blocks.2.attentions.1.transformer_blocks.0.attn2.to_v.weight,8,0.5,0.8530670404434204,0.19393973052501678,2.7623840651358478e-05,1.0008922815322876
nudity,1,down_blocks.2.attentions.1.transformer_blocks.0.attn2.to_v.weight,9,0.5,0.8570648431777954,0.19398318231105804,2.7023030270356685e-05,1.0009310245513916
nudity,1,down_blocks.2.attentions.1.transformer_blocks.0.attn2.to_v.weight,10,0.5,0.8567616939544678,0.19392326474189758,2.6805695597431622e-05,1.0009043216705322
nudity,1,down_blocks.2.attentions.1.transformer_blocks.0.attn2.to_v.weight,11,0.5,0.8587178587913513,0.19397267699241638,2.837233478203416e-05,1.0009533166885376
nudity,1,down_blocks.2.attentions.1.transformer_blocks.0.attn2.to_v.weight,12,0.5,0.858245849609375,0.1939166635274887,2.5703144274302758e-05,1.0008920431137085
nudity,1,down_blocks.2.attentions.1.transformer_blocks.0.attn2.to_v.weight,13,0.5,0.8579803705215454,0.1939830183982849,2.6870460715144873e-05,1.0009962320327759
nudity,1,down_blocks.2.attentions.1.transformer_blocks.0.attn2.to_v.weight,14,0.5,0.8580240607261658,0.19388382136821747,2.9900596928200684e-05,1.0008436441421509
nudity,1,down_blocks.2.attentions.1.transformer_blocks.0.attn2.to_v.weight,15,0.5,0.859814465045929,0.19393157958984375,2.5105333406827413e-05,1.0009357929229736
nudity,1,down_blocks.2.attentions.1.transformer_blocks.0.attn2.to_v.weight,16,0.5,0.8577514886856079,0.1939244419336319,2.5871295292745344e-05,1.000930666923523
nudity,1,up_blocks.1.attentions.0.transformer_blocks.0.attn2.to_k.weight,1,0.5,0.7643534541130066,0.18782582879066467,0.0006288762087933719,1.015039086341858
nudity,1,up_blocks.1.attentions.0.transformer_blocks.0.attn2.to_k.weight,2,0.5,0.790997326374054,0.18771597743034363,6.61956801195629e-05,1.0148676633834839
nudity,1,up_blocks.1.attentions.0.transformer_blocks.0.attn2.to_k.weight,3,0.5,0.8103017210960388,0.18773694336414337,4.0822069422574714e-05,1.014939546585083
nudity,1,up_blocks.1.attentions.0.transformer_blocks.0.attn2.to_k.weight,4,0.5,0.8214131593704224,0.18773920834064484,3.692285099532455e-05,1.0148879289627075
nudity,1,up_blocks.1.attentions.0.transformer_blocks.0.attn2.to_k.weight,5,0.5,0.8392710089683533,0.18784558773040771,4.136671486776322e-05,1.0149496793746948
nudity,1,up_blocks.1.attentions.0.transformer_blocks.0.attn2.to_k.weight,6,0.5,0.8566884398460388,0.18769675493240356,3.735547579708509e-05,1.0148440599441528
nudity,1,up_blocks.1.attentions.0.transformer_blocks.0.attn2.to_k.weight,7,0.5,0.8738769292831421,0.18784521520137787,3.730800381163135e-05,1.0149424076080322
nudity,1,up_blocks.1.attentions.0.transformer_blocks.0.attn2.to_k.weight,8,0.5,0.8808817267417908,0.18777446448802948,3.77303731511347e-05,1.014841914176941
nudity,1,up_blocks.1.attentions.0.transformer_blocks.0.attn2.to_k.weight,9,0.5,0.882434070110321,0.18778930604457855,3.563036079867743e-05,1.0149211883544922
nudity,1,up_blocks.1.attentions.0.transformer_blocks.0.attn2.to_k.weight,10,0.5,0.8821746706962585,0.18774104118347168,3.7651723687304184e-05,1.014864206314087
nudity,1,up_blocks.1.attentions.0.transformer_blocks.0.attn2.to_k.weight,11,0.5,0.8848327398300171,0.1878182590007782,3.859248317894526e-05,1.0149258375167847
nudity,1,up_blocks.1.attentions.0.transformer_blocks.0.attn2.to_k.weight,12,0.5,0.8839284181594849,0.18772345781326294,3.480118903098628e-05,1.0148388147354126
nudity,1,up_blocks.1.attentions.0.transformer_blocks.0.attn2.to_k.weight,13,0.5,0.8852589726448059,0.18780739605426788,3.612821456044912e-05,1.0149637460708618
nudity,1,up_blocks.1.attentions.0.transformer_blocks.0.attn2.to_k.weight,14,0.5,0.8817281126976013,0.18779686093330383,4.09309177484829e-05,1.0148454904556274
nudity,1,up_blocks.1.attentions.0.transformer_blocks.0.attn2.to_k.weight,15,0.5,0.8844279050827026,0.18777251243591309,3.465472400421277e-05,1.0149116516113281
nudity,1,up_blocks.1.attentions.0.transformer_blocks.0.attn2.to_k.weight,16,0.5,0.8835825324058533,0.1877654492855072,3.3826341677922755e-05,1.0148522853851318
nudity,1,up_blocks.1.attentions.0.transformer_blocks.0.attn2.to_v.weight,1,0.5,0.7552887201309204,0.18953478336334229,0.0004667310568038374,0.9982008337974548
nudity,1,up_blocks.1.attentions.0.transformer_blocks.0.attn2.to_v.weight,2,0.5,0.7846659421920776,0.1894109845161438,5.293572394293733e-05,0.9980798363685608
nudity,1,up_blocks.1.attentions.0.transformer_blocks.0.attn2.to_v.weight,3,0.5,0.794750988483429,0.1895476132631302,3.350520637468435e-05,0.998141884803772
nudity,1,up_blocks.1.attentions.0.transformer_blocks.0.attn2.to_v.weight,4,0.5,0.8082814812660217,0.18941844999790192,3.291494067525491e-05,0.9980882406234741
nudity,1,up_blocks.1.attentions.0.transformer_blocks.0.attn2.to_v.weight,5,0.5,0.8246185183525085,0.18954186141490936,3.2992567867040634e-05,0.9981375336647034
nudity,1,up_blocks.1.attentions.0.transformer_blocks.0.attn2.to_v.weight,6,0.5,0.8440958857536316,0.18944410979747772,3.0310675356304273e-05,0.9981288313865662
nudity,1,up_blocks.1.attentions.0.transformer_blocks.0.attn2.to_v.weight,7,0.5,0.8639760613441467,0.18952348828315735,3.1764571758685634e-05,0.9981244206428528
nudity,1,up_blocks.1.attentions.0.transformer_blocks.0.attn2.to_v.weight,8,0.5,0.8707743287086487,0.18944992125034332,3.0607636290369555e-05,0.998071014881134
nudity,1,up_blocks.1.attentions.0.transformer_blocks.0.attn2.to_v.weight,9,0.5,0.870922863483429,0.18947038054466248,3.0022647479199804e-05,0.9981417059898376
nudity,1,up_blocks.1.attentions.0.transformer_blocks.0.attn2.to_v.weight,10,0.5,0.8746805787086487,0.18942199647426605,3.361232302268036e-05,0.9981004595756531
nudity,1,up_blocks.1.attentions.0.transformer_blocks.0.attn2.to_v.weight,11,0.5,0.8735951781272888,0.18954358994960785,3.112922786385752e-05,0.9981493353843689
nudity,1,up_blocks.1.attentions.0.transformer_blocks.0.attn2.to_v.weight,12,0.5,0.8719472289085388,0.18944552540779114,2.7205152946407907e-05,0.9981003403663635
nudity,1,up_blocks.1.attentions.0.transformer_blocks.0.attn2.to_v.weight,13,0.5,0.8731679320335388,0.18951140344142914,3.18227284878958e-05,0.9981412887573242
nudity,1,up_blocks.1.attentions.0.transformer_blocks.0.attn2.to_v.weight,14,0.5,0.8740499019622803,0.18944638967514038,3.4364544262643903e-05,0.9980764985084534
nudity,1,up_blocks.1.attentions.0.transformer_blocks.0.attn2.to_v.weight,15,0.5,0.8731831908226013,0.1895005702972412,2.7910353310289793e-05,0.9981325268745422
nudity,1,up_blocks.1.attentions.0.transformer_blocks.0.attn2.to_v.weight,16,0.5,0.8736664056777954,0.18941932916641235,2.9832872314727865e-05,0.9981094002723694
nudity,1,up_blocks.1.attentions.1.transformer_blocks.0.attn2.to_k.weight,1,0.5,0.7813822627067566,0.19081100821495056,0.0006614814046770334,1.01656973361969
nudity,1,up_blocks.1.attentions.1.transformer_blocks.0.attn2.to_k.weight,2,0.5,0.8062072992324829,0.1906970739364624,6.412839138647541e-05,1.016428828239441
nudity,1,up_blocks.1.attentions.1.transformer_blocks.0.attn2.to_k.weight,3,0.5,0.8219817876815796,0.19072474539279938,4.038160477648489e-05,1.0164592266082764
nudity,1,up_blocks.1.attentions.1.transformer_blocks.0.attn2.to_k.weight,4,0.5,0.8328949213027954,0.19079925119876862,3.588881008909084e-05,1.0164061784744263
nudity,1,up_blocks.1.attentions.1.transformer_blocks.0.attn2.to_k.weight,5,0.5,0.8497955203056335,0.1907261461019516,3.576295785023831e-05,1.016495943069458
nudity,1,up_blocks.1.attentions.1.transformer_blocks.0.attn2.to_k.weight,6,0.5,0.8681660890579224,0.19080109894275665,3.2584273867541924e-05,1.0163835287094116
nudity,1,up_blocks.1.attentions.1.transformer_blocks.0.attn2.to_k.weight,7,0.5,0.8868988156318665,0.19080457091331482,3.612593354773708e-05,1.0165005922317505
nudity,1,up_blocks.1.attentions.1.transformer_blocks.0.attn2.to_k.weight,8,0.5,0.8963897824287415,0.19073565304279327,3.480964005575515e-05,1.0163981914520264
nudity,1,up_blocks.1.attentions.1.transformer_blocks.0.attn2.to_k.weight,9,0.5,0.8996378779411316,0.19073565304279327,3.268919317633845e-05,1.016478180885315
nudity,1,up_blocks.1.attentions.1.transformer_blocks.0.attn2.to_k.weight,10,0.5,0.8997161984443665,0.19078916311264038,3.4184875403298065e-05,1.016406774520874
nudity,1,up_blocks.1.attentions.1.transformer_blocks.0.attn2.to_k.weight,11,0.5,0.9012125730514526,0.19074700772762299,3.326882142573595e-05,1.0164828300476074
nudity,1,up_blocks.1.attentions.1.transformer_blocks.0.attn2.to_k.weight,12,0.5,0.9001362919807434,0.1907816082239151,3.233387542422861e-05,1.016396403312683
nudity,1,up_blocks.1.attentions.1.transformer_blocks.0.attn2.to_k.weight,13,0.5,0.8997517824172974,0.19078142940998077,3.468403883744031e-05,1.0165072679519653
nudity,1,up_blocks.1.attentions.1.transformer_blocks.0.attn2.to_k.weight,14,0.5,0.9007548093795776,0.19071684777736664,3.620006827986799e-05,1.0164048671722412
nudity,1,up_blocks.1.attentions.1.transformer_blocks.0.attn2.to_k.weight,15,0.5,0.9018086791038513,0.19075395166873932,3.092011684202589e-05,1.0164514780044556
nudity,1,up_blocks.1.attentions.1.transformer_blocks.0.attn2.to_k.weight,16,0.5,0.8998178839683533,0.19081133604049683,3.179705163347535e-05,1.0164295434951782
nudity,1,up_blocks.1.attentions.1.transformer_blocks.0.attn2.to_v.weight,1,0.5,0.748675525188446,0.18951499462127686,0.0005258858436718583,0.9881372451782227
nudity,1,up_blocks.1.attentions.1.transformer_blocks.0.attn2.to_v.weight,2,0.5,0.7728108763694763,0.18949255347251892,6.319028761936352e-05,0.9879689812660217
nudity,1,up_blocks.1.attentions.1.transformer_blocks.0.attn2.to_v.weight,3,0.5,0.7901011109352112,0.18949271738529205,3.892018139595166e-05,0.9880257844924927
nudity,1,up_blocks.1.attentions.1.transformer_blocks.0.attn2.to_v.weight,4,0.5,0.8007883429527283,0.18947440385818481,3.3279873605351895e-05,0.987980842590332
nudity,1,up_blocks.1.attentions.1.transformer_blocks.0.attn2.to_v.weight,5,0.5,0.8177510499954224,0.18947812914848328,3.663947063614614e-05,0.9880013465881348
nudity,1,up_blocks.1.attentions.1.transformer_blocks.0.attn2.to_v.weight,6,0.5,0.8373860716819763,0.18943838775157928,3.299785021226853e-05,0.9879442453384399
nudity,1,up_blocks.1.attentions.1.transformer_blocks.0.attn2.to_v.weight,7,0.5,0.8584686517715454,0.18955710530281067,3.320017276564613e-05,0.9880204796791077
nudity,1,up_blocks.1.attentions.1.transformer_blocks.0.attn2.to_v.weight,8,0.5,0.8691548705101013,0.1894599050283432,3.583730722311884e-05,0.9879291653633118
nudity,1,up_blocks.1.attentions.1.transformer_blocks.0.attn2.to_v.weight,9,0.5,0.8736795783042908,0.1894925832748413,3.4204327675979584e-05,0.9880128502845764
nudity,1,up_blocks.1.attentions.1.transformer_blocks.0.attn2.to_v.weight,10,0.5,0.8707010746002197,0.18952041864395142,3.206579276593402e-05,0.9879649877548218
nudity,1,up_blocks.1.attentions.1.transformer_blocks.0.attn2.to_v.weight,11,0.5,0.8736043572425842,0.18953247368335724,3.32964955305215e-05,0.9879997968673706
nudity,1,up_blocks.1.attentions.1.transformer_blocks.0.attn2.to_v.weight,12,0.5,0.8730255365371704,0.18949545919895172,3.247316271881573e-05,0.9879463315010071
nudity,1,up_blocks.1.attentions.1.transformer_blocks.0.attn2.to_v.weight,13,0.5,0.8728271722793579,0.1895119994878769,3.3297459594905376e-05,0.9880521297454834
nudity,1,up_blocks.1.attentions.1.transformer_blocks.0.attn2.to_v.weight,14,0.5,0.8725270628929138,0.18945114314556122,3.575897790142335e-05,0.9878880977630615
nudity,1,up_blocks.1.attentions.1.transformer_blocks.0.attn2.to_v.weight,15,0.5,0.8729075193405151,0.18954041600227356,3.111266778432764e-05,0.9879928827285767
nudity,1,up_blocks.1.attentions.1.transformer_blocks.0.attn2.to_v.weight,16,0.5,0.8718597292900085,0.18950945138931274,3.239299985580146e-05,0.9880013465881348
nudity,1,up_blocks.1.attentions.2.transformer_blocks.0.attn2.to_k.weight,1,0.5,0.7706359624862671,0.19167698919773102,0.0006619931082241237,1.0211087465286255
nudity,1,up_blocks.1.attentions.2.transformer_blocks.0.attn2.to_k.weight,2,0.5,0.7910573482513428,0.1917453110218048,7.072212611092255e-05,1.0210111141204834
nudity,1,up_blocks.1.attentions.2.transformer_blocks.0.attn2.to_k.weight,3,0.5,0.8055450320243835,0.19171644747257233,4.379307574708946e-05,1.020975112915039
nudity,1,up_blocks.1.attentions.2.transformer_blocks.0.attn2.to_k.weight,4,0.5,0.8138702511787415,0.19179275631904602,3.927217403543182e-05,1.0210007429122925
nudity,1,up_blocks.1.attentions.2.transformer_blocks.0.attn2.to_k.weight,5,0.5,0.8286529779434204,0.19172754883766174,3.9181973988888785e-05,1.0209770202636719
nudity,1,up_blocks.1.attentions.2.transformer_blocks.0.attn2.to_k.weight,6,0.5,0.8470774292945862,0.19178946316242218,3.716616265592165e-05,1.0209184885025024
nudity,1,up_blocks.1.attentions.2.transformer_blocks.0.attn2.to_k.weight,7,0.5,0.8689066767692566,0.19177570939064026,3.756994192372076e-05,1.0209887027740479
nudity,1,up_blocks.1.attentions.2.transformer_blocks.0.attn2.to_k.weight,8,0.5,0.8834869265556335,0.19177782535552979,3.906182246282697e-05,1.0209760665893555
nudity,1,up_blocks.1.attentions.2.transformer_blocks.0.attn2.to_k.weight,9,0.5,0.8877248167991638,0.19176429510116577,3.393862061784603e-05,1.0209494829177856
nudity,1,up_blocks.1.attentions.2.transformer_blocks.0.attn2.to_k.weight,10,0.5,0.8879333734512329,0.1917758584022522,3.561497214832343e-05,1.0209345817565918
nudity,1,up_blocks.1.attentions.2.transformer_blocks.0.attn2.to_k.weight,11,0.5,0.8896626830101013,0.1917785257101059,3.8372552808141336e-05,1.0209447145462036
nudity,1,up_blocks.1.attentions.2.transformer_blocks.0.attn2.to_k.weight,12,0.5,0.8895121216773987,0.1917557269334793,3.4923581551993266e-05,1.0209845304489136
nudity,1,up_blocks.1.attentions.2.transformer_blocks.0.attn2.to_k.weight,13,0.5,0.8898274898529053,0.19178813695907593,3.5746186767937616e-05,1.0210003852844238
nudity,1,up_blocks.1.attentions.2.transformer_blocks.0.attn2.to_k.weight,14,0.5,0.8896687626838684,0.19176551699638367,3.912434112862684e-05,1.0209282636642456
nudity,1,up_blocks.1.attentions.2.transformer_blocks.0.attn2.to_k.weight,15,0.5,0.8904215693473816,0.19177325069904327,3.369716796441935e-05,1.0209407806396484
nudity,1,up_blocks.1.attentions.2.transformer_blocks.0.attn2.to_k.weight,16,0.5,0.8889994025230408,0.19179734587669373,3.453371755313128e-05,1.0209648609161377
nudity,1,up_blocks.1.attentions.2.transformer_blocks.0.attn2.to_v.weight,1,0.5,0.7272298336029053,0.1861417442560196,0.0004810769751202315,0.9714120030403137
nudity,1,up_blocks.1.attentions.2.transformer_blocks.0.attn2.to_v.weight,2,0.5,0.759307861328125,0.18609239161014557,5.9172634792048484e-05,0.9713358879089355
nudity,1,up_blocks.1.attentions.2.transformer_blocks.0.attn2.to_v.weight,3,0.5,0.7734751105308533,0.1860870122909546,3.7310001061996445e-05,0.9713224172592163
nudity,1,up_blocks.1.attentions.2.transformer_blocks.0.attn2.to_v.weight,4,0.5,0.7876241207122803,0.18607652187347412,3.462225868133828e-05,0.971314013004303
nudity,1,up_blocks.1.attentions.2.transformer_blocks.0.attn2.to_v.weight,5,0.5,0.8045613765716553,0.18608064949512482,3.482486863504164e-05,0.9713207483291626
nudity,1,up_blocks.1.attentions.2.transformer_blocks.0.attn2.to_v.weight,6,0.5,0.8255340456962585,0.18602107465267181,3.057245339732617e-05,0.9713048338890076
nudity,1,up_blocks.1.attentions.2.transformer_blocks.0.attn2.to_v.weight,7,0.5,0.8474802374839783,0.1860463172197342,3.3983891626121476e-05,0.9713210463523865
nudity,1,up_blocks.1.attentions.2.transformer_blocks.0.attn2.to_v.weight,8,0.5,0.8632771968841553,0.1860252171754837,3.422257213969715e-05,0.9712979197502136
nudity,1,up_blocks.1.attentions.2.transformer_blocks.0.attn2.to_v.weight,9,0.5,0.8649607300758362,0.18604624271392822,3.055448905797675e-05,0.9713171720504761
nudity,1,up_blocks.1.attentions.2.transformer_blocks.0.attn2.to_v.weight,10,0.5,0.8666839599609375,0.18601451814174652,3.1535015295958146e-05,0.971286416053772
nudity,1,up_blocks.1.attentions.2.transformer_blocks.0.attn2.to_v.weight,11,0.5,0.8679148554801941,0.18610051274299622,3.348883183207363e-05,0.9713510870933533
nudity,1,up_blocks.1.attentions.2.transformer_blocks.0.attn2.to_v.weight,12,0.5,0.8665415644645691,0.18603861331939697,3.0353761758306064e-05,0.9712967872619629
nudity,1,up_blocks.1.attentions.2.transformer_blocks.0.attn2.to_v.weight,13,0.5,0.8676493167877197,0.18602296710014343,3.247590939281508e-05,0.9713236093521118
nudity,1,up_blocks.1.attentions.2.transformer_blocks.0.attn2.to_v.weight,14,0.5,0.8662790656089783,0.18604572117328644,3.347930032759905e-05,0.971280574798584
nudity,1,up_blocks.1.attentions.2.transformer_blocks.0.attn2.to_v.weight,15,0.5,0.8668324947357178,0.18602405488491058,3.0354402042576112e-05,0.9713304042816162
nudity,1,up_blocks.1.attentions.2.transformer_blocks.0.attn2.to_v.weight,16,0.5,0.8673258423805237,0.1860359162092209,3.108452438027598e-05,0.9712955355644226
nudity,1,up_blocks.2.attentions.0.transformer_blocks.0.attn2.to_k.weight,1,0.5,0.686663806438446,0.17497020959854126,0.0007581093814224005,1.02462899684906
nudity,1,up_blocks.2.attentions.0.transformer_blocks.0.attn2.to_k.weight,2,0.5,0.7198811769485474,0.17489585280418396,0.00010867056698771194,1.024653673171997
nudity,1,up_blocks.2.attentions.0.transformer_blocks.0.attn2.to_k.weight,3,0.5,0.73406982421875,0.1749623566865921,6.688513531116769e-05,1.0245569944381714
nudity,1,up_blocks.2.attentions.0.transformer_blocks.0.attn2.to_k.weight,4,0.5,0.7470052242279053,0.17489264905452728,6.35577307548374e-05,1.0247609615325928
nudity,1,up_blocks.2.attentions.0.transformer_blocks.0.attn2.to_k.weight,5,0.5,0.766949474811554,0.17497816681861877,6.345414294628426e-05,1.0246495008468628
nudity,1,up_blocks.2.attentions.0.transformer_blocks.0.attn2.to_k.weight,6,0.5,0.7935282588005066,0.17487309873104095,5.9419475292088464e-05,1.0246920585632324
nudity,1,up_blocks.2.attentions.0.transformer_blocks.0.attn2.to_k.weight,7,0.5,0.8178812861442566,0.17506681382656097,6.164867954794317e-05,1.0246741771697998
nudity,1,up_blocks.2.attentions.0.transformer_blocks.0.attn2.to_k.weight,8,0.5,0.828686535358429,0.17487342655658722,6.292898615356535e-05,1.0246845483779907
nudity,1,up_blocks.2.attentions.0.transformer_blocks.0.attn2.to_k.weight,9,0.5,0.8339253664016724,0.1749696284532547,6.103110717958771e-05,1.0245803594589233
nudity,1,up_blocks.2.attentions.0.transformer_blocks.0.attn2.to_k.weight,10,0.5,0.836334228515625,0.17490512132644653,5.975424573989585e-05,1.0247173309326172
nudity,1,up_blocks.2.attentions.0.transformer_blocks.0.attn2.to_k.weight,11,0.5,0.8368204832077026,0.17501410841941833,5.95820602029562e-05,1.0247217416763306
nudity,1,up_blocks.2.attentions.0.transformer_blocks.0.attn2.to_k.weight,12,0.5,0.8353739380836487,0.17489632964134216,5.6825207138899714e-05,1.0244592428207397
nudity,1,up_blocks.2.attentions.0.transformer_blocks.0.attn2.to_k.weight,13,0.5,0.8348408937454224,0.17504523694515228,6.158093310659751e-05,1.024807333946228
nudity,1,up_blocks.2.attentions.0.transformer_blocks.0.attn2.to_k.weight,14,0.5,0.8344644904136658,0.174955353140831,6.530862447107211e-05,1.0244953632354736
nudity,1,up_blocks.2.attentions.0.transformer_blocks.0.attn2.to_k.weight,15,0.5,0.8360656499862671,0.17492175102233887,5.842928294441663e-05,1.0247044563293457
nudity,1,up_blocks.2.attentions.0.transformer_blocks.0.attn2.to_k.weight,16,0.5,0.8316284418106079,0.17497093975543976,5.6164080888265744e-05,1.0247068405151367
nudity,1,up_blocks.2.attentions.0.transformer_blocks.0.attn2.to_v.weight,1,0.5,0.6720173954963684,0.16633154451847076,0.0006474260590039194,0.9409152865409851
nudity,1,up_blocks.2.attentions.0.transformer_blocks.0.attn2.to_v.weight,2,0.5,0.6996134519577026,0.1662481725215912,9.836802200879902e-05,0.9407435059547424
nudity,1,up_blocks.2.attentions.0.transformer_blocks.0.attn2.to_v.weight,3,0.5,0.7184835076332092,0.16621965169906616,6.255788321141154e-05,0.9406424164772034
nudity,1,up_blocks.2.attentions.0.transformer_blocks.0.attn2.to_v.weight,4,0.5,0.7374776005744934,0.16623316705226898,5.572214649873786e-05,0.9407586455345154
nudity,1,up_blocks.2.attentions.0.transformer_blocks.0.attn2.to_v.weight,5,0.5,0.7571513056755066,0.1662687212228775,5.9635378420352936e-05,0.9406606554985046
nudity,1,up_blocks.2.attentions.0.transformer_blocks.0.attn2.to_v.weight,6,0.5,0.7817606329917908,0.1661868840456009,5.7422021200181916e-05,0.9406716227531433
nudity,1,up_blocks.2.attentions.0.transformer_blocks.0.attn2.to_v.weight,7,0.5,0.8058369755744934,0.16630221903324127,5.500705447047949e-05,0.9406787753105164
nudity,1,up_blocks.2.attentions.0.transformer_blocks.0.attn2.to_v.weight,8,0.5,0.8168863654136658,0.16630366444587708,5.697325832443312e-05,0.940565824508667
nudity,1,up_blocks.2.attentions.0.transformer_blocks.0.attn2.to_v.weight,9,0.5,0.8203694820404053,0.16624721884727478,5.4770738643128425e-05,0.9406492710113525
nudity,1,up_blocks.2.attentions.0.transformer_blocks.0.attn2.to_v.weight,10,0.5,0.8225911259651184,0.16624315083026886,5.6003926147241145e-05,0.9407245516777039
nudity,1,up_blocks.2.attentions.0.transformer_blocks.0.attn2.to_v.weight,11,0.5,0.8230000734329224,0.16626092791557312,5.717950625694357e-05,0.9406004548072815
nudity,1,up_blocks.2.attentions.0.transformer_blocks.0.attn2.to_v.weight,12,0.5,0.8223917484283447,0.16619490087032318,5.0625516450963914e-05,0.940598726272583
nudity,1,up_blocks.2.attentions.0.transformer_blocks.0.attn2.to_v.weight,13,0.5,0.8243550658226013,0.16633979976177216,5.3689753258368e-05,0.9407495856285095
nudity,1,up_blocks.2.attentions.0.transformer_blocks.0.attn2.to_v.weight,14,0.5,0.8233235478401184,0.16628672182559967,6.162117642816156e-05,0.9406168460845947
nudity,1,up_blocks.2.attentions.0.transformer_blocks.0.attn2.to_v.weight,15,0.5,0.822967529296875,0.16623474657535553,5.103884177515283e-05,0.9405744671821594
nudity,1,up_blocks.2.attentions.0.transformer_blocks.0.attn2.to_v.weight,16,0.5,0.8236023187637329,0.1662064641714096,5.277612217469141e-05,0.9407153725624084
nudity,1,up_blocks.2.attentions.1.transformer_blocks.0.attn2.to_k.weight,1,0.5,0.68145751953125,0.1967969834804535,0.0006490231608040631,1.0334018468856812
nudity,1,up_blocks.2.attentions.1.transformer_blocks.0.attn2.to_k.weight,2,0.5,0.7126830816268921,0.19677875936031342,9.707856952445582e-05,1.0332425832748413
nudity,1,up_blocks.2.attentions.1.transformer_blocks.0.attn2.to_k.weight,3,0.5,0.732708752155304,0.19687387347221375,5.995657556923106e-05,1.033274531364441
nudity,1,up_blocks.2.attentions.1.transformer_blocks.0.attn2.to_k.weight,4,0.5,0.7439005374908447,0.19682274758815765,5.6229277106467634e-05,1.0332841873168945
nudity,1,up_blocks.2.attentions.1.transformer_blocks.0.attn2.to_k.weight,5,0.5,0.7645060420036316,0.1968587040901184,5.802522355224937e-05,1.0332883596420288
nudity,1,up_blocks.2.attentions.1.transformer_blocks.0.attn2.to_k.weight,6,0.5,0.7909606695175171,0.1967788189649582,5.13230224896688e-05,1.033292293548584
nudity,1,up_blocks.2.attentions.1.transformer_blocks.0.attn2.to_k.weight,7,0.5,0.814837634563446,0.19696012139320374,5.398500798037276e-05,1.0333192348480225
nudity,1,up_blocks.2.attentions.1.transformer_blocks.0.attn2.to_k.weight,8,0.5,0.8318318724632263,0.19677695631980896,5.401491580414586e-05,1.0332601070404053
nudity,1,up_blocks.2.attentions.1.transformer_blocks.0.attn2.to_k.weight,9,0.5,0.8371805548667908,0.19691453874111176,4.96364118589554e-05,1.033297061920166
nudity,1,up_blocks.2.attentions.1.transformer_blocks.0.attn2.to_k.weight,10,0.5,0.8373616337776184,0.1968744397163391,5.5070468079065904e-05,1.0332380533218384
nudity,1,up_blocks.2.attentions.1.transformer_blocks.0.attn2.to_k.weight,11,0.5,0.839630126953125,0.19686457514762878,5.427534051705152e-05,1.0332322120666504
nudity,1,up_blocks.2.attentions.1.transformer_blocks.0.attn2.to_k.weight,12,0.5,0.838305652141571,0.1967783123254776,4.973484465153888e-05,1.0333330631256104
nudity,1,up_blocks.2.attentions.1.transformer_blocks.0.attn2.to_k.weight,13,0.5,0.8374999761581421,0.19695855677127838,5.2330167818581685e-05,1.0333127975463867
nudity,1,up_blocks.2.attentions.1.transformer_blocks.0.attn2.to_k.weight,14,0.5,0.8382344841957092,0.19677884876728058,5.8836954849539325e-05,1.03323495388031
nudity,1,up_blocks.2.attentions.1.transformer_blocks.0.attn2.to_k.weight,15,0.5,0.8411173224449158,0.19690050184726715,4.768553844769485e-05,1.03324294090271
nudity,1,up_blocks.2.attentions.1.transformer_blocks.0.attn2.to_k.weight,16,0.5,0.8392252326011658,0.19684572517871857,4.915909448754974e-05,1.0333046913146973
nudity,1,up_blocks.2.attentions.1.transformer_blocks.0.attn2.to_v.weight,1,0.5,0.6688578128814697,0.19235917925834656,0.0004307778144720942,0.9444905519485474
nudity,1,up_blocks.2.attentions.1.transformer_blocks.0.attn2.to_v.weight,2,0.5,0.6988667845726013,0.19225525856018066,7.204104622360319e-05,0.9444187879562378
nudity,1,up_blocks.2.attentions.1.transformer_blocks.0.attn2.to_v.weight,3,0.5,0.7169148921966553,0.19227264821529388,4.6413293603109196e-05,0.9444939494132996
nudity,1,up_blocks.2.attentions.1.transformer_blocks.0.attn2.to_v.weight,4,0.5,0.728686511516571,0.19229991734027863,4.380293466965668e-05,0.9444428086280823
nudity,1,up_blocks.2.attentions.1.transformer_blocks.0.attn2.to_v.weight,5,0.5,0.749114990234375,0.19232749938964844,4.5072545617586e-05,0.9444954991340637
nudity,1,up_blocks.2.attentions.1.transformer_blocks.0.attn2.to_v.weight,6,0.5,0.7706705927848816,0.19228798151016235,4.413596980157308e-05,0.9444860219955444
nudity,1,up_blocks.2.attentions.1.transformer_blocks.0.attn2.to_v.weight,7,0.5,0.793499767780304,0.1922760158777237,4.301925582694821e-05,0.944463312625885
nudity,1,up_blocks.2.attentions.1.transformer_blocks.0.attn2.to_v.weight,8,0.5,0.8070455193519592,0.19241973757743835,4.324245674069971e-05,0.9444411396980286
nudity,1,up_blocks.2.attentions.1.transformer_blocks.0.attn2.to_v.weight,9,0.5,0.8136922121047974,0.19224213063716888,4.0051814721664414e-05,0.9444694519042969
nudity,1,up_blocks.2.attentions.1.transformer_blocks.0.attn2.to_v.weight,10,0.5,0.811169445514679,0.19223733246326447,4.173285560682416e-05,0.944450318813324
nudity,1,up_blocks.2.attentions.1.transformer_blocks.0.attn2.to_v.weight,11,0.5,0.8120137453079224,0.19231952726840973,4.5570937800221145e-05,0.9445270895957947
nudity,1,up_blocks.2.attentions.1.transformer_blocks.0.attn2.to_v.weight,12,0.5,0.8140218257904053,0.19228655099868774,4.144914782955311e-05,0.9444583654403687
nudity,1,up_blocks.2.attentions.1.transformer_blocks.0.attn2.to_v.weight,13,0.5,0.8128316402435303,0.19231164455413818,4.033510049339384e-05,0.9444467425346375
nudity,1,up_blocks.2.attentions.1.transformer_blocks.0.attn2.to_v.weight,14,0.5,0.811767578125,0.19231650233268738,4.513388194027357e-05,0.9444466233253479
nudity,1,up_blocks.2.attentions.1.transformer_blocks.0.attn2.to_v.weight,15,0.5,0.8144938349723816,0.19218586385250092,3.9844700950197875e-05,0.9445267915725708
nudity,1,up_blocks.2.attentions.1.transformer_blocks.0.attn2.to_v.weight,16,0.5,0.8125895261764526,0.19230470061302185,4.0544644434703514e-05,0.9444237947463989
nudity,1,up_blocks.2.attentions.2.transformer_blocks.0.attn2.to_k.weight,1,0.5,0.6804524660110474,0.19745512306690216,0.0006553359562531114,1.0339926481246948
nudity,1,up_blocks.2.attentions.2.transformer_blocks.0.attn2.to_k.weight,2,0.5,0.7030680179595947,0.19724367558956146,9.752213372848928e-05,1.0338780879974365
nudity,1,up_blocks.2.attentions.2.transformer_blocks.0.attn2.to_k.weight,3,0.5,0.7174357175827026,0.19732001423835754,6.460040458478034e-05,1.0339545011520386
nudity,1,up_blocks.2.attentions.2.transformer_blocks.0.attn2.to_k.weight,4,0.5,0.7277852296829224,0.19720616936683655,6.074576231185347e-05,1.0339345932006836
nudity,1,up_blocks.2.attentions.2.transformer_blocks.0.attn2.to_k.weight,5,0.5,0.7450846433639526,0.19728751480579376,6.29833884886466e-05,1.0340381860733032
nudity,1,up_blocks.2.attentions.2.transformer_blocks.0.attn2.to_k.weight,6,0.5,0.7668782472610474,0.19730493426322937,6.0802292864536867e-05,1.033989429473877
nudity,1,up_blocks.2.attentions.2.transformer_blocks.0.attn2.to_k.weight,7,0.5,0.7916707396507263,0.19730089604854584,6.18112608208321e-05,1.0339857339859009
nudity,1,up_blocks.2.attentions.2.transformer_blocks.0.attn2.to_k.weight,8,0.5,0.8035075068473816,0.1971374750137329,5.996453546686098e-05,1.0338891744613647
nudity,1,up_blocks.2.attentions.2.transformer_blocks.0.attn2.to_k.weight,9,0.5,0.8103882074356079,0.1973014920949936,5.855790732312016e-05,1.0340569019317627
nudity,1,up_blocks.2.attentions.2.transformer_blocks.0.attn2.to_k.weight,10,0.5,0.8140401244163513,0.19715647399425507,6.092997136875056e-05,1.0339566469192505
nudity,1,up_blocks.2.attentions.2.transformer_blocks.0.attn2.to_k.weight,11,0.5,0.8166259527206421,0.19733214378356934,5.9220656112302095e-05,1.0340572595596313
nudity,1,up_blocks.2.attentions.2.transformer_blocks.0.attn2.to_k.weight,12,0.5,0.8136209845542908,0.19720515608787537,5.628562576021068e-05,1.0339192152023315
nudity,1,up_blocks.2.attentions.2.transformer_blocks.0.attn2.to_k.weight,13,0.5,0.8157125115394592,0.19729304313659668,5.89858136663679e-05,1.0339875221252441
nudity,1,up_blocks.2.attentions.2.transformer_blocks.0.attn2.to_k.weight,14,0.5,0.8149353265762329,0.19711898267269135,6.471967935794964e-05,1.0339382886886597
nudity,1,up_blocks.2.attentions.2.transformer_blocks.0.attn2.to_k.weight,15,0.5,0.8159505128860474,0.19724690914154053,5.653868356603198e-05,1.0340062379837036
nudity,1,up_blocks.2.attentions.2.transformer_blocks.0.attn2.to_k.weight,16,0.5,0.8152831792831421,0.19718056917190552,5.735243030358106e-05,1.0339939594268799
nudity,1,up_blocks.2.attentions.2.transformer_blocks.0.attn2.to_v.weight,1,0.5,0.6731221675872803,0.19041983783245087,0.0003737877996172756,0.9132519364356995
nudity,1,up_blocks.2.attentions.2.transformer_blocks.0.attn2.to_v.weight,2,0.5,0.7096822261810303,0.19038473069667816,5.46180090168491e-05,0.9133109450340271
nudity,1,up_blocks.2.attentions.2.transformer_blocks.0.attn2.to_v.weight,3,0.5,0.733123779296875,0.1903652399778366,3.35828481183853e-05,0.9132532477378845
nudity,1,up_blocks.2.attentions.2.transformer_blocks.0.attn2.to_v.weight,4,0.5,0.7544392943382263,0.19037730991840363,3.084474883507937e-05,0.9132677912712097
nudity,1,up_blocks.2.attentions.2.transformer_blocks.0.attn2.to_v.weight,5,0.5,0.776867687702179,0.19038690626621246,3.0875406082486734e-05,0.913396954536438
nudity,1,up_blocks.2.attentions.2.transformer_blocks.0.attn2.to_v.weight,6,0.5,0.8019469976425171,0.1903250813484192,2.944220796052832e-05,0.9132336378097534
nudity,1,up_blocks.2.attentions.2.transformer_blocks.0.attn2.to_v.weight,7,0.5,0.8257731199264526,0.19047506153583527,3.06701404042542e-05,0.9132603406906128
nudity,1,up_blocks.2.attentions.2.transformer_blocks.0.attn2.to_v.weight,8,0.5,0.838165283203125,0.19038495421409607,2.9381224521785043e-05,0.9133240580558777
nudity,1,up_blocks.2.attentions.2.transformer_blocks.0.attn2.to_v.weight,9,0.5,0.8419331908226013,0.19036437571048737,2.6804260414792225e-05,0.913340151309967
nudity,1,up_blocks.2.attentions.2.transformer_blocks.0.attn2.to_v.weight,10,0.5,0.8440775275230408,0.19039994478225708,3.015761831193231e-05,0.9132877588272095
nudity,1,up_blocks.2.attentions.2.transformer_blocks.0.attn2.to_v.weight,11,0.5,0.8429280519485474,0.1904514729976654,2.9731054382864386e-05,0.9133080244064331
nudity,1,up_blocks.2.attentions.2.transformer_blocks.0.attn2.to_v.weight,12,0.5,0.8437886834144592,0.19033469259738922,2.6721992981038056e-05,0.9132447838783264
nudity,1,up_blocks.2.attentions.2.transformer_blocks.0.attn2.to_v.weight,13,0.5,0.8441569209098816,0.19046863913536072,2.933583346020896e-05,0.9133496284484863
nudity,1,up_blocks.2.attentions.2.transformer_blocks.0.attn2.to_v.weight,14,0.5,0.8438497185707092,0.19037698209285736,3.157093306072056e-05,0.913308322429657
nudity,1,up_blocks.2.attentions.2.transformer_blocks.0.attn2.to_v.weight,15,0.5,0.8441182374954224,0.1903885155916214,2.5916602680808865e-05,0.9132750034332275
nudity,1,up_blocks.2.attentions.2.transformer_blocks.0.attn2.to_v.weight,16,0.5,0.8441182374954224,0.19042834639549255,2.7794851121143438e-05,0.9132856726646423
nudity,1,up_blocks.3.attentions.0.transformer_blocks.0.attn2.to_k.weight,1,0.5,0.6488687992095947,0.2546841502189636,0.0007648922619409859,0.9156479239463806
nudity,1,up_blocks.3.attentions.0.transformer_blocks.0.attn2.to_k.weight,2,0.5,0.690539538860321,0.2543799877166748,0.00013500220666173846,0.9155962467193604
nudity,1,up_blocks.3.attentions.0.transformer_blocks.0.attn2.to_k.weight,3,0.5,0.7143757939338684,0.25453466176986694,8.22556103230454e-05,0.9154669642448425
nudity,1,up_blocks.3.attentions.0.transformer_blocks.0.attn2.to_k.weight,4,0.5,0.7336954474449158,0.2545147240161896,7.33127526473254e-05,0.9156939387321472
nudity,1,up_blocks.3.attentions.0.transformer_blocks.0.attn2.to_k.weight,5,0.5,0.7563394904136658,0.2546117305755615,7.334587280638516e-05,0.9153386354446411
nudity,1,up_blocks.3.attentions.0.transformer_blocks.0.attn2.to_k.weight,6,0.5,0.7768799066543579,0.25459739565849304,7.529541471740231e-05,0.9156102538108826
nudity,1,up_blocks.3.attentions.0.transformer_blocks.0.attn2.to_k.weight,7,0.5,0.8073893189430237,0.2546965181827545,7.359818846452981e-05,0.9157286286354065
nudity,1,up_blocks.3.attentions.0.transformer_blocks.0.attn2.to_k.weight,8,0.5,0.8181559443473816,0.2545149326324463,7.163317786762491e-05,0.9155524969100952
nudity,1,up_blocks.3.attentions.0.transformer_blocks.0.attn2.to_k.weight,9,0.5,0.8231770992279053,0.2545575499534607,6.461264274548739e-05,0.9155033230781555
nudity,1,up_blocks.3.attentions.0.transformer_blocks.0.attn2.to_k.weight,10,0.5,0.8182535767555237,0.25458717346191406,7.36321962904185e-05,0.9158248901367188
nudity,1,up_blocks.3.attentions.0.transformer_blocks.0.attn2.to_k.weight,11,0.5,0.8253987431526184,0.25465288758277893,7.857714808778837e-05,0.9155177474021912
nudity,1,up_blocks.3.attentions.0.transformer_blocks.0.attn2.to_k.weight,12,0.5,0.8169962763786316,0.2543623745441437,6.442509038606659e-05,0.9155007600784302
nudity,1,up_blocks.3.attentions.0.transformer_blocks.0.attn2.to_k.weight,13,0.5,0.8278116583824158,0.2546637952327728,6.7047709308099e-05,0.9157091379165649
nudity,1,up_blocks.3.attentions.0.transformer_blocks.0.attn2.to_k.weight,14,0.5,0.8213460445404053,0.2546558976173401,7.870344416005537e-05,0.9157212972640991
nudity,1,up_blocks.3.attentions.0.transformer_blocks.0.attn2.to_k.weight,15,0.5,0.8181477785110474,0.254573792219162,6.580655463039875e-05,0.9155033230781555
nudity,1,up_blocks.3.attentions.0.transformer_blocks.0.attn2.to_k.weight,16,0.5,0.822827160358429,0.2545464038848877,6.99173760949634e-05,0.9158133864402771
nudity,1,up_blocks.3.attentions.0.transformer_blocks.0.attn2.to_v.weight,1,0.5,0.6248819828033447,0.22059054672718048,0.00016911831335164607,0.9792034029960632
nudity,1,up_blocks.3.attentions.0.transformer_blocks.0.attn2.to_v.weight,2,0.5,0.6618855595588684,0.22050189971923828,4.1816685552475974e-05,0.9795772433280945
nudity,1,up_blocks.3.attentions.0.transformer_blocks.0.attn2.to_v.weight,3,0.5,0.6791951656341553,0.2204768806695938,2.7282680093776435e-05,0.9791688919067383
nudity,1,up_blocks.3.attentions.0.transformer_blocks.0.attn2.to_v.weight,4,0.5,0.6912638545036316,0.22044643759727478,2.409998887742404e-05,0.9793996810913086
nudity,1,up_blocks.3.attentions.0.transformer_blocks.0.attn2.to_v.weight,5,0.5,0.707275390625,0.22081033885478973,2.4166900402633473e-05,0.9791653752326965
nudity,1,up_blocks.3.attentions.0.transformer_blocks.0.attn2.to_v.weight,6,0.5,0.7301838994026184,0.22032365202903748,2.452666376484558e-05,0.9795279502868652
nudity,1,up_blocks.3.attentions.0.transformer_blocks.0.attn2.to_v.weight,7,0.5,0.7487630248069763,0.2211657464504242,2.5696041120681912e-05,0.9790437817573547
nudity,1,up_blocks.3.attentions.0.transformer_blocks.0.attn2.to_v.weight,8,0.5,0.7624918818473816,0.22047969698905945,2.4510849470971152e-05,0.9794254899024963
nudity,1,up_blocks.3.attentions.0.transformer_blocks.0.attn2.to_v.weight,9,0.5,0.77410888671875,0.22064034640789032,2.280825538036879e-05,0.9791923761367798
nudity,1,up_blocks.3.attentions.0.transformer_blocks.0.attn2.to_v.weight,10,0.5,0.7748982906341553,0.22059257328510284,2.400766061327886e-05,0.9794172048568726
nudity,1,up_blocks.3.attentions.0.transformer_blocks.0.attn2.to_v.weight,11,0.5,0.7776244878768921,0.2209450602531433,2.5311263016192243e-05,0.9792006015777588
nudity,1,up_blocks.3.attentions.0.transformer_blocks.0.attn2.to_v.weight,12,0.5,0.7763468623161316,0.22021254897117615,2.294863952556625e-05,0.9795253872871399
nudity,1,up_blocks.3.attentions.0.transformer_blocks.0.attn2.to_v.weight,13,0.5,0.7788899540901184,0.22106759250164032,2.3350876290351152e-05,0.9790840744972229
nudity,1,up_blocks.3.attentions.0.transformer_blocks.0.attn2.to_v.weight,14,0.5,0.7772582769393921,0.2205759882926941,2.5708430257509463e-05,0.9794250726699829
nudity,1,up_blocks.3.attentions.0.transformer_blocks.0.attn2.to_v.weight,15,0.5,0.7780924439430237,0.22061775624752045,2.3062611944624223e-05,0.9792463779449463
nudity,1,up_blocks.3.attentions.0.transformer_blocks.0.attn2.to_v.weight,16,0.5,0.7773030400276184,0.22049182653427124,2.366061926295515e-05,0.9794090390205383
nudity,1,up_blocks.3.attentions.1.transformer_blocks.0.attn2.to_k.weight,1,0.5,0.6505900025367737,0.24564607441425323,0.0007910766871646047,0.9692600965499878
nudity,1,up_blocks.3.attentions.1.transformer_blocks.0.attn2.to_k.weight,2,0.5,0.6846354007720947,0.24557621777057648,0.0001321744202869013,0.9688256978988647
nudity,1,up_blocks.3.attentions.1.transformer_blocks.0.attn2.to_k.weight,3,0.5,0.703845202922821,0.2456521987915039,8.13467922853306e-05,0.9688937067985535
nudity,1,up_blocks.3.attentions.1.transformer_blocks.0.attn2.to_k.weight,4,0.5,0.7239542603492737,0.24532821774482727,7.612492481712252e-05,0.9683842658996582
nudity,1,up_blocks.3.attentions.1.transformer_blocks.0.attn2.to_k.weight,5,0.5,0.7532145380973816,0.24566014111042023,7.696792454225942e-05,0.9685655236244202
nudity,1,up_blocks.3.attentions.1.transformer_blocks.0.attn2.to_k.weight,6,0.5,0.7674885988235474,0.24548591673374176,7.36710280762054e-05,0.9685972929000854
nudity,1,up_blocks.3.attentions.1.transformer_blocks.0.attn2.to_k.weight,7,0.5,0.7985880374908447,0.24565082788467407,7.254080264829099e-05,0.9682893753051758
nudity,1,up_blocks.3.attentions.1.transformer_blocks.0.attn2.to_k.weight,8,0.5,0.8111857175827026,0.2453715205192566,7.295855903066695e-05,0.9685638546943665
nudity,1,up_blocks.3.attentions.1.transformer_blocks.0.attn2.to_k.weight,9,0.5,0.818347156047821,0.24557147920131683,6.681940431008115e-05,0.9684065580368042
nudity,1,up_blocks.3.attentions.1.transformer_blocks.0.attn2.to_k.weight,10,0.5,0.8162190914154053,0.24540984630584717,7.56506051402539e-05,0.9684703350067139
nudity,1,up_blocks.3.attentions.1.transformer_blocks.0.attn2.to_k.weight,11,0.5,0.8202921748161316,0.245761901140213,7.52412888687104e-05,0.968673050403595
nudity,1,up_blocks.3.attentions.1.transformer_blocks.0.attn2.to_k.weight,12,0.5,0.815014660358429,0.24522234499454498,6.460944132413715e-05,0.9685423970222473
nudity,1,up_blocks.3.attentions.1.transformer_blocks.0.attn2.to_k.weight,13,0.5,0.821789562702179,0.24554011225700378,6.925591151230037e-05,0.9679626822471619
nudity,1,up_blocks.3.attentions.1.transformer_blocks.0.attn2.to_k.weight,14,0.5,0.8170450925827026,0.2455999255180359,8.200258162105456e-05,0.9686267375946045
nudity,1,up_blocks.3.attentions.1.transformer_blocks.0.attn2.to_k.weight,15,0.5,0.8161376714706421,0.2456134408712387,6.642180233029649e-05,0.9687163233757019
nudity,1,up_blocks.3.attentions.1.transformer_blocks.0.attn2.to_k.weight,16,0.5,0.8148152828216553,0.24534569680690765,6.682718958472833e-05,0.9683681726455688
nudity,1,up_blocks.3.attentions.1.transformer_blocks.0.attn2.to_v.weight,1,0.5,0.6095988154411316,0.20307126641273499,0.00022576330229640007,0.9444441199302673
nudity,1,up_blocks.3.attentions.1.transformer_blocks.0.attn2.to_v.weight,2,0.5,0.6393758058547974,0.20282980799674988,5.1270293624838814e-05,0.9441244006156921
nudity,1,up_blocks.3.attentions.1.transformer_blocks.0.attn2.to_v.weight,3,0.5,0.65679931640625,0.20306219160556793,3.3407366572646424e-05,0.9441506266593933
nudity,1,up_blocks.3.attentions.1.transformer_blocks.0.attn2.to_v.weight,4,0.5,0.6693074703216553,0.2028067708015442,3.128023672616109e-05,0.9441584944725037
nudity,1,up_blocks.3.attentions.1.transformer_blocks.0.attn2.to_v.weight,5,0.5,0.6877644658088684,0.2032235860824585,3.4575445170048624e-05,0.9444708228111267
nudity,1,up_blocks.3.attentions.1.transformer_blocks.0.attn2.to_v.weight,6,0.5,0.7085001468658447,0.2026984840631485,3.277339419582859e-05,0.9442619681358337
nudity,1,up_blocks.3.attentions.1.transformer_blocks.0.attn2.to_v.weight,7,0.5,0.7369425296783447,0.20313669741153717,3.198262129444629e-05,0.9441109895706177
nudity,1,up_blocks.3.attentions.1.transformer_blocks.0.attn2.to_v.weight,8,0.5,0.7501871585845947,0.2029595822095871,2.9398384867818095e-05,0.9441261291503906
nudity,1,up_blocks.3.attentions.1.transformer_blocks.0.attn2.to_v.weight,9,0.5,0.75323486328125,0.2029886692762375,3.202051084372215e-05,0.9444059729576111
nudity,1,up_blocks.3.attentions.1.transformer_blocks.0.attn2.to_v.weight,10,0.5,0.7572103142738342,0.20278331637382507,3.346490484545939e-05,0.9442205429077148
nudity,1,up_blocks.3.attentions.1.transformer_blocks.0.attn2.to_v.weight,11,0.5,0.7569864988327026,0.20328186452388763,3.201677100150846e-05,0.9443593621253967
nudity,1,up_blocks.3.attentions.1.transformer_blocks.0.attn2.to_v.weight,12,0.5,0.7574137449264526,0.20280137658119202,2.8383177777868696e-05,0.9440761804580688
nudity,1,up_blocks.3.attentions.1.transformer_blocks.0.attn2.to_v.weight,13,0.5,0.7567667365074158,0.2031034529209137,3.262568134232424e-05,0.9444078207015991
nudity,1,up_blocks.3.attentions.1.transformer_blocks.0.attn2.to_v.weight,14,0.5,0.7559489011764526,0.20279422402381897,3.4181535738753155e-05,0.9441943764686584
nudity,1,up_blocks.3.attentions.1.transformer_blocks.0.attn2.to_v.weight,15,0.5,0.7584269046783447,0.20313264429569244,2.9080085369059816e-05,0.944218635559082
nudity,1,up_blocks.3.attentions.1.transformer_blocks.0.attn2.to_v.weight,16,0.5,0.7571004033088684,0.20285384356975555,2.9005994292674586e-05,0.9442113041877747
nudity,1,up_blocks.3.attentions.2.transformer_blocks.0.attn2.to_k.weight,1,0.5,0.6530843377113342,0.24261780083179474,0.0007363053737208247,0.9563025236129761
nudity,1,up_blocks.3.attentions.2.transformer_blocks.0.attn2.to_k.weight,2,0.5,0.6814941167831421,0.24251669645309448,0.00013028633838985115,0.9561637043952942
nudity,1,up_blocks.3.attentions.2.transformer_blocks.0.attn2.to_k.weight,3,0.5,0.707897961139679,0.24252942204475403,8.129181514959782e-05,0.9561799764633179
nudity,1,up_blocks.3.attentions.2.transformer_blocks.0.attn2.to_k.weight,4,0.5,0.7347167730331421,0.24267295002937317,7.40408431738615e-05,0.9562721252441406
nudity,1,up_blocks.3.attentions.2.transformer_blocks.0.attn2.to_k.weight,5,0.5,0.7623983025550842,0.24279484152793884,7.347438076976687e-05,0.9563248753547668
nudity,1,up_blocks.3.attentions.2.transformer_blocks.0.attn2.to_k.weight,6,0.5,0.789074718952179,0.2424066662788391,6.972513801883906e-05,0.9561155438423157
nudity,1,up_blocks.3.attentions.2.transformer_blocks.0.attn2.to_k.weight,7,0.5,0.8240559697151184,0.24287086725234985,7.140796515159309e-05,0.9561739563941956
nudity,1,up_blocks.3.attentions.2.transformer_blocks.0.attn2.to_k.weight,8,0.5,0.8328939080238342,0.24254858493804932,6.9322923081927e-05,0.9560777544975281
nudity,1,up_blocks.3.attentions.2.transformer_blocks.0.attn2.to_k.weight,9,0.5,0.837719738483429,0.24266953766345978,6.279798253672197e-05,0.9563090205192566
nudity,1,up_blocks.3.attentions.2.transformer_blocks.0.attn2.to_k.weight,10,0.5,0.83880615234375,0.24253220856189728,6.988398672547191e-05,0.956092357635498
nudity,1,up_blocks.3.attentions.2.transformer_blocks.0.attn2.to_k.weight,11,0.5,0.8432820439338684,0.242875337600708,7.313743844861165e-05,0.9561887383460999
nudity,1,up_blocks.3.attentions.2.transformer_blocks.0.attn2.to_k.weight,12,0.5,0.8361490964889526,0.2424175888299942,6.422636943170801e-05,0.9562346935272217
nudity,1,up_blocks.3.attentions.2.transformer_blocks.0.attn2.to_k.weight,13,0.5,0.8445027470588684,0.24284698069095612,6.602936628041789e-05,0.9563523530960083
nudity,1,up_blocks.3.attentions.2.transformer_blocks.0.attn2.to_k.weight,14,0.5,0.8383829593658447,0.24255527555942535,7.317752169910818e-05,0.9560545682907104
nudity,1,up_blocks.3.attentions.2.transformer_blocks.0.attn2.to_k.weight,15,0.5,0.8382202386856079,0.24258702993392944,6.370129995048046e-05,0.9561203718185425
nudity,1,up_blocks.3.attentions.2.transformer_blocks.0.attn2.to_k.weight,16,0.5,0.8428385257720947,0.24272291362285614,6.809970363974571e-05,0.9563188552856445
nudity,1,up_blocks.3.attentions.2.transformer_blocks.0.attn2.to_v.weight,1,0.5,0.6115071773529053,0.21312573552131653,0.00021089338406454772,0.8975614309310913
nudity,1,up_blocks.3.attentions.2.transformer_blocks.0.attn2.to_v.weight,2,0.5,0.645397961139679,0.2131686955690384,4.8151570808840916e-05,0.8974213004112244
nudity,1,up_blocks.3.attentions.2.transformer_blocks.0.attn2.to_v.weight,3,0.5,0.6594685912132263,0.21335913240909576,3.099776222370565e-05,0.8974023461341858
nudity,1,up_blocks.3.attentions.2.transformer_blocks.0.attn2.to_v.weight,4,0.5,0.6762166619300842,0.21323661506175995,2.93454468192067e-05,0.8976467251777649
nudity,1,up_blocks.3.attentions.2.transformer_blocks.0.attn2.to_v.weight,5,0.5,0.7029174566268921,0.2133941650390625,2.926332308561541e-05,0.8974430561065674
nudity,1,up_blocks.3.attentions.2.transformer_blocks.0.attn2.to_v.weight,6,0.5,0.72674560546875,0.213140606880188,2.685561412363313e-05,0.8975129127502441
nudity,1,up_blocks.3.attentions.2.transformer_blocks.0.attn2.to_v.weight,7,0.5,0.7540323734283447,0.2135651558637619,2.7956088160863146e-05,0.8975419402122498
nudity,1,up_blocks.3.attentions.2.transformer_blocks.0.attn2.to_v.weight,8,0.5,0.7721517086029053,0.2131335288286209,2.8574513635248877e-05,0.8974266648292542
nudity,1,up_blocks.3.attentions.2.transformer_blocks.0.attn2.to_v.weight,9,0.5,0.7802327275276184,0.21322453022003174,2.5643395929364488e-05,0.89743971824646
nudity,1,up_blocks.3.attentions.2.transformer_blocks.0.attn2.to_v.weight,10,0.5,0.7817342281341553,0.21315859258174896,2.759833660093136e-05,0.8975095152854919
nudity,1,up_blocks.3.attentions.2.transformer_blocks.0.attn2.to_v.weight,11,0.5,0.7858031988143921,0.21352867782115936,2.8743768780259416e-05,0.8975717425346375
nudity,1,up_blocks.3.attentions.2.transformer_blocks.0.attn2.to_v.weight,12,0.5,0.7844401001930237,0.21299171447753906,2.5763090889086016e-05,0.897448718547821
nudity,1,up_blocks.3.attentions.2.transformer_blocks.0.attn2.to_v.weight,13,0.5,0.785693347454071,0.21353459358215332,2.6507736038183793e-05,0.8975292444229126
nudity,1,up_blocks.3.attentions.2.transformer_blocks.0.attn2.to_v.weight,14,0.5,0.7847534418106079,0.21326902508735657,2.979841156047769e-05,0.8974746465682983
nudity,1,up_blocks.3.attentions.2.transformer_blocks.0.attn2.to_v.weight,15,0.5,0.7867757081985474,0.21323975920677185,2.5271396225434728e-05,0.8973524570465088
nudity,1,up_blocks.3.attentions.2.transformer_blocks.0.attn2.to_v.weight,16,0.5,0.7838582396507263,0.21322381496429443,2.6111856641364284e-05,0.8977059125900269
nudity,1,mid_block.attentions.0.transformer_blocks.0.attn2.to_k.weight,1,0.5,0.7001475095748901,0.1908595860004425,0.000514267710968852,1.0418593883514404
nudity,1,mid_block.attentions.0.transformer_blocks.0.attn2.to_k.weight,2,0.5,0.725512683391571,0.19074052572250366,6.970926187932491e-05,1.0416338443756104
nudity,1,mid_block.attentions.0.transformer_blocks.0.attn2.to_k.weight,3,0.5,0.7401825189590454,0.19082652032375336,4.571118188323453e-05,1.0415891408920288
nudity,1,mid_block.attentions.0.transformer_blocks.0.attn2.to_k.weight,4,0.5,0.7519460320472717,0.19086751341819763,4.3321804696461186e-05,1.041550874710083
nudity,1,mid_block.attentions.0.transformer_blocks.0.attn2.to_k.weight,5,0.5,0.7726094722747803,0.19084003567695618,4.625460132956505e-05,1.0416407585144043
nudity,1,mid_block.attentions.0.transformer_blocks.0.attn2.to_k.weight,6,0.5,0.797088623046875,0.1907557249069214,4.1686689655762166e-05,1.0415706634521484
nudity,1,mid_block.attentions.0.transformer_blocks.0.attn2.to_k.weight,7,0.5,0.8217173218727112,0.19090035557746887,4.08872110710945e-05,1.041549801826477
nudity,1,mid_block.attentions.0.transformer_blocks.0.attn2.to_k.weight,8,0.5,0.8350565433502197,0.190737783908844,4.2938052501995116e-05,1.0415267944335938
nudity,1,mid_block.attentions.0.transformer_blocks.0.attn2.to_k.weight,9,0.5,0.8395640254020691,0.19086606800556183,4.098910358152352e-05,1.0416232347488403
nudity,1,mid_block.attentions.0.transformer_blocks.0.attn2.to_k.weight,10,0.5,0.8377431035041809,0.19081802666187286,4.0879109292291105e-05,1.04152250289917
nudity,1,mid_block.attentions.0.transformer_blocks.0.attn2.to_k.weight,11,0.5,0.8398945927619934,0.19079984724521637,4.476918911677785e-05,1.0415794849395752
nudity,1,mid_block.attentions.0.transformer_blocks.0.attn2.to_k.weight,12,0.5,0.8399993777275085,0.19076597690582275,3.883764293277636e-05,1.0415513515472412
nudity,1,mid_block.attentions.0.transformer_blocks.0.attn2.to_k.weight,13,0.5,0.8400115966796875,0.19088590145111084,3.995656516053714e-05,1.0415809154510498
nudity,1,mid_block.attentions.0.transformer_blocks.0.attn2.to_k.weight,14,0.5,0.8407857418060303,0.19073988497257233,4.54562105005607e-05,1.0415384769439697
nudity,1,mid_block.attentions.0.transformer_blocks.0.attn2.to_k.weight,15,0.5,0.839599609375,0.1908671110868454,3.867925988743082e-05,1.0415645837783813
nudity,1,mid_block.attentions.0.transformer_blocks.0.attn2.to_k.weight,16,0.5,0.8394765257835388,0.19081880152225494,4.042225191369653e-05,1.0415332317352295
nudity,1,mid_block.attentions.0.transformer_blocks.0.attn2.to_v.weight,1,0.5,0.744293212890625,0.1895848661661148,0.0004718439595308155,1.017970085144043
nudity,1,mid_block.attentions.0.transformer_blocks.0.attn2.to_v.weight,2,0.5,0.7760650515556335,0.18949531018733978,5.616403723252006e-05,1.017756462097168
nudity,1,mid_block.attentions.0.transformer_blocks.0.attn2.to_v.weight,3,0.5,0.7908375859260559,0.18954463303089142,3.489045047899708e-05,1.0178499221801758
nudity,1,mid_block.attentions.0.transformer_blocks.0.attn2.to_v.weight,4,0.5,0.8044962286949158,0.1894838809967041,3.235400436096825e-05,1.0177712440490723
nudity,1,mid_block.attentions.0.transformer_blocks.0.attn2.to_v.weight,5,0.5,0.8221679925918579,0.18957127630710602,3.254741750424728e-05,1.0178428888320923
nudity,1,mid_block.attentions.0.transformer_blocks.0.attn2.to_v.weight,6,0.5,0.8382018804550171,0.1895536333322525,3.202654988854192e-05,1.0177178382873535
nudity,1,mid_block.attentions.0.transformer_blocks.0.attn2.to_v.weight,7,0.5,0.8560262322425842,0.189565971493721,3.2145580917131156e-05,1.017835259437561
nudity,1,mid_block.attentions.0.transformer_blocks.0.attn2.to_v.weight,8,0.5,0.8687123656272888,0.18949532508850098,3.213656964362599e-05,1.0177165269851685
nudity,1,mid_block.attentions.0.transformer_blocks.0.attn2.to_v.weight,9,0.5,0.871044933795929,0.18964001536369324,2.8107362595619634e-05,1.0178476572036743
nudity,1,mid_block.attentions.0.transformer_blocks.0.attn2.to_v.weight,10,0.5,0.8689239621162415,0.1895170956850052,3.1817522540222853e-05,1.0177631378173828
nudity,1,mid_block.attentions.0.transformer_blocks.0.attn2.to_v.weight,11,0.5,0.869384765625,0.18956159055233002,3.3027165045496076e-05,1.0177967548370361
nudity,1,mid_block.attentions.0.transformer_blocks.0.attn2.to_v.weight,12,0.5,0.8684041500091553,0.18951578438282013,3.08268099615816e-05,1.0177046060562134
nudity,1,mid_block.attentions.0.transformer_blocks.0.attn2.to_v.weight,13,0.5,0.8696380853652954,0.1895742565393448,3.003631718456745e-05,1.0178790092468262
nudity,1,mid_block.attentions.0.transformer_blocks.0.attn2.to_v.weight,14,0.5,0.8712320923805237,0.18953508138656616,3.4096472518285736e-05,1.0177102088928223
nudity,1,mid_block.attentions.0.transformer_blocks.0.attn2.to_v.weight,15,0.5,0.8701344728469849,0.1896013617515564,2.7977581339655444e-05,1.0178303718566895
nudity,1,mid_block.attentions.0.transformer_blocks.0.attn2.to_v.weight,16,0.5,0.8697234988212585,0.18950457870960236,2.9830762287019752e-05,1.0177584886550903
nudity,4,down_blocks.0.attentions.0.transformer_blocks.0.attn2.to_k.weight,1,0.5,0.7862223386764526,0.10729751735925674,0.00041218099067918956,0.4909234642982483
nudity,4,down_blocks.0.attentions.0.transformer_blocks.0.attn2.to_k.weight,2,0.5,0.786181628704071,0.10717029869556427,5.176888589630835e-05,0.49067896604537964
nudity,4,down_blocks.0.attentions.0.transformer_blocks.0.attn2.to_k.weight,3,0.5,0.7858683466911316,0.10733248293399811,3.5552369809011e-05,0.4908486008644104
nudity,4,down_blocks.0.attentions.0.transformer_blocks.0.attn2.to_k.weight,4,0.5,0.7859171628952026,0.10721009969711304,3.1550142011838034e-05,0.4908148944377899
nudity,4,down_blocks.0.attentions.0.transformer_blocks.0.attn2.to_k.weight,5,0.5,0.7864745855331421,0.107322096824646,3.224021929781884e-05,0.49082767963409424
nudity,4,down_blocks.0.attentions.0.transformer_blocks.0.attn2.to_k.weight,6,0.5,0.7858439087867737,0.10723984241485596,2.9101105610607192e-05,0.49057015776634216
nudity,4,down_blocks.0.attentions.0.transformer_blocks.0.attn2.to_k.weight,7,0.5,0.7862996459007263,0.10734888911247253,2.9460534278769046e-05,0.4910654127597809
nudity,4,down_blocks.0.attentions.0.transformer_blocks.0.attn2.to_k.weight,8,0.5,0.7866373658180237,0.10718495398759842,2.8796031983802095e-05,0.49062952399253845
nudity,4,down_blocks.0.attentions.0.transformer_blocks.0.attn2.to_k.weight,9,0.5,0.7863729000091553,0.1073322594165802,2.8815829864470288e-05,0.49081698060035706
nudity,4,down_blocks.0.attentions.0.transformer_blocks.0.attn2.to_k.weight,10,0.5,0.7861328125,0.10722723603248596,2.9779022952425294e-05,0.49101048707962036
nudity,4,down_blocks.0.attentions.0.transformer_blocks.0.attn2.to_k.weight,11,0.5,0.786608874797821,0.10735155642032623,2.9784685466438532e-05,0.4908598065376282
nudity,4,down_blocks.0.attentions.0.transformer_blocks.0.attn2.to_k.weight,12,0.5,0.7860025763511658,0.10722161084413528,2.6434796382091008e-05,0.49069055914878845
nudity,4,down_blocks.0.attentions.0.transformer_blocks.0.attn2.to_k.weight,13,0.5,0.7868611812591553,0.10732808709144592,2.8774004022125155e-05,0.49102583527565
nudity,4,down_blocks.0.attentions.0.transformer_blocks.0.attn2.to_k.weight,14,0.5,0.7862996459007263,0.1072096973657608,3.0903138394933194e-05,0.49073275923728943
nudity,4,down_blocks.0.attentions.0.transformer_blocks.0.attn2.to_k.weight,15,0.5,0.7863606810569763,0.10732689499855042,2.698039861570578e-05,0.4907631576061249
nudity,4,down_blocks.0.attentions.0.transformer_blocks.0.attn2.to_k.weight,16,0.5,0.7864461541175842,0.10723460465669632,2.7447165848570876e-05,0.49074214696884155
nudity,4,down_blocks.0.attentions.0.transformer_blocks.0.attn2.to_v.weight,1,0.5,0.7900593876838684,0.10176477581262589,0.00012308542500250041,0.44127994775772095
nudity,4,down_blocks.0.attentions.0.transformer_blocks.0.attn2.to_v.weight,2,0.5,0.7903645634651184,0.10166861116886139,2.1559342712862417e-05,0.4414680004119873
nudity,4,down_blocks.0.attentions.0.transformer_blocks.0.attn2.to_v.weight,3,0.5,0.7902058959007263,0.10184931755065918,1.4918996384949423e-05,0.4411807358264923
nudity,4,down_blocks.0.attentions.0.transformer_blocks.0.attn2.to_v.weight,4,0.5,0.7902750372886658,0.10171843320131302,1.3534185200114734e-05,0.44117987155914307
nudity,4,down_blocks.0.attentions.0.transformer_blocks.0.attn2.to_v.weight,5,0.5,0.7906168699264526,0.10181575268507004,1.426873313903343e-05,0.44107699394226074
nudity,4,down_blocks.0.attentions.0.transformer_blocks.0.attn2.to_v.weight,6,0.5,0.7903401851654053,0.10176188498735428,1.3288115951581858e-05,0.4412234425544739
nudity,4,down_blocks.0.attentions.0.transformer_blocks.0.attn2.to_v.weight,7,0.5,0.7909749150276184,0.10181066393852234,1.3405681784206536e-05,0.4412119686603546
nudity,4,down_blocks.0.attentions.0.transformer_blocks.0.attn2.to_v.weight,8,0.5,0.7906331419944763,0.10168983042240143,1.3096826478431467e-05,0.4411400854587555
nudity,4,down_blocks.0.attentions.0.transformer_blocks.0.attn2.to_v.weight,9,0.5,0.790173351764679,0.10185188800096512,1.3178466360841412e-05,0.44129830598831177
nudity,4,down_blocks.0.attentions.0.transformer_blocks.0.attn2.to_v.weight,10,0.5,0.7904134392738342,0.10167156904935837,1.2918387255922426e-05,0.44122546911239624
nudity,4,down_blocks.0.attentions.0.transformer_blocks.0.attn2.to_v.weight,11,0.5,0.7902303338050842,0.10190833359956741,1.3148668585927226e-05,0.44128474593162537
nudity,4,down_blocks.0.attentions.0.transformer_blocks.0.attn2.to_v.weight,12,0.5,0.7912800908088684,0.10162368416786194,1.232112026627874e-05,0.44111648201942444
nudity,4,down_blocks.0.attentions.0.transformer_blocks.0.attn2.to_v.weight,13,0.5,0.7905191779136658,0.10183687508106232,1.3371271961659659e-05,0.4411908984184265
nudity,4,down_blocks.0.attentions.0.transformer_blocks.0.attn2.to_v.weight,14,0.5,0.7902872562408447,0.10173320770263672,1.3920641322329175e-05,0.44131848216056824
nudity,4,down_blocks.0.attentions.0.transformer_blocks.0.attn2.to_v.weight,15,0.5,0.7902466058731079,0.10179824382066727,1.2504656297096517e-05,0.44123220443725586
nudity,4,down_blocks.0.attentions.0.transformer_blocks.0.attn2.to_v.weight,16,0.5,0.7905110716819763,0.10173102468252182,1.2116567631892394e-05,0.4411850571632385
nudity,4,down_blocks.0.attentions.1.transformer_blocks.0.attn2.to_k.weight,1,0.5,0.7790079712867737,0.12701888382434845,0.0004032155848108232,0.5205625891685486
nudity,4,down_blocks.0.attentions.1.transformer_blocks.0.attn2.to_k.weight,2,0.5,0.7791382074356079,0.1269642412662506,6.155212759040296e-05,0.5202887654304504
nudity,4,down_blocks.0.attentions.1.transformer_blocks.0.attn2.to_k.weight,3,0.5,0.7788981199264526,0.1270361840724945,4.24081772507634e-05,0.5206124186515808
nudity,4,down_blocks.0.attentions.1.transformer_blocks.0.attn2.to_k.weight,4,0.5,0.7790242433547974,0.12698869407176971,4.042510408908129e-05,0.5202937722206116
nudity,4,down_blocks.0.attentions.1.transformer_blocks.0.attn2.to_k.weight,5,0.5,0.7787841558456421,0.12707048654556274,4.04383972636424e-05,0.520354688167572
nudity,4,down_blocks.0.attentions.1.transformer_blocks.0.attn2.to_k.weight,6,0.5,0.7782430052757263,0.12699522078037262,3.696860221680254e-05,0.5202478766441345
nudity,4,down_blocks.0.attentions.1.transformer_blocks.0.attn2.to_k.weight,7,0.5,0.779101550579071,0.12702098488807678,3.930472303181887e-05,0.5205389857292175
nudity,4,down_blocks.0.attentions.1.transformer_blocks.0.attn2.to_k.weight,8,0.5,0.7791585326194763,0.12692905962467194,3.8068385038059205e-05,0.5202296376228333
nudity,4,down_blocks.0.attentions.1.transformer_blocks.0.attn2.to_k.weight,9,0.5,0.7787272334098816,0.12704186141490936,3.581759665394202e-05,0.5203187465667725
nudity,4,down_blocks.0.attentions.1.transformer_blocks.0.attn2.to_k.weight,10,0.5,0.7791666388511658,0.12690839171409607,3.816986281890422e-05,0.5203522443771362
nudity,4,down_blocks.0.attentions.1.transformer_blocks.0.attn2.to_k.weight,11,0.5,0.7788411378860474,0.12711095809936523,3.834496237686835e-05,0.5203382968902588
nudity,4,down_blocks.0.attentions.1.transformer_blocks.0.attn2.to_k.weight,12,0.5,0.7789632081985474,0.1268647313117981,3.4604752727318555e-05,0.5202175974845886
nudity,4,down_blocks.0.attentions.1.transformer_blocks.0.attn2.to_k.weight,13,0.5,0.7788940668106079,0.12704403698444366,3.8164202123880386e-05,0.5204873085021973
nudity,4,down_blocks.0.attentions.1.transformer_blocks.0.attn2.to_k.weight,14,0.5,0.779064953327179,0.12697559595108032,3.921929237549193e-05,0.5202377438545227
nudity,4,down_blocks.0.attentions.1.transformer_blocks.0.attn2.to_k.weight,15,0.5,0.7788655757904053,0.12701930105686188,3.4404973121127114e-05,0.520535409450531
nudity,4,down_blocks.0.attentions.1.transformer_blocks.0.attn2.to_k.weight,16,0.5,0.7790486812591553,0.126932293176651,3.712989928317256e-05,0.5200819373130798
nudity,4,down_blocks.0.attentions.1.transformer_blocks.0.attn2.to_v.weight,1,0.5,0.787219226360321,0.10342496633529663,9.133508137892932e-05,0.44283026456832886
nudity,4,down_blocks.0.attentions.1.transformer_blocks.0.attn2.to_v.weight,2,0.5,0.7868692874908447,0.10365366190671921,2.1751184249296784e-05,0.4429161548614502
nudity,4,down_blocks.0.attentions.1.transformer_blocks.0.attn2.to_v.weight,3,0.5,0.7878946661949158,0.1035536602139473,1.580274874868337e-05,0.44299277663230896
nudity,4,down_blocks.0.attentions.1.transformer_blocks.0.attn2.to_v.weight,4,0.5,0.7867797613143921,0.10366958379745483,1.473036263632821e-05,0.44344741106033325
nudity,4,down_blocks.0.attentions.1.transformer_blocks.0.attn2.to_v.weight,5,0.5,0.7875121831893921,0.10370848327875137,1.4919712157279719e-05,0.4431818425655365
nudity,4,down_blocks.0.attentions.1.transformer_blocks.0.attn2.to_v.weight,6,0.5,0.7871866822242737,0.10361825674772263,1.4767201719223522e-05,0.44326159358024597
nudity,4,down_blocks.0.attentions.1.transformer_blocks.0.attn2.to_v.weight,7,0.5,0.7875610589981079,0.10372776538133621,1.463238731957972e-05,0.44295433163642883
nudity,4,down_blocks.0.attentions.1.transformer_blocks.0.attn2.to_v.weight,8,0.5,0.7871948480606079,0.10357873141765594,1.3903509170631878e-05,0.4429149329662323
nudity,4,down_blocks.0.attentions.1.transformer_blocks.0.attn2.to_v.weight,9,0.5,0.7877767086029053,0.10359379649162292,1.3881402082915884e-05,0.44289150834083557
nudity,4,down_blocks.0.attentions.1.transformer_blocks.0.attn2.to_v.weight,10,0.5,0.7871948480606079,0.1037013977766037,1.48306471601245e-05,0.44346457719802856
nudity,4,down_blocks.0.attentions.1.transformer_blocks.0.attn2.to_v.weight,11,0.5,0.7881022095680237,0.10367414355278015,1.4366552932187915e-05,0.442825049161911
nudity,4,down_blocks.0.attentions.1.transformer_blocks.0.attn2.to_v.weight,12,0.5,0.7872354984283447,0.10352694988250732,1.3353852409636602e-05,0.44312769174575806
nudity,4,down_blocks.0.attentions.1.transformer_blocks.0.attn2.to_v.weight,13,0.5,0.7872884273529053,0.10372012853622437,1.4302305316959973e-05,0.4432017505168915
nudity,4,down_blocks.0.attentions.1.transformer_blocks.0.attn2.to_v.weight,14,0.5,0.7872517704963684,0.1036912277340889,1.5092145986272953e-05,0.4431975483894348
nudity,4,down_blocks.0.attentions.1.transformer_blocks.0.attn2.to_v.weight,15,0.5,0.78765869140625,0.10359703749418259,1.3414654858934227e-05,0.44298255443573
nudity,4,down_blocks.0.attentions.1.transformer_blocks.0.attn2.to_v.weight,16,0.5,0.78717041015625,0.10367094725370407,1.3871584997104947e-05,0.4432930648326874
nudity,4,down_blocks.1.attentions.0.transformer_blocks.0.attn2.to_k.weight,1,0.5,0.7894287109375,0.09765209257602692,0.0003553571878001094,0.46697184443473816
nudity,4,down_blocks.1.attentions.0.transformer_blocks.0.attn2.to_k.weight,2,0.5,0.7891072630882263,0.09773535281419754,3.972992635681294e-05,0.4669775664806366
nudity,4,down_blocks.1.attentions.0.transformer_blocks.0.attn2.to_k.weight,3,0.5,0.7891377806663513,0.09770355373620987,2.8326097890385427e-05,0.46701037883758545
nudity,4,down_blocks.1.attentions.0.transformer_blocks.0.attn2.to_k.weight,4,0.5,0.7888143062591553,0.09774752706289291,2.5052033379324712e-05,0.4670562446117401
nudity,4,down_blocks.1.attentions.0.transformer_blocks.0.attn2.to_k.weight,5,0.5,0.7890380620956421,0.09777326881885529,2.5745375751284882e-05,0.4671604037284851
nudity,4,down_blocks.1.attentions.0.transformer_blocks.0.attn2.to_k.weight,6,0.5,0.7893269658088684,0.09772025048732758,2.490673796273768e-05,0.46699926257133484
nudity,4,down_blocks.1.attentions.0.transformer_blocks.0.attn2.to_k.weight,7,0.5,0.788909912109375,0.09770634025335312,2.5831395760178566e-05,0.467049777507782
nudity,4,down_blocks.1.attentions.0.transformer_blocks.0.attn2.to_k.weight,8,0.5,0.7888936400413513,0.0977683812379837,2.4443324946332723e-05,0.4670664966106415
nudity,4,down_blocks.1.attentions.0.transformer_blocks.0.attn2.to_k.weight,9,0.5,0.7893289923667908,0.09770049154758453,2.3823567971703596e-05,0.46701037883758545
nudity,4,down_blocks.1.attentions.0.transformer_blocks.0.attn2.to_k.weight,10,0.5,0.7891865968704224,0.0977420061826706,2.3851100195315666e-05,0.467040479183197
nudity,4,down_blocks.1.attentions.0.transformer_blocks.0.attn2.to_k.weight,11,0.5,0.7888956665992737,0.09777172654867172,2.4806575311231427e-05,0.46708911657333374
nudity,4,down_blocks.1.attentions.0.transformer_blocks.0.attn2.to_k.weight,12,0.5,0.7893758416175842,0.09770424664020538,2.3383518055197783e-05,0.46710366010665894
nudity,4,down_blocks.1.attentions.0.transformer_blocks.0.attn2.to_k.weight,13,0.5,0.7890767455101013,0.0977017730474472,2.4346063582925126e-05,0.46704235672950745
nudity,4,down_blocks.1.attentions.0.transformer_blocks.0.attn2.to_k.weight,14,0.5,0.789093017578125,0.09778757393360138,2.5960638595279306e-05,0.46704408526420593
nudity,4,down_blocks.1.attentions.0.transformer_blocks.0.attn2.to_k.weight,15,0.5,0.7891215085983276,0.09769569337368011,2.330340248590801e-05,0.4669952690601349
nudity,4,down_blocks.1.attentions.0.transformer_blocks.0.attn2.to_k.weight,16,0.5,0.7889546751976013,0.09775102138519287,2.236275395262055e-05,0.46712684631347656
nudity,4,down_blocks.1.attentions.0.transformer_blocks.0.attn2.to_v.weight,1,0.5,0.7914367914199829,0.09824993461370468,0.00012929730291943997,0.434070885181427
nudity,4,down_blocks.1.attentions.0.transformer_blocks.0.attn2.to_v.weight,2,0.5,0.7912882566452026,0.09828492254018784,2.1182089767535217e-05,0.4336729943752289
nudity,4,down_blocks.1.attentions.0.transformer_blocks.0.attn2.to_v.weight,3,0.5,0.7915669679641724,0.09822521358728409,1.501952556282049e-05,0.4337875247001648
nudity,4,down_blocks.1.attentions.0.transformer_blocks.0.attn2.to_v.weight,4,0.5,0.7916280031204224,0.0982668474316597,1.3595831660495605e-05,0.4336819052696228
nudity,4,down_blocks.1.attentions.0.transformer_blocks.0.attn2.to_v.weight,5,0.5,0.791778564453125,0.09826815128326416,1.4340943380375393e-05,0.43367141485214233
nudity,4,down_blocks.1.attentions.0.transformer_blocks.0.attn2.to_v.weight,6,0.5,0.7915995121002197,0.09826495498418808,1.3706592653761618e-05,0.4336552023887634
nudity,4,down_blocks.1.attentions.0.transformer_blocks.0.attn2.to_v.weight,7,0.5,0.7915018796920776,0.09826501458883286,1.3607143046101555e-05,0.43376943469047546
nudity,4,down_blocks.1.attentions.0.transformer_blocks.0.attn2.to_v.weight,8,0.5,0.791644275188446,0.0983077883720398,1.343103576800786e-05,0.43363162875175476
nudity,4,down_blocks.1.attentions.0.transformer_blocks.0.attn2.to_v.weight,9,0.5,0.791363537311554,0.09825991839170456,1.3141797353455331e-05,0.433588445186615
nudity,4,down_blocks.1.attentions.0.transformer_blocks.0.attn2.to_v.weight,10,0.5,0.7920308709144592,0.09824546426534653,1.321713443758199e-05,0.4336419403553009
nudity,4,down_blocks.1.attentions.0.transformer_blocks.0.attn2.to_v.weight,11,0.5,0.7917826175689697,0.09828566014766693,1.3829397175868507e-05,0.4336879253387451
nudity,4,down_blocks.1.attentions.0.transformer_blocks.0.attn2.to_v.weight,12,0.5,0.7915791869163513,0.09825505316257477,1.2684986359090544e-05,0.4335661232471466
nudity,4,down_blocks.1.attentions.0.transformer_blocks.0.attn2.to_v.weight,13,0.5,0.7917256951332092,0.0982741266489029,1.370466998196207e-05,0.43377166986465454
nudity,4,down_blocks.1.attentions.0.transformer_blocks.0.attn2.to_v.weight,14,0.5,0.7915262579917908,0.09830640256404877,1.419641193933785e-05,0.43367117643356323
nudity,4,down_blocks.1.attentions.0.transformer_blocks.0.attn2.to_v.weight,15,0.5,0.79156494140625,0.09823107719421387,1.2154714568168856e-05,0.4336201846599579
nudity,4,down_blocks.1.attentions.0.transformer_blocks.0.attn2.to_v.weight,16,0.5,0.7918416261672974,0.09828346222639084,1.3063870028418023e-05,0.43366777896881104
nudity,4,down_blocks.1.attentions.1.transformer_blocks.0.attn2.to_k.weight,1,0.5,0.7885782718658447,0.10907308012247086,0.00033735332544893026,0.507326602935791
nudity,4,down_blocks.1.attentions.1.transformer_blocks.0.attn2.to_k.weight,2,0.5,0.7894063591957092,0.10898659378290176,4.824834832106717e-05,0.5071622133255005
nudity,4,down_blocks.1.attentions.1.transformer_blocks.0.attn2.to_k.weight,3,0.5,0.7889912724494934,0.10906141996383667,3.2825257221702486e-05,0.507258415222168
nudity,4,down_blocks.1.attentions.1.transformer_blocks.0.attn2.to_k.weight,4,0.5,0.7892090082168579,0.10904763638973236,2.9454737159539945e-05,0.5071537494659424
nudity,4,down_blocks.1.attentions.1.transformer_blocks.0.attn2.to_k.weight,5,0.5,0.7886108160018921,0.1090623140335083,2.845034032361582e-05,0.5073351263999939
nudity,4,down_blocks.1.attentions.1.transformer_blocks.0.attn2.to_k.weight,6,0.5,0.789080798625946,0.1090279072523117,2.7332762329024263e-05,0.5072458982467651
nudity,4,down_blocks.1.attentions.1.transformer_blocks.0.attn2.to_k.weight,7,0.5,0.7891805171966553,0.1090460941195488,2.9281089155119844e-05,0.5074536204338074
nudity,4,down_blocks.1.attentions.1.transformer_blocks.0.attn2.to_k.weight,8,0.5,0.7893229126930237,0.10900034010410309,2.633729855006095e-05,0.5072187185287476
nudity,4,down_blocks.1.attentions.1.transformer_blocks.0.attn2.to_k.weight,9,0.5,0.7887308597564697,0.10908128321170807,2.5307484975201078e-05,0.5073973536491394
nudity,4,down_blocks.1.attentions.1.transformer_blocks.0.attn2.to_k.weight,10,0.5,0.7890706658363342,0.10903354734182358,2.60227079706965e-05,0.5073215961456299
nudity,4,down_blocks.1.attentions.1.transformer_blocks.0.attn2.to_k.weight,11,0.5,0.7886962890625,0.10905318707227707,2.7913371013710275e-05,0.5072533488273621
nudity,4,down_blocks.1.attentions.1.transformer_blocks.0.attn2.to_k.weight,12,0.5,0.7895141839981079,0.10900319367647171,2.4932369342423044e-05,0.5072012543678284
nudity,4,down_blocks.1.attentions.1.transformer_blocks.0.attn2.to_k.weight,13,0.5,0.788800060749054,0.10907544195652008,2.687461892492138e-05,0.5075078010559082
nudity,4,down_blocks.1.attentions.1.transformer_blocks.0.attn2.to_k.weight,14,0.5,0.7891520261764526,0.10898970067501068,2.7757774660130963e-05,0.5072192549705505
nudity,4,down_blocks.1.attentions.1.transformer_blocks.0.attn2.to_k.weight,15,0.5,0.7888651490211487,0.10908908396959305,2.568718082329724e-05,0.5074142813682556
nudity,4,down_blocks.1.attentions.1.transformer_blocks.0.attn2.to_k.weight,16,0.5,0.7890279293060303,0.10901868343353271,2.5546274628140964e-05,0.5071439743041992
nudity,4,down_blocks.1.attentions.1.transformer_blocks.0.attn2.to_v.weight,1,0.5,0.7905049920082092,0.0973019003868103,0.00010681954881874844,0.42443209886550903
nudity,4,down_blocks.1.attentions.1.transformer_blocks.0.attn2.to_v.weight,2,0.5,0.7905843257904053,0.09731872379779816,2.4539973310311325e-05,0.4244253635406494
nudity,4,down_blocks.1.attentions.1.transformer_blocks.0.attn2.to_v.weight,3,0.5,0.790783703327179,0.09726982563734055,1.910482569655869e-05,0.42446234822273254
nudity,4,down_blocks.1.attentions.1.transformer_blocks.0.attn2.to_v.weight,4,0.5,0.7903482913970947,0.0972236841917038,1.8251996152685024e-05,0.4241136610507965
nudity,4,down_blocks.1.attentions.1.transformer_blocks.0.attn2.to_v.weight,5,0.5,0.7909891605377197,0.09730120748281479,1.8151225958717987e-05,0.42453718185424805
nudity,4,down_blocks.1.attentions.1.transformer_blocks.0.attn2.to_v.weight,6,0.5,0.7912760376930237,0.09721509367227554,1.7710821339278482e-05,0.4243001639842987
nudity,4,down_blocks.1.attentions.1.transformer_blocks.0.attn2.to_v.weight,7,0.5,0.79071044921875,0.09723786264657974,1.813118069549091e-05,0.42416977882385254
nudity,4,down_blocks.1.attentions.1.transformer_blocks.0.attn2.to_v.weight,8,0.5,0.7907918095588684,0.09727256745100021,1.8113129044650123e-05,0.42423489689826965
nudity,4,down_blocks.1.attentions.1.transformer_blocks.0.attn2.to_v.weight,9,0.5,0.7907979488372803,0.09728321433067322,1.715706275717821e-05,0.4244541823863983
nudity,4,down_blocks.1.attentions.1.transformer_blocks.0.attn2.to_v.weight,10,0.5,0.7909138798713684,0.09727679193019867,1.7339587429887615e-05,0.4241795241832733
nudity,4,down_blocks.1.attentions.1.transformer_blocks.0.attn2.to_v.weight,11,0.5,0.7909993529319763,0.09732966125011444,1.852432069426868e-05,0.42476749420166016
nudity,4,down_blocks.1.attentions.1.transformer_blocks.0.attn2.to_v.weight,12,0.5,0.791033923625946,0.09716523438692093,1.7503462004242465e-05,0.42384350299835205
nudity,4,down_blocks.1.attentions.1.transformer_blocks.0.attn2.to_v.weight,13,0.5,0.790881335735321,0.09733637422323227,1.6963005691650324e-05,0.42429545521736145
nudity,4,down_blocks.1.attentions.1.transformer_blocks.0.attn2.to_v.weight,14,0.5,0.7910664677619934,0.09727685153484344,1.86423185368767e-05,0.42445510625839233
nudity,4,down_blocks.1.attentions.1.transformer_blocks.0.attn2.to_v.weight,15,0.5,0.7907572388648987,0.09724398702383041,1.7486634533270262e-05,0.42446351051330566
nudity,4,down_blocks.1.attentions.1.transformer_blocks.0.attn2.to_v.weight,16,0.5,0.7905619144439697,0.09730017930269241,1.7350173948216252e-05,0.42408114671707153
nudity,4,down_blocks.2.attentions.0.transformer_blocks.0.attn2.to_k.weight,1,0.5,0.7914153933525085,0.09321737289428711,0.00027100142324343324,0.4632832407951355
nudity,4,down_blocks.2.attentions.0.transformer_blocks.0.attn2.to_k.weight,2,0.5,0.7912180423736572,0.0932043120265007,2.5115887183346786e-05,0.4632650911808014
nudity,4,down_blocks.2.attentions.0.transformer_blocks.0.attn2.to_k.weight,3,0.5,0.7909342646598816,0.09321874380111694,1.6360098015866242e-05,0.4633139669895172
nudity,4,down_blocks.2.attentions.0.transformer_blocks.0.attn2.to_k.weight,4,0.5,0.7912994623184204,0.0931706577539444,1.566482569614891e-05,0.46314167976379395
nudity,4,down_blocks.2.attentions.0.transformer_blocks.0.attn2.to_k.weight,5,0.5,0.7909576296806335,0.09323212504386902,1.6663367205183022e-05,0.46331119537353516
nudity,4,down_blocks.2.attentions.0.transformer_blocks.0.attn2.to_k.weight,6,0.5,0.791278064250946,0.0931701585650444,1.5161479495873209e-05,0.46313005685806274
nudity,4,down_blocks.2.attentions.0.transformer_blocks.0.attn2.to_k.weight,7,0.5,0.7909911870956421,0.09321273118257523,1.537173375254497e-05,0.46313005685806274
nudity,4,down_blocks.2.attentions.0.transformer_blocks.0.attn2.to_k.weight,8,0.5,0.7910359501838684,0.09317710995674133,1.5353494745795615e-05,0.4631790518760681
nudity,4,down_blocks.2.attentions.0.transformer_blocks.0.attn2.to_k.weight,9,0.5,0.7912790775299072,0.09321325272321701,1.4713828022649977e-05,0.46322330832481384
nudity,4,down_blocks.2.attentions.0.transformer_blocks.0.attn2.to_k.weight,10,0.5,0.7910858392715454,0.0931667909026146,1.5226377399812918e-05,0.4630938768386841
nudity,4,down_blocks.2.attentions.0.transformer_blocks.0.attn2.to_k.weight,11,0.5,0.7910105586051941,0.09322439134120941,1.5761357644805685e-05,0.4632084369659424
nudity,4,down_blocks.2.attentions.0.transformer_blocks.0.attn2.to_k.weight,12,0.5,0.7912689447402954,0.09316917508840561,1.354019514110405e-05,0.46314460039138794
nudity,4,down_blocks.2.attentions.0.transformer_blocks.0.attn2.to_k.weight,13,0.5,0.7909820675849915,0.09322742372751236,1.5623225408489816e-05,0.46325570344924927
nudity,4,down_blocks.2.attentions.0.transformer_blocks.0.attn2.to_k.weight,14,0.5,0.7911936640739441,0.09317170083522797,1.604437238711398e-05,0.46312215924263
nudity,4,down_blocks.2.attentions.0.transformer_blocks.0.attn2.to_k.weight,15,0.5,0.791088879108429,0.09319818764925003,1.3342457350518089e-05,0.46320444345474243
nudity,4,down_blocks.2.attentions.0.transformer_blocks.0.attn2.to_k.weight,16,0.5,0.7912160158157349,0.0931776612997055,1.5097655705176294e-05,0.4630962312221527
nudity,4,down_blocks.2.attentions.0.transformer_blocks.0.attn2.to_v.weight,1,0.5,0.7917114496231079,0.0932278037071228,0.00017238437430933118,0.4361526370048523
nudity,4,down_blocks.2.attentions.0.transformer_blocks.0.attn2.to_v.weight,2,0.5,0.7916229367256165,0.09325914084911346,1.6488071196363308e-05,0.4361704885959625
nudity,4,down_blocks.2.attentions.0.transformer_blocks.0.attn2.to_v.weight,3,0.5,0.7920613884925842,0.09324268996715546,1.1085799997090362e-05,0.43619972467422485
nudity,4,down_blocks.2.attentions.0.transformer_blocks.0.attn2.to_v.weight,4,0.5,0.7917612791061401,0.0932469516992569,9.941213647834957e-06,0.43610677123069763
nudity,4,down_blocks.2.attentions.0.transformer_blocks.0.attn2.to_v.weight,5,0.5,0.7919352054595947,0.09323064237833023,1.1027901564375497e-05,0.4361567795276642
nudity,4,down_blocks.2.attentions.0.transformer_blocks.0.attn2.to_v.weight,6,0.5,0.7920745611190796,0.0932253748178482,9.484447218710557e-06,0.43608635663986206
nudity,4,down_blocks.2.attentions.0.transformer_blocks.0.attn2.to_v.weight,7,0.5,0.7918304204940796,0.09323333203792572,9.827155736275017e-06,0.43609723448753357
nudity,4,down_blocks.2.attentions.0.transformer_blocks.0.attn2.to_v.weight,8,0.5,0.791729748249054,0.09323187917470932,1.0864147952815983e-05,0.43609827756881714
nudity,4,down_blocks.2.attentions.0.transformer_blocks.0.attn2.to_v.weight,9,0.5,0.7921081781387329,0.09322024136781693,9.600685189070646e-06,0.4361419677734375
nudity,4,down_blocks.2.attentions.0.transformer_blocks.0.attn2.to_v.weight,10,0.5,0.7916635870933533,0.09323814511299133,9.18907426239457e-06,0.43615737557411194
nudity,4,down_blocks.2.attentions.0.transformer_blocks.0.attn2.to_v.weight,11,0.5,0.7918945550918579,0.09324273467063904,1.0056993232865352e-05,0.43615859746932983
nudity,4,down_blocks.2.attentions.0.transformer_blocks.0.attn2.to_v.weight,12,0.5,0.7921010255813599,0.09322619438171387,9.644747478887439e-06,0.4360567033290863
nudity,4,down_blocks.2.attentions.0.transformer_blocks.0.attn2.to_v.weight,13,0.5,0.7918355464935303,0.09321744740009308,9.594551556801889e-06,0.43614405393600464
nudity,4,down_blocks.2.attentions.0.transformer_blocks.0.attn2.to_v.weight,14,0.5,0.791766345500946,0.09323204308748245,1.0279798516421579e-05,0.43608802556991577
nudity,4,down_blocks.2.attentions.0.transformer_blocks.0.attn2.to_v.weight,15,0.5,0.7921580076217651,0.09323546290397644,9.4585120677948e-06,0.4361581802368164
nudity,4,down_blocks.2.attentions.0.transformer_blocks.0.attn2.to_v.weight,16,0.5,0.7917755246162415,0.0932277962565422,8.887904186849482e-06,0.43615809082984924
nudity,4,down_blocks.2.attentions.1.transformer_blocks.0.attn2.to_k.weight,1,0.5,0.7918731570243835,0.09156482666730881,0.00028958142502233386,0.45532265305519104
nudity,4,down_blocks.2.attentions.1.transformer_blocks.0.attn2.to_k.weight,2,0.5,0.7919057011604309,0.09158070385456085,2.995894647028763e-05,0.4551098346710205
nudity,4,down_blocks.2.attentions.1.transformer_blocks.0.attn2.to_k.weight,3,0.5,0.7915120720863342,0.0915960818529129,2.1240390196908265e-05,0.4553339183330536
nudity,4,down_blocks.2.attentions.1.transformer_blocks.0.attn2.to_k.weight,4,0.5,0.7918202877044678,0.091580331325531,1.9266532035544515e-05,0.45514628291130066
nudity,4,down_blocks.2.attentions.1.transformer_blocks.0.attn2.to_k.weight,5,0.5,0.7917429804801941,0.09162570536136627,2.0185538232908584e-05,0.45530301332473755
nudity,4,down_blocks.2.attentions.1.transformer_blocks.0.attn2.to_k.weight,6,0.5,0.791888415813446,0.0915842354297638,1.844460712163709e-05,0.455130010843277
nudity,4,down_blocks.2.attentions.1.transformer_blocks.0.attn2.to_k.weight,7,0.5,0.7914296388626099,0.09161252528429031,1.8315366105525754e-05,0.45527559518814087
nudity,4,down_blocks.2.attentions.1.transformer_blocks.0.attn2.to_k.weight,8,0.5,0.7919341921806335,0.09161562472581863,1.8609867765917443e-05,0.455214262008667
nudity,4,down_blocks.2.attentions.1.transformer_blocks.0.attn2.to_k.weight,9,0.5,0.7916371822357178,0.09161271899938583,1.884749326563906e-05,0.4553355872631073
nudity,4,down_blocks.2.attentions.1.transformer_blocks.0.attn2.to_k.weight,10,0.5,0.7917460203170776,0.09157999604940414,1.8181450286647305e-05,0.455187052488327
nudity,4,down_blocks.2.attentions.1.transformer_blocks.0.attn2.to_k.weight,11,0.5,0.7916198968887329,0.09161533415317535,1.8179202015744522e-05,0.4552701711654663
nudity,4,down_blocks.2.attentions.1.transformer_blocks.0.attn2.to_k.weight,12,0.5,0.7920114994049072,0.09159407019615173,1.7034464690368623e-05,0.45514628291130066
nudity,4,down_blocks.2.attentions.1.transformer_blocks.0.attn2.to_k.weight,13,0.5,0.7914083003997803,0.09161803871393204,1.8766566427075304e-05,0.4553260803222656
nudity,4,down_blocks.2.attentions.1.transformer_blocks.0.attn2.to_k.weight,14,0.5,0.7918986082077026,0.09159456938505173,1.956208870979026e-05,0.4550742506980896
nudity,4,down_blocks.2.attentions.1.transformer_blocks.0.attn2.to_k.weight,15,0.5,0.7915619015693665,0.09160596877336502,1.795664502424188e-05,0.4553159177303314
nudity,4,down_blocks.2.attentions.1.transformer_blocks.0.attn2.to_k.weight,16,0.5,0.7918294072151184,0.09158488363027573,1.687839176156558e-05,0.4552275836467743
nudity,4,down_blocks.2.attentions.1.transformer_blocks.0.attn2.to_v.weight,1,0.5,0.7917256951332092,0.09432847797870636,0.0001802441693143919,0.4401187002658844
nudity,4,down_blocks.2.attentions.1.transformer_blocks.0.attn2.to_v.weight,2,0.5,0.7918761968612671,0.09435201436281204,1.8549284504842944e-05,0.4404418170452118
nudity,4,down_blocks.2.attentions.1.transformer_blocks.0.attn2.to_v.weight,3,0.5,0.7915567755699158,0.09435009956359863,1.2150870134064462e-05,0.44026947021484375
nudity,4,down_blocks.2.attentions.1.transformer_blocks.0.attn2.to_v.weight,4,0.5,0.7917703986167908,0.0943249836564064,1.1953575267398264e-05,0.4403470456600189
nudity,4,down_blocks.2.attentions.1.transformer_blocks.0.attn2.to_v.weight,5,0.5,0.79150390625,0.09433737397193909,1.2207598956592847e-05,0.44032543897628784
nudity,4,down_blocks.2.attentions.1.transformer_blocks.0.attn2.to_v.weight,6,0.5,0.7919982671737671,0.09435553103685379,1.095342668122612e-05,0.44045379757881165
nudity,4,down_blocks.2.attentions.1.transformer_blocks.0.attn2.to_v.weight,7,0.5,0.7915232181549072,0.0943465307354927,1.1364821148163173e-05,0.44033774733543396
nudity,4,down_blocks.2.attentions.1.transformer_blocks.0.attn2.to_v.weight,8,0.5,0.7916575074195862,0.09437641501426697,1.1047780390072148e-05,0.44043517112731934
nudity,4,down_blocks.2.attentions.1.transformer_blocks.0.attn2.to_v.weight,9,0.5,0.7916859984397888,0.09432147443294525,1.1546518180693965e-05,0.44021448493003845
nudity,4,down_blocks.2.attentions.1.transformer_blocks.0.attn2.to_v.weight,10,0.5,0.7918772101402283,0.09433138370513916,1.1829723007394932e-05,0.4403960108757019
nudity,4,down_blocks.2.attentions.1.transformer_blocks.0.attn2.to_v.weight,11,0.5,0.791412353515625,0.09436548501253128,1.1158542292832863e-05,0.44043073058128357
nudity,4,down_blocks.2.attentions.1.transformer_blocks.0.attn2.to_v.weight,12,0.5,0.7917673587799072,0.09435798227787018,9.859914825938176e-06,0.4403948187828064
nudity,4,down_blocks.2.attentions.1.transformer_blocks.0.attn2.to_v.weight,13,0.5,0.7916402220726013,0.09432274103164673,1.1341408026055433e-05,0.4402601718902588
nudity,4,down_blocks.2.attentions.1.transformer_blocks.0.attn2.to_v.weight,14,0.5,0.7916758060455322,0.09435471147298813,1.163915112556424e-05,0.44052931666374207
nudity,4,down_blocks.2.attentions.1.transformer_blocks.0.attn2.to_v.weight,15,0.5,0.7916585206985474,0.09434203058481216,1.0754354661912657e-05,0.44028452038764954
nudity,4,down_blocks.2.attentions.1.transformer_blocks.0.attn2.to_v.weight,16,0.5,0.791705310344696,0.09435562789440155,1.1123854164907243e-05,0.44037485122680664
nudity,4,up_blocks.1.attentions.0.transformer_blocks.0.attn2.to_k.weight,1,0.5,0.7922495603561401,0.09138800203800201,0.00030598422745242715,0.44538819789886475
nudity,4,up_blocks.1.attentions.0.transformer_blocks.0.attn2.to_k.weight,2,0.5,0.7919291257858276,0.09138006716966629,2.194416447309777e-05,0.4453585743904114
nudity,4,up_blocks.1.attentions.0.transformer_blocks.0.attn2.to_k.weight,3,0.5,0.7922353148460388,0.09136287868022919,1.4688905139337294e-05,0.4453414976596832
nudity,4,up_blocks.1.attentions.0.transformer_blocks.0.attn2.to_k.weight,4,0.5,0.7920807003974915,0.09137209504842758,1.3256836609798484e-05,0.44536375999450684
nudity,4,up_blocks.1.attentions.0.transformer_blocks.0.attn2.to_k.weight,5,0.5,0.7920318841934204,0.09136011451482773,1.2951480130141135e-05,0.4452943801879883
nudity,4,up_blocks.1.attentions.0.transformer_blocks.0.attn2.to_k.weight,6,0.5,0.7920450568199158,0.0913708508014679,1.154669462266611e-05,0.4453904926776886
nudity,4,up_blocks.1.attentions.0.transformer_blocks.0.attn2.to_k.weight,7,0.5,0.7921549677848816,0.09138472378253937,1.3055440831521992e-05,0.44532641768455505
nudity,4,up_blocks.1.attentions.0.transformer_blocks.0.attn2.to_k.weight,8,0.5,0.7918223142623901,0.09135203063488007,1.3259154002298601e-05,0.44541460275650024
nudity,4,up_blocks.1.attentions.0.transformer_blocks.0.attn2.to_k.weight,9,0.5,0.7920989990234375,0.0913737416267395,1.2103675544494763e-05,0.44537314772605896
nudity,4,up_blocks.1.attentions.0.transformer_blocks.0.attn2.to_k.weight,10,0.5,0.792034924030304,0.09139427542686462,1.2245276593603194e-05,0.4454248249530792
nudity,4,up_blocks.1.attentions.0.transformer_blocks.0.attn2.to_k.weight,11,0.5,0.7920593023300171,0.091375432908535,1.184069515147712e-05,0.44532373547554016
nudity,4,up_blocks.1.attentions.0.transformer_blocks.0.attn2.to_k.weight,12,0.5,0.7920287847518921,0.09135181456804276,1.1604675819398835e-05,0.4454001486301422
nudity,4,up_blocks.1.attentions.0.transformer_blocks.0.attn2.to_k.weight,13,0.5,0.7921956181526184,0.09139157831668854,1.2852335203206167e-05,0.4453602433204651
nudity,4,up_blocks.1.attentions.0.transformer_blocks.0.attn2.to_k.weight,14,0.5,0.7917155027389526,0.09136859327554703,1.2458430319384206e-05,0.44538602232933044
nudity,4,up_blocks.1.attentions.0.transformer_blocks.0.attn2.to_k.weight,15,0.5,0.7921834588050842,0.0913645476102829,1.1495622857182752e-05,0.4453623592853546
nudity,4,up_blocks.1.attentions.0.transformer_blocks.0.attn2.to_k.weight,16,0.5,0.7919819951057434,0.09138841927051544,1.197199981106678e-05,0.44540709257125854
nudity,4,up_blocks.1.attentions.0.transformer_blocks.0.attn2.to_v.weight,1,0.5,0.7908009886741638,0.0918758437037468,0.0002262450725538656,0.4386029541492462
nudity,4,up_blocks.1.attentions.0.transformer_blocks.0.attn2.to_v.weight,2,0.5,0.7909871339797974,0.09184963256120682,1.6087507901829667e-05,0.438578724861145
nudity,4,up_blocks.1.attentions.0.transformer_blocks.0.attn2.to_v.weight,3,0.5,0.790661633014679,0.09188145399093628,1.0788045074150432e-05,0.43851369619369507
nudity,4,up_blocks.1.attentions.0.transformer_blocks.0.attn2.to_v.weight,4,0.5,0.7909515500068665,0.09184257686138153,9.678449714556336e-06,0.43856534361839294
nudity,4,up_blocks.1.attentions.0.transformer_blocks.0.attn2.to_v.weight,5,0.5,0.7905791997909546,0.09188337624073029,1.0093836863234174e-05,0.43863627314567566
nudity,4,up_blocks.1.attentions.0.transformer_blocks.0.attn2.to_v.weight,6,0.5,0.7908650636672974,0.09184259176254272,8.757064279052429e-06,0.4385896325111389
nudity,4,up_blocks.1.attentions.0.transformer_blocks.0.attn2.to_v.weight,7,0.5,0.7907094359397888,0.09188386052846909,9.346304977952968e-06,0.4385124146938324
nudity,4,up_blocks.1.attentions.0.transformer_blocks.0.attn2.to_v.weight,8,0.5,0.7908009886741638,0.0918567031621933,9.052283530763816e-06,0.4385242164134979
nudity,4,up_blocks.1.attentions.0.transformer_blocks.0.attn2.to_v.weight,9,0.5,0.7906107306480408,0.09188831597566605,8.97401878319215e-06,0.43863171339035034
nudity,4,up_blocks.1.attentions.0.transformer_blocks.0.attn2.to_v.weight,10,0.5,0.7908121943473816,0.09185345470905304,9.009556379169226e-06,0.4385788142681122
nudity,4,up_blocks.1.attentions.0.transformer_blocks.0.attn2.to_v.weight,11,0.5,0.7907074093818665,0.09187798947095871,8.634598088974599e-06,0.4384728968143463
nudity,4,up_blocks.1.attentions.0.transformer_blocks.0.attn2.to_v.weight,12,0.5,0.7909190058708191,0.09184300154447556,8.286079719255213e-06,0.43861812353134155
nudity,4,up_blocks.1.attentions.0.transformer_blocks.0.attn2.to_v.weight,13,0.5,0.7906453609466553,0.09189260005950928,9.524140295980033e-06,0.438591331243515
nudity,4,up_blocks.1.attentions.0.transformer_blocks.0.attn2.to_v.weight,14,0.5,0.7908182740211487,0.09185314923524857,9.763472007762175e-06,0.438552588224411
nudity,4,up_blocks.1.attentions.0.transformer_blocks.0.attn2.to_v.weight,15,0.5,0.7906504273414612,0.0918901339173317,8.119226549752057e-06,0.43855056166648865
nudity,4,up_blocks.1.attentions.0.transformer_blocks.0.attn2.to_v.weight,16,0.5,0.790881335735321,0.09184285253286362,8.421447091677692e-06,0.43853795528411865
nudity,4,up_blocks.1.attentions.1.transformer_blocks.0.attn2.to_k.weight,1,0.5,0.7921702265739441,0.09315625578165054,0.00032294326229020953,0.4479365348815918
nudity,4,up_blocks.1.attentions.1.transformer_blocks.0.attn2.to_k.weight,2,0.5,0.7920399904251099,0.09313509613275528,2.180503543058876e-05,0.44788187742233276
nudity,4,up_blocks.1.attentions.1.transformer_blocks.0.attn2.to_k.weight,3,0.5,0.7919952273368835,0.0931566059589386,1.5553503544651903e-05,0.44782909750938416
nudity,4,up_blocks.1.attentions.1.transformer_blocks.0.attn2.to_k.weight,4,0.5,0.7918406128883362,0.09313225001096725,1.3862639207218308e-05,0.44775596261024475
nudity,4,up_blocks.1.attentions.1.transformer_blocks.0.attn2.to_k.weight,5,0.5,0.7919698357582092,0.0931493267416954,1.5314293705159798e-05,0.4478469789028168
nudity,4,up_blocks.1.attentions.1.transformer_blocks.0.attn2.to_k.weight,6,0.5,0.791882336139679,0.09312352538108826,1.3902059436077252e-05,0.4476412832736969
nudity,4,up_blocks.1.attentions.1.transformer_blocks.0.attn2.to_k.weight,7,0.5,0.7919504642486572,0.09315615892410278,1.317162696068408e-05,0.4478261172771454
nudity,4,up_blocks.1.attentions.1.transformer_blocks.0.attn2.to_k.weight,8,0.5,0.7917439937591553,0.09314313530921936,1.3461986782203894e-05,0.4477769434452057
nudity,4,up_blocks.1.attentions.1.transformer_blocks.0.attn2.to_k.weight,9,0.5,0.7921102046966553,0.09312913566827774,1.4075616491027176e-05,0.447765588760376
nudity,4,up_blocks.1.attentions.1.transformer_blocks.0.attn2.to_k.weight,10,0.5,0.7917653322219849,0.09313692152500153,1.3403553566604387e-05,0.4477196931838989
nudity,4,up_blocks.1.attentions.1.transformer_blocks.0.attn2.to_k.weight,11,0.5,0.7919098138809204,0.09314370900392532,1.3816903447150253e-05,0.4477895498275757
nudity,4,up_blocks.1.attentions.1.transformer_blocks.0.attn2.to_k.weight,12,0.5,0.7918670773506165,0.09313271194696426,1.2512286957644392e-05,0.4477589726448059
nudity,4,up_blocks.1.attentions.1.transformer_blocks.0.attn2.to_k.weight,13,0.5,0.791827380657196,0.09315778315067291,1.3759533430857118e-05,0.4477611184120178
nudity,4,up_blocks.1.attentions.1.transformer_blocks.0.attn2.to_k.weight,14,0.5,0.7918568849563599,0.09311303496360779,1.4556499991158489e-05,0.4477580785751343
nudity,4,up_blocks.1.attentions.1.transformer_blocks.0.attn2.to_k.weight,15,0.5,0.791900634765625,0.09316035360097885,1.2635525308724027e-05,0.44777318835258484
nudity,4,up_blocks.1.attentions.1.transformer_blocks.0.attn2.to_k.weight,16,0.5,0.7918914556503296,0.09313162416219711,1.2754167983075604e-05,0.44777727127075195
nudity,4,up_blocks.1.attentions.1.transformer_blocks.0.attn2.to_v.weight,1,0.5,0.7923665642738342,0.09127924591302872,0.0002532910730224103,0.42967504262924194
nudity,4,up_blocks.1.attentions.1.transformer_blocks.0.attn2.to_v.weight,2,0.5,0.7925618290901184,0.09127119183540344,2.1300487787812017e-05,0.429592490196228
nudity,4,up_blocks.1.attentions.1.transformer_blocks.0.attn2.to_v.weight,3,0.5,0.792828381061554,0.09126158803701401,1.3995847439218778e-05,0.42961806058883667
nudity,4,up_blocks.1.attentions.1.transformer_blocks.0.attn2.to_v.weight,4,0.5,0.7925557494163513,0.09123487770557404,1.4104090951150283e-05,0.42951691150665283
nudity,4,up_blocks.1.attentions.1.transformer_blocks.0.attn2.to_v.weight,5,0.5,0.7922983765602112,0.09131162613630295,1.4687393559142947e-05,0.4297211468219757
nudity,4,up_blocks.1.attentions.1.transformer_blocks.0.attn2.to_v.weight,6,0.5,0.7924916744232178,0.09126010537147522,1.3271978787088301e-05,0.42955368757247925
nudity,4,up_blocks.1.attentions.1.transformer_blocks.0.attn2.to_v.weight,7,0.5,0.7925587892532349,0.0912746861577034,1.3981499250803608e-05,0.42973312735557556
nudity,4,up_blocks.1.attentions.1.transformer_blocks.0.attn2.to_v.weight,8,0.5,0.7924865484237671,0.09125705808401108,1.2961242646269966e-05,0.4295603036880493
nudity,4,up_blocks.1.attentions.1.transformer_blocks.0.attn2.to_v.weight,9,0.5,0.7924886345863342,0.09129253774881363,1.3381853023020085e-05,0.42968955636024475
nudity,4,up_blocks.1.attentions.1.transformer_blocks.0.attn2.to_v.weight,10,0.5,0.7924814820289612,0.09125247597694397,1.3457294699037448e-05,0.42948681116104126
nudity,4,up_blocks.1.attentions.1.transformer_blocks.0.attn2.to_v.weight,11,0.5,0.7924041748046875,0.0912967249751091,1.3412261978373863e-05,0.4297155737876892
nudity,4,up_blocks.1.attentions.1.transformer_blocks.0.attn2.to_v.weight,12,0.5,0.7926248908042908,0.09125669300556183,1.2419811355357524e-05,0.42959222197532654
nudity,4,up_blocks.1.attentions.1.transformer_blocks.0.attn2.to_v.weight,13,0.5,0.7924326658248901,0.09126908332109451,1.3713219232158735e-05,0.4296702444553375
nudity,4,up_blocks.1.attentions.1.transformer_blocks.0.attn2.to_v.weight,14,0.5,0.7924357056617737,0.0912761464715004,1.4481189282378182e-05,0.42957448959350586
nudity,4,up_blocks.1.attentions.1.transformer_blocks.0.attn2.to_v.weight,15,0.5,0.7926076054573059,0.09128895401954651,1.2259379218448885e-05,0.42969512939453125
nudity,4,up_blocks.1.attentions.1.transformer_blocks.0.attn2.to_v.weight,16,0.5,0.7924112677574158,0.09123768657445908,1.2538203918666113e-05,0.42953670024871826
nudity,4,up_blocks.1.attentions.2.transformer_blocks.0.attn2.to_k.weight,1,0.5,0.7912485599517822,0.0938296765089035,0.00032405872480012476,0.45189380645751953
nudity,4,up_blocks.1.attentions.2.transformer_blocks.0.attn2.to_k.weight,2,0.5,0.7914153933525085,0.0938061848282814,2.2298274416243657e-05,0.45211243629455566
nudity,4,up_blocks.1.attentions.2.transformer_blocks.0.attn2.to_k.weight,3,0.5,0.791461169719696,0.09381682425737381,1.4748662579222582e-05,0.4520215690135956
nudity,4,up_blocks.1.attentions.2.transformer_blocks.0.attn2.to_k.weight,4,0.5,0.7915944457054138,0.09382744878530502,1.31415763462428e-05,0.45211631059646606
nudity,4,up_blocks.1.attentions.2.transformer_blocks.0.attn2.to_k.weight,5,0.5,0.7914235591888428,0.09380245953798294,1.41030222948757e-05,0.4520338773727417
nudity,4,up_blocks.1.attentions.2.transformer_blocks.0.attn2.to_k.weight,6,0.5,0.7915191650390625,0.09384237229824066,1.2488691936596297e-05,0.45212846994400024
nudity,4,up_blocks.1.attentions.2.transformer_blocks.0.attn2.to_k.weight,7,0.5,0.7912679314613342,0.09382151812314987,1.2297054126975127e-05,0.45211631059646606
nudity,4,up_blocks.1.attentions.2.transformer_blocks.0.attn2.to_k.weight,8,0.5,0.7917104363441467,0.09382299333810806,1.2007249097223394e-05,0.45211079716682434
nudity,4,up_blocks.1.attentions.2.transformer_blocks.0.attn2.to_k.weight,9,0.5,0.7914601564407349,0.09381437301635742,1.2327806871326175e-05,0.4520450234413147
nudity,4,up_blocks.1.attentions.2.transformer_blocks.0.attn2.to_k.weight,10,0.5,0.7913228273391724,0.09384341537952423,1.2420161510817707e-05,0.4521554708480835
nudity,4,up_blocks.1.attentions.2.transformer_blocks.0.attn2.to_k.weight,11,0.5,0.7915700078010559,0.09381851553916931,1.2602631613845006e-05,0.4520702064037323
nudity,4,up_blocks.1.attentions.2.transformer_blocks.0.attn2.to_k.weight,12,0.5,0.7916005253791809,0.09382103383541107,1.1467457625258248e-05,0.4521164000034332
nudity,4,up_blocks.1.attentions.2.transformer_blocks.0.attn2.to_k.weight,13,0.5,0.7911671996116638,0.0938369408249855,1.2112457625335082e-05,0.45213252305984497
nudity,4,up_blocks.1.attentions.2.transformer_blocks.0.attn2.to_k.weight,14,0.5,0.7916819453239441,0.09381697326898575,1.2595881344168447e-05,0.4520973563194275
nudity,4,up_blocks.1.attentions.2.transformer_blocks.0.attn2.to_k.weight,15,0.5,0.7914031744003296,0.0938149020075798,1.1509746400406584e-05,0.45207178592681885
nudity,4,up_blocks.1.attentions.2.transformer_blocks.0.attn2.to_k.weight,16,0.5,0.7915731072425842,0.09383998066186905,1.1469056516943965e-05,0.45211276412010193
nudity,4,up_blocks.1.attentions.2.transformer_blocks.0.attn2.to_v.weight,1,0.5,0.7911142706871033,0.09010504931211472,0.00023287342628464103,0.42550989985466003
nudity,4,up_blocks.1.attentions.2.transformer_blocks.0.attn2.to_v.weight,2,0.5,0.791003406047821,0.09013627469539642,2.1479740098584443e-05,0.42571544647216797
nudity,4,up_blocks.1.attentions.2.transformer_blocks.0.attn2.to_v.weight,3,0.5,0.7908213138580322,0.09014756232500076,1.4065100913285278e-05,0.42567431926727295
nudity,4,up_blocks.1.attentions.2.transformer_blocks.0.attn2.to_v.weight,4,0.5,0.7909637689590454,0.09013939648866653,1.2822413737012539e-05,0.42570769786834717
nudity,4,up_blocks.1.attentions.2.transformer_blocks.0.attn2.to_v.weight,5,0.5,0.7909037470817566,0.09014550596475601,1.2504197002272122e-05,0.4256342649459839
nudity,4,up_blocks.1.attentions.2.transformer_blocks.0.attn2.to_v.weight,6,0.5,0.7909220457077026,0.09014245122671127,1.185146265925141e-05,0.4256402850151062
nudity,4,up_blocks.1.attentions.2.transformer_blocks.0.attn2.to_v.weight,7,0.5,0.7907369136810303,0.09014012664556503,1.1952731256315019e-05,0.4256839454174042
nudity,4,up_blocks.1.attentions.2.transformer_blocks.0.attn2.to_v.weight,8,0.5,0.7910064458847046,0.09014540910720825,1.1355698916304391e-05,0.4256722331047058
nudity,4,up_blocks.1.attentions.2.transformer_blocks.0.attn2.to_v.weight,9,0.5,0.7907236814498901,0.09014920890331268,1.1147294571856037e-05,0.4256160855293274
nudity,4,up_blocks.1.attentions.2.transformer_blocks.0.attn2.to_v.weight,10,0.5,0.7908762693405151,0.09014483541250229,1.1996131433988921e-05,0.42572033405303955
nudity,4,up_blocks.1.attentions.2.transformer_blocks.0.attn2.to_v.weight,11,0.5,0.7908406853675842,0.09014151245355606,1.2100522326363716e-05,0.4254857897758484
nudity,4,up_blocks.1.attentions.2.transformer_blocks.0.attn2.to_v.weight,12,0.5,0.790936291217804,0.09014183282852173,1.0546277735556941e-05,0.42573004961013794
nudity,4,up_blocks.1.attentions.2.transformer_blocks.0.attn2.to_v.weight,13,0.5,0.790661633014679,0.09013630449771881,1.133261412178399e-05,0.42561256885528564
nudity,4,up_blocks.1.attentions.2.transformer_blocks.0.attn2.to_v.weight,14,0.5,0.7909403443336487,0.09015840291976929,1.2617388165381271e-05,0.42562851309776306
nudity,4,up_blocks.1.attentions.2.transformer_blocks.0.attn2.to_v.weight,15,0.5,0.7909128665924072,0.09013426303863525,1.0715496500779409e-05,0.4256296753883362
nudity,4,up_blocks.1.attentions.2.transformer_blocks.0.attn2.to_v.weight,16,0.5,0.790850818157196,0.09013339877128601,1.0948137060040608e-05,0.42569664120674133
nudity,4,up_blocks.2.attentions.0.transformer_blocks.0.attn2.to_k.weight,1,0.5,0.7868998050689697,0.08824904263019562,0.00038236466934904456,0.4685935974121094
nudity,4,up_blocks.2.attentions.0.transformer_blocks.0.attn2.to_k.weight,2,0.5,0.7873189449310303,0.08816587924957275,4.1202027205144987e-05,0.4683391749858856
nudity,4,up_blocks.2.attentions.0.transformer_blocks.0.attn2.to_k.weight,3,0.5,0.786969006061554,0.08828828483819962,2.8121448849560693e-05,0.46848395466804504
nudity,4,up_blocks.2.attentions.0.transformer_blocks.0.attn2.to_k.weight,4,0.5,0.7869933843612671,0.08817572891712189,2.418755684630014e-05,0.4683853089809418
nudity,4,up_blocks.2.attentions.0.transformer_blocks.0.attn2.to_k.weight,5,0.5,0.7869303226470947,0.08824193477630615,2.4381855837418698e-05,0.46855825185775757
nudity,4,up_blocks.2.attentions.0.transformer_blocks.0.attn2.to_k.weight,6,0.5,0.7873860597610474,0.0881820023059845,2.2183610781212337e-05,0.46838271617889404
nudity,4,up_blocks.2.attentions.0.transformer_blocks.0.attn2.to_k.weight,7,0.5,0.7867899537086487,0.08826388418674469,2.211117316619493e-05,0.46846693754196167
nudity,4,up_blocks.2.attentions.0.transformer_blocks.0.attn2.to_k.weight,8,0.5,0.7872599363327026,0.08819902688264847,2.1330588424461894e-05,0.46845436096191406
nudity,4,up_blocks.2.attentions.0.transformer_blocks.0.attn2.to_k.weight,9,0.5,0.787139892578125,0.08825782686471939,2.0754778233822435e-05,0.46852436661720276
nudity,4,up_blocks.2.attentions.0.transformer_blocks.0.attn2.to_k.weight,10,0.5,0.7870646119117737,0.08818026632070541,2.09366662602406e-05,0.46845120191574097
nudity,4,up_blocks.2.attentions.0.transformer_blocks.0.attn2.to_k.weight,11,0.5,0.7868815064430237,0.08826681971549988,2.1891419237363152e-05,0.4685259759426117
nudity,4,up_blocks.2.attentions.0.transformer_blocks.0.attn2.to_k.weight,12,0.5,0.7874186038970947,0.08819202333688736,2.0393088561831973e-05,0.4684023857116699
nudity,4,up_blocks.2.attentions.0.transformer_blocks.0.attn2.to_k.weight,13,0.5,0.7867024540901184,0.08826590329408646,2.1741034288425e-05,0.4685753881931305
nudity,4,up_blocks.2.attentions.0.transformer_blocks.0.attn2.to_k.weight,14,0.5,0.7872721552848816,0.08819770812988281,2.228174707852304e-05,0.4684731066226959
nudity,4,up_blocks.2.attentions.0.transformer_blocks.0.attn2.to_k.weight,15,0.5,0.7871683835983276,0.0882551446557045,1.9950826754211448e-05,0.4683796167373657
nudity,4,up_blocks.2.attentions.0.transformer_blocks.0.attn2.to_k.weight,16,0.5,0.7870565056800842,0.08818508684635162,2.0544663129840046e-05,0.4684305787086487
nudity,4,up_blocks.2.attentions.0.transformer_blocks.0.attn2.to_v.weight,1,0.5,0.791461169719696,0.07916725426912308,0.000308149290503934,0.40932154655456543
nudity,4,up_blocks.2.attentions.0.transformer_blocks.0.attn2.to_v.weight,2,0.5,0.7915791869163513,0.0791660025715828,3.214849130017683e-05,0.40961208939552307
nudity,4,up_blocks.2.attentions.0.transformer_blocks.0.attn2.to_v.weight,3,0.5,0.7917093634605408,0.07914965599775314,2.2286565581453033e-05,0.4093233346939087
nudity,4,up_blocks.2.attentions.0.transformer_blocks.0.attn2.to_v.weight,4,0.5,0.7916707396507263,0.07915157824754715,2.070825212285854e-05,0.40952470898628235
nudity,4,up_blocks.2.attentions.0.transformer_blocks.0.attn2.to_v.weight,5,0.5,0.791674792766571,0.07915205508470535,2.1326171918190084e-05,0.40942344069480896
nudity,4,up_blocks.2.attentions.0.transformer_blocks.0.attn2.to_v.weight,6,0.5,0.791607677936554,0.07916709780693054,1.9423559933784418e-05,0.40964800119400024
nudity,4,up_blocks.2.attentions.0.transformer_blocks.0.attn2.to_v.weight,7,0.5,0.7915914058685303,0.07915370911359787,1.947262353496626e-05,0.40951377153396606
nudity,4,up_blocks.2.attentions.0.transformer_blocks.0.attn2.to_v.weight,8,0.5,0.7916666865348816,0.07915421575307846,1.87899058801122e-05,0.4095739722251892
nudity,4,up_blocks.2.attentions.0.transformer_blocks.0.attn2.to_v.weight,9,0.5,0.7916544675827026,0.0791492909193039,1.8741857275017537e-05,0.40950098633766174
nudity,4,up_blocks.2.attentions.0.transformer_blocks.0.attn2.to_v.weight,10,0.5,0.7916097044944763,0.07915956526994705,1.9864952264470048e-05,0.4096798300743103
nudity,4,up_blocks.2.attentions.0.transformer_blocks.0.attn2.to_v.weight,11,0.5,0.7917805910110474,0.07913496345281601,1.9525699826772325e-05,0.4093211889266968
nudity,4,up_blocks.2.attentions.0.transformer_blocks.0.attn2.to_v.weight,12,0.5,0.7916300296783447,0.07917244732379913,1.7316655430477113e-05,0.40961235761642456
nudity,4,up_blocks.2.attentions.0.transformer_blocks.0.attn2.to_v.weight,13,0.5,0.7917032837867737,0.07914776355028152,1.9873752535204403e-05,0.4095463752746582
nudity,4,up_blocks.2.attentions.0.transformer_blocks.0.attn2.to_v.weight,14,0.5,0.7916361689567566,0.079143226146698,2.0217770725139417e-05,0.4096059799194336
nudity,4,up_blocks.2.attentions.0.transformer_blocks.0.attn2.to_v.weight,15,0.5,0.7916788458824158,0.07914894074201584,1.7695334463496692e-05,0.4094527065753937
nudity,4,up_blocks.2.attentions.0.transformer_blocks.0.attn2.to_v.weight,16,0.5,0.7915547490119934,0.07915673404932022,1.8737418940872885e-05,0.40959295630455017
nudity,4,up_blocks.2.attentions.1.transformer_blocks.0.attn2.to_k.weight,1,0.5,0.7903422117233276,0.09877540916204453,0.0003257546341046691,0.4688667356967926
nudity,4,up_blocks.2.attentions.1.transformer_blocks.0.attn2.to_k.weight,2,0.5,0.790118396282196,0.09870316088199615,4.070187787874602e-05,0.46851101517677307
nudity,4,up_blocks.2.attentions.1.transformer_blocks.0.attn2.to_k.weight,3,0.5,0.7904642820358276,0.09877031296491623,2.9614009690703824e-05,0.4687597155570984
nudity,4,up_blocks.2.attentions.1.transformer_blocks.0.attn2.to_k.weight,4,0.5,0.790740966796875,0.09871811419725418,2.8001892133033834e-05,0.4685188829898834
nudity,4,up_blocks.2.attentions.1.transformer_blocks.0.attn2.to_k.weight,5,0.5,0.7903340458869934,0.09879160672426224,3.040540832444094e-05,0.46890154480934143
nudity,4,up_blocks.2.attentions.1.transformer_blocks.0.attn2.to_k.weight,6,0.5,0.7905843257904053,0.09866197407245636,2.7706124456017278e-05,0.4684408903121948
nudity,4,up_blocks.2.attentions.1.transformer_blocks.0.attn2.to_k.weight,7,0.5,0.7900431156158447,0.09882058203220367,2.8545235181809403e-05,0.46886900067329407
nudity,4,up_blocks.2.attentions.1.transformer_blocks.0.attn2.to_k.weight,8,0.5,0.7904276251792908,0.09871730208396912,2.83295721601462e-05,0.4685898423194885
nudity,4,up_blocks.2.attentions.1.transformer_blocks.0.attn2.to_k.weight,9,0.5,0.7905944585800171,0.0987841933965683,2.7664082153933123e-05,0.46881479024887085
nudity,4,up_blocks.2.attentions.1.transformer_blocks.0.attn2.to_k.weight,10,0.5,0.7901692986488342,0.09874274581670761,2.7922180379391648e-05,0.46854326128959656
nudity,4,up_blocks.2.attentions.1.transformer_blocks.0.attn2.to_k.weight,11,0.5,0.7902282476425171,0.09882315993309021,2.860836684703827e-05,0.46883624792099
nudity,4,up_blocks.2.attentions.1.transformer_blocks.0.attn2.to_k.weight,12,0.5,0.7906575798988342,0.09868419170379639,2.648066947585903e-05,0.4685436487197876
nudity,4,up_blocks.2.attentions.1.transformer_blocks.0.attn2.to_k.weight,13,0.5,0.7901041507720947,0.09880561381578445,2.9177377655287273e-05,0.46886762976646423
nudity,4,up_blocks.2.attentions.1.transformer_blocks.0.attn2.to_k.weight,14,0.5,0.7903055548667908,0.09869983047246933,2.974387098220177e-05,0.4685205817222595
nudity,4,up_blocks.2.attentions.1.transformer_blocks.0.attn2.to_k.weight,15,0.5,0.7903991937637329,0.09879624098539352,2.6140292902709916e-05,0.4688337445259094
nudity,4,up_blocks.2.attentions.1.transformer_blocks.0.attn2.to_k.weight,16,0.5,0.7903035283088684,0.0987444743514061,2.6057501600007527e-05,0.46858474612236023
nudity,4,up_blocks.2.attentions.1.transformer_blocks.0.attn2.to_v.weight,1,0.5,0.7912231683731079,0.093834288418293,0.00021013672812841833,0.4169307053089142
nudity,4,up_blocks.2.attentions.1.transformer_blocks.0.attn2.to_v.weight,2,0.5,0.7914693355560303,0.09379590302705765,2.8781478249584325e-05,0.41690534353256226
nudity,4,up_blocks.2.attentions.1.transformer_blocks.0.attn2.to_v.weight,3,0.5,0.7912658452987671,0.09374993294477463,2.0490588212851435e-05,0.4167269766330719
nudity,4,up_blocks.2.attentions.1.transformer_blocks.0.attn2.to_v.weight,4,0.5,0.7915689945220947,0.0937483161687851,1.8116368664777838e-05,0.41675662994384766
nudity,4,up_blocks.2.attentions.1.transformer_blocks.0.attn2.to_v.weight,5,0.5,0.791302502155304,0.09379798173904419,1.941494338097982e-05,0.41680800914764404
nudity,4,up_blocks.2.attentions.1.transformer_blocks.0.attn2.to_v.weight,6,0.5,0.7914876341819763,0.09377157688140869,1.7535914594191127e-05,0.41681790351867676
nudity,4,up_blocks.2.attentions.1.transformer_blocks.0.attn2.to_v.weight,7,0.5,0.7913431525230408,0.09381763637065887,1.713471647235565e-05,0.41682717204093933
nudity,4,up_blocks.2.attentions.1.transformer_blocks.0.attn2.to_v.weight,8,0.5,0.7913594841957092,0.09379001706838608,1.8083150280290283e-05,0.41690686345100403
nudity,4,up_blocks.2.attentions.1.transformer_blocks.0.attn2.to_v.weight,9,0.5,0.7913981080055237,0.09375716000795364,1.7870013834908605e-05,0.4167081415653229
nudity,4,up_blocks.2.attentions.1.transformer_blocks.0.attn2.to_v.weight,10,0.5,0.79156494140625,0.09378863871097565,1.699875974736642e-05,0.41673529148101807
nudity,4,up_blocks.2.attentions.1.transformer_blocks.0.attn2.to_v.weight,11,0.5,0.790966808795929,0.09386081993579865,1.8000462659983896e-05,0.4169197380542755
nudity,4,up_blocks.2.attentions.1.transformer_blocks.0.attn2.to_v.weight,12,0.5,0.7913045287132263,0.09374167025089264,1.758689722919371e-05,0.41672876477241516
nudity,4,up_blocks.2.attentions.1.transformer_blocks.0.attn2.to_v.weight,13,0.5,0.7912923097610474,0.09381402283906937,1.71232004504418e-05,0.4167114794254303
nudity,4,up_blocks.2.attentions.1.transformer_blocks.0.attn2.to_v.weight,14,0.5,0.791430652141571,0.09376809746026993,1.8524051483836956e-05,0.4169141948223114
nudity,4,up_blocks.2.attentions.1.transformer_blocks.0.attn2.to_v.weight,15,0.5,0.7912434935569763,0.09381428360939026,1.663586954236962e-05,0.4168144166469574
nudity,4,up_blocks.2.attentions.1.transformer_blocks.0.attn2.to_v.weight,16,0.5,0.7914265990257263,0.09378571808338165,1.6484216757817194e-05,0.4167894124984741
nudity,4,up_blocks.2.attentions.2.transformer_blocks.0.attn2.to_k.weight,1,0.5,0.7912923097610474,0.09866195172071457,0.0003274502232670784,0.4686554968357086
nudity,4,up_blocks.2.attentions.2.transformer_blocks.0.attn2.to_k.weight,2,0.5,0.791595458984375,0.09869071841239929,4.5699456677539274e-05,0.469082772731781
nudity,4,up_blocks.2.attentions.2.transformer_blocks.0.attn2.to_k.weight,3,0.5,0.7914774417877197,0.09867329895496368,3.049446240765974e-05,0.4693809747695923
nudity,4,up_blocks.2.attentions.2.transformer_blocks.0.attn2.to_k.weight,4,0.5,0.791455090045929,0.09865715354681015,2.4433024009340443e-05,0.46915218234062195
nudity,4,up_blocks.2.attentions.2.transformer_blocks.0.attn2.to_k.weight,5,0.5,0.791613757610321,0.09865545481443405,2.4079632567008957e-05,0.4691968858242035
nudity,4,up_blocks.2.attentions.2.transformer_blocks.0.attn2.to_k.weight,6,0.5,0.7916849851608276,0.09869983792304993,3.0204273571143858e-05,0.46947744488716125
nudity,4,up_blocks.2.attentions.2.transformer_blocks.0.attn2.to_k.weight,7,0.5,0.7911621332168579,0.09869029372930527,2.55869726970559e-05,0.46938326954841614
nudity,4,up_blocks.2.attentions.2.transformer_blocks.0.attn2.to_k.weight,8,0.5,0.7918863892555237,0.09862590581178665,2.273617974424269e-05,0.4691247045993805
nudity,4,up_blocks.2.attentions.2.transformer_blocks.0.attn2.to_k.weight,9,0.5,0.7916300296783447,0.09864899516105652,2.1719788492191583e-05,0.4691428244113922
nudity,4,up_blocks.2.attentions.2.transformer_blocks.0.attn2.to_k.weight,10,0.5,0.7913960814476013,0.09869435429573059,2.9513352274079807e-05,0.4695035219192505
nudity,4,up_blocks.2.attentions.2.transformer_blocks.0.attn2.to_k.weight,11,0.5,0.7914326786994934,0.09868679940700531,2.594021316326689e-05,0.469327837228775
nudity,4,up_blocks.2.attentions.2.transformer_blocks.0.attn2.to_k.weight,12,0.5,0.7919861078262329,0.09863428771495819,2.1304678739397787e-05,0.4691966474056244
nudity,4,up_blocks.2.attentions.2.transformer_blocks.0.attn2.to_k.weight,13,0.5,0.7911824584007263,0.09867746382951736,2.167117600038182e-05,0.4691541790962219
nudity,4,up_blocks.2.attentions.2.transformer_blocks.0.attn2.to_k.weight,14,0.5,0.7916504144668579,0.09868728369474411,3.064225529669784e-05,0.4694311022758484
nudity,4,up_blocks.2.attentions.2.transformer_blocks.0.attn2.to_k.weight,15,0.5,0.791491687297821,0.09866491705179214,2.4752253011683933e-05,0.46936893463134766
nudity,4,up_blocks.2.attentions.2.transformer_blocks.0.attn2.to_k.weight,16,0.5,0.79168701171875,0.09864836931228638,2.1534355255425908e-05,0.46922674775123596
nudity,4,up_blocks.2.attentions.2.transformer_blocks.0.attn2.to_v.weight,1,0.5,0.793292224407196,0.09200668334960938,0.00018060606089420617,0.40072017908096313
nudity,4,up_blocks.2.attentions.2.transformer_blocks.0.attn2.to_v.weight,2,0.5,0.793164074420929,0.09204097837209702,2.1220555936452e-05,0.40052250027656555
nudity,4,up_blocks.2.attentions.2.transformer_blocks.0.attn2.to_v.weight,3,0.5,0.7929626703262329,0.09205224364995956,1.4662398825748824e-05,0.40069854259490967
nudity,4,up_blocks.2.attentions.2.transformer_blocks.0.attn2.to_v.weight,4,0.5,0.793316662311554,0.09206490963697433,1.3222948837210424e-05,0.40077751874923706
nudity,4,up_blocks.2.attentions.2.transformer_blocks.0.attn2.to_v.weight,5,0.5,0.7933634519577026,0.0920461118221283,1.3164458323444705e-05,0.4006578326225281
nudity,4,up_blocks.2.attentions.2.transformer_blocks.0.attn2.to_v.weight,6,0.5,0.7931233644485474,0.09206052869558334,1.2075730410288088e-05,0.40075236558914185
nudity,4,up_blocks.2.attentions.2.transformer_blocks.0.attn2.to_v.weight,7,0.5,0.7934122681617737,0.09211238473653793,1.2685325600614306e-05,0.400711327791214
nudity,4,up_blocks.2.attentions.2.transformer_blocks.0.attn2.to_v.weight,8,0.5,0.7931538820266724,0.09207245707511902,1.2292633073229808e-05,0.4007381498813629
nudity,4,up_blocks.2.attentions.2.transformer_blocks.0.attn2.to_v.weight,9,0.5,0.7932494878768921,0.09204324334859848,1.153363973571686e-05,0.4007227122783661
nudity,4,up_blocks.2.attentions.2.transformer_blocks.0.attn2.to_v.weight,10,0.5,0.7933329343795776,0.09208753705024719,1.2302774848649278e-05,0.4007759094238281
nudity,4,up_blocks.2.attentions.2.transformer_blocks.0.attn2.to_v.weight,11,0.5,0.7931661009788513,0.09208229184150696,1.2444013918866403e-05,0.4006616175174713
nudity,4,up_blocks.2.attentions.2.transformer_blocks.0.attn2.to_v.weight,12,0.5,0.7933614253997803,0.0920652374625206,1.150923162640538e-05,0.4007834494113922
nudity,4,up_blocks.2.attentions.2.transformer_blocks.0.attn2.to_v.weight,13,0.5,0.793255627155304,0.09209458529949188,1.2285863704164512e-05,0.40069955587387085
nudity,4,up_blocks.2.attentions.2.transformer_blocks.0.attn2.to_v.weight,14,0.5,0.7934224605560303,0.09203345328569412,1.2391124982968904e-05,0.4006849527359009
nudity,4,up_blocks.2.attentions.2.transformer_blocks.0.attn2.to_v.weight,15,0.5,0.793243408203125,0.09207354485988617,1.156185862782877e-05,0.40068429708480835
nudity,4,up_blocks.2.attentions.2.transformer_blocks.0.attn2.to_v.weight,16,0.5,0.7932068109512329,0.09209290146827698,1.187728139484534e-05,0.4008398950099945
nudity,4,up_blocks.3.attentions.0.transformer_blocks.0.attn2.to_k.weight,1,0.5,0.778881847858429,0.14773207902908325,0.0004436833842191845,0.4929059147834778
nudity,4,up_blocks.3.attentions.0.transformer_blocks.0.attn2.to_k.weight,2,0.5,0.7798258662223816,0.1475432962179184,7.005001680226997e-05,0.49265241622924805
nudity,4,up_blocks.3.attentions.0.transformer_blocks.0.attn2.to_k.weight,3,0.5,0.7794596552848816,0.14756721258163452,4.6350662159966305e-05,0.49288079142570496
nudity,4,up_blocks.3.attentions.0.transformer_blocks.0.attn2.to_k.weight,4,0.5,0.7810872197151184,0.14762665331363678,4.157181683694944e-05,0.49312838912010193
nudity,4,up_blocks.3.attentions.0.transformer_blocks.0.attn2.to_k.weight,5,0.5,0.7790730595588684,0.14768078923225403,4.132681351620704e-05,0.49296775460243225
nudity,4,up_blocks.3.attentions.0.transformer_blocks.0.attn2.to_k.weight,6,0.5,0.7810465693473816,0.14754338562488556,4.3388579797465354e-05,0.4929443895816803
nudity,4,up_blocks.3.attentions.0.transformer_blocks.0.attn2.to_k.weight,7,0.5,0.78045654296875,0.1476554125547409,4.2149196815444157e-05,0.49281221628189087
nudity,4,up_blocks.3.attentions.0.transformer_blocks.0.attn2.to_k.weight,8,0.5,0.780957043170929,0.14748573303222656,3.917180947610177e-05,0.4930318593978882
nudity,4,up_blocks.3.attentions.0.transformer_blocks.0.attn2.to_k.weight,9,0.5,0.7801758050918579,0.14771105349063873,3.7511421396629885e-05,0.49289554357528687
nudity,4,up_blocks.3.attentions.0.transformer_blocks.0.attn2.to_k.weight,10,0.5,0.7807576656341553,0.1476152390241623,3.8231901271501556e-05,0.49318361282348633
nudity,4,up_blocks.3.attentions.0.transformer_blocks.0.attn2.to_k.weight,11,0.5,0.78009033203125,0.14774258434772491,4.378935773274861e-05,0.49292996525764465
nudity,4,up_blocks.3.attentions.0.transformer_blocks.0.attn2.to_k.weight,12,0.5,0.7812215089797974,0.14749185740947723,3.896365888067521e-05,0.49294453859329224
nudity,4,up_blocks.3.attentions.0.transformer_blocks.0.attn2.to_k.weight,13,0.5,0.780200183391571,0.14773982763290405,3.854472015518695e-05,0.49299219250679016
nudity,4,up_blocks.3.attentions.0.transformer_blocks.0.attn2.to_k.weight,14,0.5,0.7808471918106079,0.14760200679302216,4.0822043956723064e-05,0.493091881275177
nudity,4,up_blocks.3.attentions.0.transformer_blocks.0.attn2.to_k.weight,15,0.5,0.7799072265625,0.14759841561317444,3.611180727602914e-05,0.4928726851940155
nudity,4,up_blocks.3.attentions.0.transformer_blocks.0.attn2.to_k.weight,16,0.5,0.7812784910202026,0.14759530127048492,4.1310770029667765e-05,0.49288421869277954
nudity,4,up_blocks.3.attentions.0.transformer_blocks.0.attn2.to_v.weight,1,0.5,0.7941080927848816,0.11058606952428818,8.478209929307923e-05,0.4337068796157837
nudity,4,up_blocks.3.attentions.0.transformer_blocks.0.attn2.to_v.weight,2,0.5,0.7950764894485474,0.11034218221902847,2.0851513909292407e-05,0.43357136845588684
nudity,4,up_blocks.3.attentions.0.transformer_blocks.0.attn2.to_v.weight,3,0.5,0.7946695685386658,0.11032667011022568,1.4987900613050442e-05,0.43309372663497925
nudity,4,up_blocks.3.attentions.0.transformer_blocks.0.attn2.to_v.weight,4,0.5,0.7944254279136658,0.11037980765104294,1.3525440408557188e-05,0.43348297476768494
nudity,4,up_blocks.3.attentions.0.transformer_blocks.0.attn2.to_v.weight,5,0.5,0.7939900755882263,0.11041758209466934,1.4306137927633245e-05,0.4332263469696045
nudity,4,up_blocks.3.attentions.0.transformer_blocks.0.attn2.to_v.weight,6,0.5,0.7950357794761658,0.11032705008983612,1.3094921996525954e-05,0.4334065616130829
nudity,4,up_blocks.3.attentions.0.transformer_blocks.0.attn2.to_v.weight,7,0.5,0.794177234172821,0.11045411229133606,1.288326984649757e-05,0.4332141578197479
nudity,4,up_blocks.3.attentions.0.transformer_blocks.0.attn2.to_v.weight,8,0.5,0.7945190668106079,0.11039909720420837,1.2867661098425742e-05,0.4335799813270569
nudity,4,up_blocks.3.attentions.0.transformer_blocks.0.attn2.to_v.weight,9,0.5,0.7945801019668579,0.1104620173573494,1.3266656424093526e-05,0.4333547055721283
nudity,4,up_blocks.3.attentions.0.transformer_blocks.0.attn2.to_v.weight,10,0.5,0.7942749261856079,0.1104453057050705,1.3021751328778919e-05,0.4336780309677124
nudity,4,up_blocks.3.attentions.0.transformer_blocks.0.attn2.to_v.weight,11,0.5,0.7945393919944763,0.11048507690429688,1.3130790648574475e-05,0.43325015902519226
nudity,4,up_blocks.3.attentions.0.transformer_blocks.0.attn2.to_v.weight,12,0.5,0.7941528558731079,0.11032222211360931,1.2475050425564405e-05,0.43347665667533875
nudity,4,up_blocks.3.attentions.0.transformer_blocks.0.attn2.to_v.weight,13,0.5,0.7937784790992737,0.11050093173980713,1.329560654994566e-05,0.4334869980812073
nudity,4,up_blocks.3.attentions.0.transformer_blocks.0.attn2.to_v.weight,14,0.5,0.7949747443199158,0.11048033088445663,1.345143755315803e-05,0.4335213005542755
nudity,4,up_blocks.3.attentions.0.transformer_blocks.0.attn2.to_v.weight,15,0.5,0.7942464351654053,0.11045641452074051,1.2159991456428543e-05,0.4332520663738251
nudity,4,up_blocks.3.attentions.0.transformer_blocks.0.attn2.to_v.weight,16,0.5,0.7942342162132263,0.11043804883956909,1.2648154552152846e-05,0.4337906837463379
nudity,4,up_blocks.3.attentions.1.transformer_blocks.0.attn2.to_k.weight,1,0.5,0.7797403931617737,0.14087572693824768,0.00045367510756477714,0.527874767780304
nudity,4,up_blocks.3.attentions.1.transformer_blocks.0.attn2.to_k.weight,2,0.5,0.778796374797821,0.1409187763929367,6.242547533474863e-05,0.527116596698761
nudity,4,up_blocks.3.attentions.1.transformer_blocks.0.attn2.to_k.weight,3,0.5,0.7787841558456421,0.14089231193065643,4.183368946542032e-05,0.5270123481750488
nudity,4,up_blocks.3.attentions.1.transformer_blocks.0.attn2.to_k.weight,4,0.5,0.7794433832168579,0.1408451497554779,3.779293183470145e-05,0.5271151065826416
nudity,4,up_blocks.3.attentions.1.transformer_blocks.0.attn2.to_k.weight,5,0.5,0.779614269733429,0.1409834772348404,3.883748286170885e-05,0.5272214412689209
nudity,4,up_blocks.3.attentions.1.transformer_blocks.0.attn2.to_k.weight,6,0.5,0.7796183228492737,0.14082977175712585,3.596645183279179e-05,0.5268265008926392
nudity,4,up_blocks.3.attentions.1.transformer_blocks.0.attn2.to_k.weight,7,0.5,0.7795450687408447,0.1408887356519699,3.628574631875381e-05,0.5270887613296509
nudity,4,up_blocks.3.attentions.1.transformer_blocks.0.attn2.to_k.weight,8,0.5,0.7801432013511658,0.14083778858184814,3.4699634852586314e-05,0.5269431471824646
nudity,4,up_blocks.3.attentions.1.transformer_blocks.0.attn2.to_k.weight,9,0.5,0.7797281742095947,0.14093104004859924,3.4737848181976005e-05,0.5272181630134583
nudity,4,up_blocks.3.attentions.1.transformer_blocks.0.attn2.to_k.weight,10,0.5,0.7800984978675842,0.14080247282981873,3.563030622899532e-05,0.5269547700881958
nudity,4,up_blocks.3.attentions.1.transformer_blocks.0.attn2.to_k.weight,11,0.5,0.7799926996231079,0.14092420041561127,3.6638168239733204e-05,0.5270864367485046
nudity,4,up_blocks.3.attentions.1.transformer_blocks.0.attn2.to_k.weight,12,0.5,0.7803019285202026,0.14080747961997986,3.311650289106183e-05,0.5268144607543945
nudity,4,up_blocks.3.attentions.1.transformer_blocks.0.attn2.to_k.weight,13,0.5,0.7800252437591553,0.14090381562709808,3.485662819002755e-05,0.5272063612937927
nudity,4,up_blocks.3.attentions.1.transformer_blocks.0.attn2.to_k.weight,14,0.5,0.7795165777206421,0.1409052014350891,3.743385605048388e-05,0.5269526839256287
nudity,4,up_blocks.3.attentions.1.transformer_blocks.0.attn2.to_k.weight,15,0.5,0.7797648310661316,0.14089979231357574,3.291814573458396e-05,0.5271238684654236
nudity,4,up_blocks.3.attentions.1.transformer_blocks.0.attn2.to_k.weight,16,0.5,0.780810534954071,0.1407482922077179,3.370518970768899e-05,0.5266965627670288
nudity,4,up_blocks.3.attentions.1.transformer_blocks.0.attn2.to_v.weight,1,0.5,0.7903198003768921,0.10014014691114426,0.00011133022780995816,0.4153509736061096
nudity,4,up_blocks.3.attentions.1.transformer_blocks.0.attn2.to_v.weight,2,0.5,0.7921834588050842,0.09998583793640137,2.4704708266654052e-05,0.41537904739379883
nudity,4,up_blocks.3.attentions.1.transformer_blocks.0.attn2.to_v.weight,3,0.5,0.7910074591636658,0.10013870149850845,1.921373223012779e-05,0.4149220585823059
nudity,4,up_blocks.3.attentions.1.transformer_blocks.0.attn2.to_v.weight,4,0.5,0.7924275994300842,0.10001970082521439,1.725383299344685e-05,0.4158366620540619
nudity,4,up_blocks.3.attentions.1.transformer_blocks.0.attn2.to_v.weight,5,0.5,0.7908935546875,0.10021058470010757,1.8407823517918587e-05,0.41512492299079895
nudity,4,up_blocks.3.attentions.1.transformer_blocks.0.attn2.to_v.weight,6,0.5,0.7932698726654053,0.09992724657058716,1.7484855561633594e-05,0.4153612554073334
nudity,4,up_blocks.3.attentions.1.transformer_blocks.0.attn2.to_v.weight,7,0.5,0.7912394404411316,0.10016898810863495,1.6895657608984038e-05,0.4154650568962097
nudity,4,up_blocks.3.attentions.1.transformer_blocks.0.attn2.to_v.weight,8,0.5,0.7921224236488342,0.10001635551452637,1.72979762282921e-05,0.4155423641204834
nudity,4,up_blocks.3.attentions.1.transformer_blocks.0.attn2.to_v.weight,9,0.5,0.7917317748069763,0.10006364434957504,1.732121017994359e-05,0.41507604718208313
nudity,4,up_blocks.3.attentions.1.transformer_blocks.0.attn2.to_v.weight,10,0.5,0.7924764156341553,0.09997585415840149,1.6869909813976847e-05,0.41573411226272583
nudity,4,up_blocks.3.attentions.1.transformer_blocks.0.attn2.to_v.weight,11,0.5,0.7912353277206421,0.10018494725227356,1.7707328879623674e-05,0.41521111130714417
nudity,4,up_blocks.3.attentions.1.transformer_blocks.0.attn2.to_v.weight,12,0.5,0.7927815914154053,0.09992550313472748,1.6484755178680643e-05,0.41552722454071045
nudity,4,up_blocks.3.attentions.1.transformer_blocks.0.attn2.to_v.weight,13,0.5,0.7912394404411316,0.1001744419336319,1.6951156794675626e-05,0.4153535068035126
nudity,4,up_blocks.3.attentions.1.transformer_blocks.0.attn2.to_v.weight,14,0.5,0.7926269769668579,0.10001660883426666,1.8020653442363255e-05,0.415469229221344
nudity,4,up_blocks.3.attentions.1.transformer_blocks.0.attn2.to_v.weight,15,0.5,0.7912272214889526,0.10009896755218506,1.6675474398653023e-05,0.41530483961105347
nudity,4,up_blocks.3.attentions.1.transformer_blocks.0.attn2.to_v.weight,16,0.5,0.7925699949264526,0.1000150814652443,1.6156272977241315e-05,0.41588911414146423
nudity,4,up_blocks.3.attentions.2.transformer_blocks.0.attn2.to_k.weight,1,0.5,0.782421886920929,0.1383463591337204,0.0004198585811536759,0.5092052817344666
nudity,4,up_blocks.3.attentions.2.transformer_blocks.0.attn2.to_k.weight,2,0.5,0.7831990718841553,0.13810785114765167,6.525662320200354e-05,0.5086818337440491
nudity,4,up_blocks.3.attentions.2.transformer_blocks.0.attn2.to_k.weight,3,0.5,0.7825561761856079,0.13825374841690063,4.436048402567394e-05,0.5091515779495239
nudity,4,up_blocks.3.attentions.2.transformer_blocks.0.attn2.to_k.weight,4,0.5,0.7831054925918579,0.13822510838508606,4.111024463782087e-05,0.5088439583778381
nudity,4,up_blocks.3.attentions.2.transformer_blocks.0.attn2.to_k.weight,5,0.5,0.7826782464981079,0.138352170586586,4.229556361678988e-05,0.509118914604187
nudity,4,up_blocks.3.attentions.2.transformer_blocks.0.attn2.to_k.weight,6,0.5,0.7824991941452026,0.13827383518218994,3.767838643398136e-05,0.508855938911438
nudity,4,up_blocks.3.attentions.2.transformer_blocks.0.attn2.to_k.weight,7,0.5,0.7829223871231079,0.13837794959545135,3.957964509027079e-05,0.5091491341590881
nudity,4,up_blocks.3.attentions.2.transformer_blocks.0.attn2.to_k.weight,8,0.5,0.78277587890625,0.13820353150367737,3.9912061765789986e-05,0.508804440498352
nudity,4,up_blocks.3.attentions.2.transformer_blocks.0.attn2.to_k.weight,9,0.5,0.7828165888786316,0.13834697008132935,3.76198768208269e-05,0.5090885162353516
nudity,4,up_blocks.3.attentions.2.transformer_blocks.0.attn2.to_k.weight,10,0.5,0.7828938961029053,0.13827310502529144,3.826251850114204e-05,0.5090748071670532
nudity,4,up_blocks.3.attentions.2.transformer_blocks.0.attn2.to_k.weight,11,0.5,0.7825683355331421,0.13837894797325134,3.959303649025969e-05,0.5091135501861572
nudity,4,up_blocks.3.attentions.2.transformer_blocks.0.attn2.to_k.weight,12,0.5,0.7829264402389526,0.13812275230884552,3.671236481750384e-05,0.5087122321128845
nudity,4,up_blocks.3.attentions.2.transformer_blocks.0.attn2.to_k.weight,13,0.5,0.7829304933547974,0.13841097056865692,3.8516871427418664e-05,0.5091503858566284
nudity,4,up_blocks.3.attentions.2.transformer_blocks.0.attn2.to_k.weight,14,0.5,0.7830851078033447,0.13821755349636078,4.106617780053057e-05,0.5088699460029602
nudity,4,up_blocks.3.attentions.2.transformer_blocks.0.attn2.to_k.weight,15,0.5,0.7824462652206421,0.13833755254745483,3.565011138562113e-05,0.5091454982757568
nudity,4,up_blocks.3.attentions.2.transformer_blocks.0.attn2.to_k.weight,16,0.5,0.7829955816268921,0.13823302090168,3.639271017163992e-05,0.5088445544242859
nudity,4,up_blocks.3.attentions.2.transformer_blocks.0.attn2.to_v.weight,1,0.5,0.7908162474632263,0.10737822204828262,0.00010625351569615304,0.40200483798980713
nudity,4,up_blocks.3.attentions.2.transformer_blocks.0.attn2.to_v.weight,2,0.5,0.7904255986213684,0.10732072591781616,2.38415250350954e-05,0.401725709438324
nudity,4,up_blocks.3.attentions.2.transformer_blocks.0.attn2.to_v.weight,3,0.5,0.7908976078033447,0.10750468075275421,1.7745751392794773e-05,0.4025883674621582
nudity,4,up_blocks.3.attentions.2.transformer_blocks.0.attn2.to_v.weight,4,0.5,0.7901651859283447,0.10738681256771088,1.5596242519677617e-05,0.40220481157302856
nudity,4,up_blocks.3.attentions.2.transformer_blocks.0.attn2.to_v.weight,5,0.5,0.7906290888786316,0.10756899416446686,1.6543564925086685e-05,0.4028658866882324
nudity,4,up_blocks.3.attentions.2.transformer_blocks.0.attn2.to_v.weight,6,0.5,0.7907796502113342,0.10740262269973755,1.592563603480812e-05,0.40182188153266907
nudity,4,up_blocks.3.attentions.2.transformer_blocks.0.attn2.to_v.weight,7,0.5,0.7904825806617737,0.10761187970638275,1.5453148080268875e-05,0.40260690450668335
nudity,4,up_blocks.3.attentions.2.transformer_blocks.0.attn2.to_v.weight,8,0.5,0.7904134392738342,0.10740780085325241,1.530032022856176e-05,0.4022514820098877
nudity,4,up_blocks.3.attentions.2.transformer_blocks.0.attn2.to_v.weight,9,0.5,0.7902547121047974,0.10753917694091797,1.523083665233571e-05,0.4025927484035492
nudity,4,up_blocks.3.attentions.2.transformer_blocks.0.attn2.to_v.weight,10,0.5,0.790576159954071,0.1074426993727684,1.5625209925929084e-05,0.40213096141815186
nudity,4,up_blocks.3.attentions.2.transformer_blocks.0.attn2.to_v.weight,11,0.5,0.79095458984375,0.10764888674020767,1.5921581507427618e-05,0.4027889668941498
nudity,4,up_blocks.3.attentions.2.transformer_blocks.0.attn2.to_v.weight,12,0.5,0.7904947996139526,0.10740239918231964,1.4539641597366426e-05,0.40202566981315613
nudity,4,up_blocks.3.attentions.2.transformer_blocks.0.attn2.to_v.weight,13,0.5,0.7904337644577026,0.10757773369550705,1.5531953977188095e-05,0.40260639786720276
nudity,4,up_blocks.3.attentions.2.transformer_blocks.0.attn2.to_v.weight,14,0.5,0.7902913689613342,0.10748069733381271,1.6156320270965807e-05,0.4021827280521393
nudity,4,up_blocks.3.attentions.2.transformer_blocks.0.attn2.to_v.weight,15,0.5,0.7910726070404053,0.10755081474781036,1.4812627341598272e-05,0.40250298380851746
nudity,4,up_blocks.3.attentions.2.transformer_blocks.0.attn2.to_v.weight,16,0.5,0.7902791500091553,0.10735625773668289,1.4572904547094367e-05,0.4021253287792206
nudity,4,mid_block.attentions.0.transformer_blocks.0.attn2.to_k.weight,1,0.5,0.790802001953125,0.09418482333421707,0.00025377931888215244,0.4665392339229584
nudity,4,mid_block.attentions.0.transformer_blocks.0.attn2.to_k.weight,2,0.5,0.7910543084144592,0.09412074089050293,2.8442529583116993e-05,0.46638110280036926
nudity,4,mid_block.attentions.0.transformer_blocks.0.attn2.to_k.weight,3,0.5,0.7912210822105408,0.09417729079723358,2.056238372460939e-05,0.4664464592933655
nudity,4,mid_block.attentions.0.transformer_blocks.0.attn2.to_k.weight,4,0.5,0.7911641597747803,0.09411927312612534,1.8780883692670614e-05,0.4664140045642853
nudity,4,mid_block.attentions.0.transformer_blocks.0.attn2.to_k.weight,5,0.5,0.791168212890625,0.09414482116699219,1.9420076569076627e-05,0.46651986241340637
nudity,4,mid_block.attentions.0.transformer_blocks.0.attn2.to_k.weight,6,0.5,0.7915232181549072,0.0941377729177475,1.6714089724700898e-05,0.4664342999458313
nudity,4,mid_block.attentions.0.transformer_blocks.0.attn2.to_k.weight,7,0.5,0.7911529541015625,0.09410498291254044,1.8949544028146192e-05,0.4663783609867096
nudity,4,mid_block.attentions.0.transformer_blocks.0.attn2.to_k.weight,8,0.5,0.7912333011627197,0.0941411703824997,1.757879181241151e-05,0.4664638936519623
nudity,4,mid_block.attentions.0.transformer_blocks.0.attn2.to_k.weight,9,0.5,0.7912943363189697,0.09414935111999512,1.8934582840302028e-05,0.46647024154663086
nudity,4,mid_block.attentions.0.transformer_blocks.0.attn2.to_k.weight,10,0.5,0.7913767695426941,0.09411610662937164,1.8492257368052378e-05,0.4664725363254547
nudity,4,mid_block.attentions.0.transformer_blocks.0.attn2.to_k.weight,11,0.5,0.7911600470542908,0.09415026009082794,1.607488411536906e-05,0.4664003849029541
nudity,4,mid_block.attentions.0.transformer_blocks.0.attn2.to_k.weight,12,0.5,0.7914052605628967,0.09412260353565216,1.7912505427375436e-05,0.4664575457572937
nudity,4,mid_block.attentions.0.transformer_blocks.0.attn2.to_k.weight,13,0.5,0.7911204099655151,0.09413550794124603,1.8273307432536967e-05,0.46652159094810486
nudity,4,mid_block.attentions.0.transformer_blocks.0.attn2.to_k.weight,14,0.5,0.7913808226585388,0.09410060942173004,1.9233166312915273e-05,0.4664103090763092
nudity,4,mid_block.attentions.0.transformer_blocks.0.attn2.to_k.weight,15,0.5,0.7911946773529053,0.0941644087433815,1.7684802514850162e-05,0.4665035307407379
nudity,4,mid_block.attentions.0.transformer_blocks.0.attn2.to_k.weight,16,0.5,0.79119873046875,0.09414329379796982,1.5797968444530852e-05,0.4663983881473541
nudity,4,mid_block.attentions.0.transformer_blocks.0.attn2.to_v.weight,1,0.5,0.7893819212913513,0.0929969847202301,0.00023145342129282653,0.4536352753639221
nudity,4,mid_block.attentions.0.transformer_blocks.0.attn2.to_v.weight,2,0.5,0.7896962761878967,0.09302261471748352,1.8584076315164566e-05,0.4537144899368286
nudity,4,mid_block.attentions.0.transformer_blocks.0.attn2.to_v.weight,3,0.5,0.7893422245979309,0.09305189549922943,1.303687986364821e-05,0.45376789569854736
nudity,4,mid_block.attentions.0.transformer_blocks.0.attn2.to_v.weight,4,0.5,0.7893117070198059,0.0930345207452774,1.2128501111874357e-05,0.4537215530872345
nudity,4,mid_block.attentions.0.transformer_blocks.0.attn2.to_v.weight,5,0.5,0.7893351316452026,0.09304992854595184,1.254863127542194e-05,0.4538051187992096
nudity,4,mid_block.attentions.0.transformer_blocks.0.attn2.to_v.weight,6,0.5,0.7894765138626099,0.09304600954055786,1.1498312233015895e-05,0.4537859857082367
nudity,4,mid_block.attentions.0.transformer_blocks.0.attn2.to_v.weight,7,0.5,0.7890512943267822,0.09304913878440857,1.2295537999307271e-05,0.4537934362888336
nudity,4,mid_block.attentions.0.transformer_blocks.0.attn2.to_v.weight,8,0.5,0.7894948124885559,0.09304250776767731,1.1237401849939488e-05,0.45378851890563965
nudity,4,mid_block.attentions.0.transformer_blocks.0.attn2.to_v.weight,9,0.5,0.7890472412109375,0.09306327253580093,1.1006740351149347e-05,0.4538183808326721
nudity,4,mid_block.attentions.0.transformer_blocks.0.attn2.to_v.weight,10,0.5,0.7894124388694763,0.09303805232048035,1.1743820323317777e-05,0.45373135805130005
nudity,4,mid_block.attentions.0.transformer_blocks.0.attn2.to_v.weight,11,0.5,0.78912353515625,0.09307322651147842,1.1718968380591832e-05,0.4538671374320984
nudity,4,mid_block.attentions.0.transformer_blocks.0.attn2.to_v.weight,12,0.5,0.7894246578216553,0.09303771704435349,1.0744627616077196e-05,0.4537709653377533
nudity,4,mid_block.attentions.0.transformer_blocks.0.attn2.to_v.weight,13,0.5,0.7891255617141724,0.09304162114858627,1.2366916052997112e-05,0.45379409193992615
nudity,4,mid_block.attentions.0.transformer_blocks.0.attn2.to_v.weight,14,0.5,0.7893788814544678,0.09306386113166809,1.1966943930019625e-05,0.45381712913513184
nudity,4,mid_block.attentions.0.transformer_blocks.0.attn2.to_v.weight,15,0.5,0.7892293334007263,0.09306930005550385,1.0167483196710236e-05,0.4537956416606903
nudity,4,mid_block.attentions.0.transformer_blocks.0.attn2.to_v.weight,16,0.5,0.7892720699310303,0.09303036332130432,1.1095323316112626e-05,0.45374470949172974
nudity,16,down_blocks.0.attentions.0.transformer_blocks.0.attn2.to_k.weight,1,0.5,0.8957560062408447,0.05905616283416748,0.0002268629177706316,0.18993093073368073
nudity,16,down_blocks.0.attentions.0.transformer_blocks.0.attn2.to_k.weight,2,0.5,0.8961710333824158,0.05900666117668152,2.297005084983539e-05,0.18970710039138794
nudity,16,down_blocks.0.attentions.0.transformer_blocks.0.attn2.to_k.weight,3,0.5,0.8960326910018921,0.05907587334513664,1.6132902601384558e-05,0.18983770906925201
nudity,16,down_blocks.0.attentions.0.transformer_blocks.0.attn2.to_k.weight,4,0.5,0.896472156047821,0.05906924605369568,1.4537107745127287e-05,0.18979357182979584
nudity,16,down_blocks.0.attentions.0.transformer_blocks.0.attn2.to_k.weight,5,0.5,0.8964151740074158,0.05911291763186455,1.4488599845208228e-05,0.18984512984752655
nudity,16,down_blocks.0.attentions.0.transformer_blocks.0.attn2.to_k.weight,6,0.5,0.8962484002113342,0.059051889926195145,1.3236608538136352e-05,0.18972738087177277
nudity,16,down_blocks.0.attentions.0.transformer_blocks.0.attn2.to_k.weight,7,0.5,0.8965088129043579,0.059109434485435486,1.4056907275517005e-05,0.18992237746715546
nudity,16,down_blocks.0.attentions.0.transformer_blocks.0.attn2.to_k.weight,8,0.5,0.8968098759651184,0.05904918536543846,1.3317408047441859e-05,0.1896885186433792
nudity,16,down_blocks.0.attentions.0.transformer_blocks.0.attn2.to_k.weight,9,0.5,0.8963623046875,0.0590975247323513,1.2764647181029432e-05,0.1898561269044876
nudity,16,down_blocks.0.attentions.0.transformer_blocks.0.attn2.to_k.weight,10,0.5,0.8966146111488342,0.05905335396528244,1.3629909517476335e-05,0.18978248536586761
nudity,16,down_blocks.0.attentions.0.transformer_blocks.0.attn2.to_k.weight,11,0.5,0.8963948488235474,0.05911720171570778,1.3479935660143383e-05,0.18981270492076874
nudity,16,down_blocks.0.attentions.0.transformer_blocks.0.attn2.to_k.weight,12,0.5,0.8968098759651184,0.059047240763902664,1.2040059118589852e-05,0.18982206284999847
nudity,16,down_blocks.0.attentions.0.transformer_blocks.0.attn2.to_k.weight,13,0.5,0.8963989019393921,0.05909716710448265,1.3759129615209531e-05,0.18992488086223602
nudity,16,down_blocks.0.attentions.0.transformer_blocks.0.attn2.to_k.weight,14,0.5,0.8966593146324158,0.05905716121196747,1.4058529814064968e-05,0.1896945834159851
nudity,16,down_blocks.0.attentions.0.transformer_blocks.0.attn2.to_k.weight,15,0.5,0.896484375,0.05910366401076317,1.195347067550756e-05,0.18985365331172943
nudity,16,down_blocks.0.attentions.0.transformer_blocks.0.attn2.to_k.weight,16,0.5,0.896655261516571,0.05906872823834419,1.2796921510016546e-05,0.189846470952034
nudity,16,down_blocks.0.attentions.0.transformer_blocks.0.attn2.to_v.weight,1,0.5,0.907971203327179,0.04915690794587135,5.945573138887994e-05,0.15982799232006073
nudity,16,down_blocks.0.attentions.0.transformer_blocks.0.attn2.to_v.weight,2,0.5,0.9081665277481079,0.04908668249845505,8.940293810155708e-06,0.15980549156665802
nudity,16,down_blocks.0.attentions.0.transformer_blocks.0.attn2.to_v.weight,3,0.5,0.9077840447425842,0.04914950206875801,6.331033091555582e-06,0.15968674421310425
nudity,16,down_blocks.0.attentions.0.transformer_blocks.0.attn2.to_v.weight,4,0.5,0.9084187746047974,0.049098990857601166,5.84005920245545e-06,0.15983697772026062
nudity,16,down_blocks.0.attentions.0.transformer_blocks.0.attn2.to_v.weight,5,0.5,0.908251941204071,0.04916973412036896,5.3514077080762945e-06,0.159884512424469
nudity,16,down_blocks.0.attentions.0.transformer_blocks.0.attn2.to_v.weight,6,0.5,0.9086832404136658,0.04908766970038414,5.186871021578554e-06,0.15974967181682587
nudity,16,down_blocks.0.attentions.0.transformer_blocks.0.attn2.to_v.weight,7,0.5,0.9080810546875,0.049174584448337555,5.654185315506766e-06,0.15990552306175232
nudity,16,down_blocks.0.attentions.0.transformer_blocks.0.attn2.to_v.weight,8,0.5,0.908618152141571,0.04910882189869881,5.052668257121695e-06,0.15982846915721893
nudity,16,down_blocks.0.attentions.0.transformer_blocks.0.attn2.to_v.weight,9,0.5,0.9082723259925842,0.04915708675980568,4.804433956451248e-06,0.159811869263649
nudity,16,down_blocks.0.attentions.0.transformer_blocks.0.attn2.to_v.weight,10,0.5,0.908520519733429,0.04911457374691963,5.321921435097465e-06,0.15982067584991455
nudity,16,down_blocks.0.attentions.0.transformer_blocks.0.attn2.to_v.weight,11,0.5,0.9079345464706421,0.04917098581790924,5.2085019888181705e-06,0.15978367626667023
nudity,16,down_blocks.0.attentions.0.transformer_blocks.0.attn2.to_v.weight,12,0.5,0.9087931513786316,0.049092136323451996,4.8958786464936566e-06,0.15983490645885468
nudity,16,down_blocks.0.attentions.0.transformer_blocks.0.attn2.to_v.weight,13,0.5,0.9080118536949158,0.04917800426483154,5.334053639671765e-06,0.1598758101463318
nudity,16,down_blocks.0.attentions.0.transformer_blocks.0.attn2.to_v.weight,14,0.5,0.9087727665901184,0.04909983649849892,5.325229722075164e-06,0.15978258848190308
nudity,16,down_blocks.0.attentions.0.transformer_blocks.0.attn2.to_v.weight,15,0.5,0.9081868529319763,0.049151912331581116,4.688105036620982e-06,0.15982069075107574
nudity,16,down_blocks.0.attentions.0.transformer_blocks.0.attn2.to_v.weight,16,0.5,0.9085327386856079,0.049119528383016586,5.153390702616889e-06,0.15976867079734802
nudity,16,down_blocks.0.attentions.1.transformer_blocks.0.attn2.to_k.weight,1,0.5,0.8779622316360474,0.07801783829927444,0.00024766402202658355,0.22526180744171143
nudity,16,down_blocks.0.attentions.1.transformer_blocks.0.attn2.to_k.weight,2,0.5,0.87847900390625,0.07794740796089172,2.7604462957242504e-05,0.22507493197917938
nudity,16,down_blocks.0.attentions.1.transformer_blocks.0.attn2.to_k.weight,3,0.5,0.8787841796875,0.07799562811851501,1.9625837012426928e-05,0.2251821607351303
nudity,16,down_blocks.0.attentions.1.transformer_blocks.0.attn2.to_k.weight,4,0.5,0.8790445923805237,0.0779634341597557,1.72873060364509e-05,0.22510765492916107
nudity,16,down_blocks.0.attentions.1.transformer_blocks.0.attn2.to_k.weight,5,0.5,0.878674328327179,0.07803058624267578,1.7400046999682672e-05,0.2251882404088974
nudity,16,down_blocks.0.attentions.1.transformer_blocks.0.attn2.to_k.weight,6,0.5,0.8790323734283447,0.07792827486991882,1.692962905508466e-05,0.2249688059091568
nudity,16,down_blocks.0.attentions.1.transformer_blocks.0.attn2.to_k.weight,7,0.5,0.8788207769393921,0.07804066687822342,1.7055246644304134e-05,0.2253141552209854
nudity,16,down_blocks.0.attentions.1.transformer_blocks.0.attn2.to_k.weight,8,0.5,0.8790975213050842,0.07794001698493958,1.5973557310644537e-05,0.22510018944740295
nudity,16,down_blocks.0.attentions.1.transformer_blocks.0.attn2.to_k.weight,9,0.5,0.8789876103401184,0.07799363881349564,1.5854371667956002e-05,0.2251596301794052
nudity,16,down_blocks.0.attentions.1.transformer_blocks.0.attn2.to_k.weight,10,0.5,0.8789510130882263,0.07795034348964691,1.6279780538752675e-05,0.22510598599910736
nudity,16,down_blocks.0.attentions.1.transformer_blocks.0.attn2.to_k.weight,11,0.5,0.8791869878768921,0.078054279088974,1.6259375115623698e-05,0.22532080113887787
nudity,16,down_blocks.0.attentions.1.transformer_blocks.0.attn2.to_k.weight,12,0.5,0.879223644733429,0.0778965875506401,1.4739321159140673e-05,0.2248113602399826
nudity,16,down_blocks.0.attentions.1.transformer_blocks.0.attn2.to_k.weight,13,0.5,0.8786702752113342,0.07803334295749664,1.6286308891722e-05,0.22523725032806396
nudity,16,down_blocks.0.attentions.1.transformer_blocks.0.attn2.to_k.weight,14,0.5,0.8792073726654053,0.07794468104839325,1.679507113294676e-05,0.22509005665779114
nudity,16,down_blocks.0.attentions.1.transformer_blocks.0.attn2.to_k.weight,15,0.5,0.8790242671966553,0.07799675315618515,1.5094051377673168e-05,0.22525008022785187
nudity,16,down_blocks.0.attentions.1.transformer_blocks.0.attn2.to_k.weight,16,0.5,0.8791748285293579,0.07795218378305435,1.5618577890563756e-05,0.22510018944740295
nudity,16,down_blocks.0.attentions.1.transformer_blocks.0.attn2.to_v.weight,1,0.5,0.9019938111305237,0.05291036143898964,4.672539216699079e-05,0.16641902923583984
nudity,16,down_blocks.0.attentions.1.transformer_blocks.0.attn2.to_v.weight,2,0.5,0.9018961787223816,0.052822064608335495,9.953188055078499e-06,0.16624337434768677
nudity,16,down_blocks.0.attentions.1.transformer_blocks.0.attn2.to_v.weight,3,0.5,0.9020060300827026,0.05291367322206497,7.290175744856242e-06,0.16644226014614105
nudity,16,down_blocks.0.attentions.1.transformer_blocks.0.attn2.to_v.weight,4,0.5,0.90216064453125,0.052887413650751114,6.540212780237198e-06,0.16651785373687744
nudity,16,down_blocks.0.attentions.1.transformer_blocks.0.attn2.to_v.weight,5,0.5,0.9026163816452026,0.052959635853767395,6.3594461607863195e-06,0.16666638851165771
nudity,16,down_blocks.0.attentions.1.transformer_blocks.0.attn2.to_v.weight,6,0.5,0.90264892578125,0.052898943424224854,6.476630460383603e-06,0.16636353731155396
nudity,16,down_blocks.0.attentions.1.transformer_blocks.0.attn2.to_v.weight,7,0.5,0.9024739861488342,0.052989933639764786,6.629962172155501e-06,0.16654685139656067
nudity,16,down_blocks.0.attentions.1.transformer_blocks.0.attn2.to_v.weight,8,0.5,0.9023722410202026,0.052936699241399765,6.120576472312678e-06,0.166486456990242
nudity,16,down_blocks.0.attentions.1.transformer_blocks.0.attn2.to_v.weight,9,0.5,0.9028564691543579,0.05297545716166496,5.749209321948001e-06,0.166780024766922
nudity,16,down_blocks.0.attentions.1.transformer_blocks.0.attn2.to_v.weight,10,0.5,0.9023722410202026,0.052886687219142914,6.472707809734857e-06,0.16638819873332977
nudity,16,down_blocks.0.attentions.1.transformer_blocks.0.attn2.to_v.weight,11,0.5,0.9023640751838684,0.05300429090857506,6.338208095257869e-06,0.16656839847564697
nudity,16,down_blocks.0.attentions.1.transformer_blocks.0.attn2.to_v.weight,12,0.5,0.902819812297821,0.052901118993759155,5.808381501992699e-06,0.16647447645664215
nudity,16,down_blocks.0.attentions.1.transformer_blocks.0.attn2.to_v.weight,13,0.5,0.902453601360321,0.053017500787973404,6.051895525160944e-06,0.1666828691959381
nudity,16,down_blocks.0.attentions.1.transformer_blocks.0.attn2.to_v.weight,14,0.5,0.9025105834007263,0.05290496349334717,6.8397321228985675e-06,0.1663433015346527
nudity,16,down_blocks.0.attentions.1.transformer_blocks.0.attn2.to_v.weight,15,0.5,0.9023966193199158,0.05295795947313309,5.906954356760252e-06,0.16658388078212738
nudity,16,down_blocks.0.attentions.1.transformer_blocks.0.attn2.to_v.weight,16,0.5,0.9027384519577026,0.052940484136343,5.756794962508138e-06,0.16652564704418182
nudity,16,down_blocks.1.attentions.0.transformer_blocks.0.attn2.to_k.weight,1,0.5,0.90582275390625,0.04878474771976471,0.00017752830171957612,0.17076221108436584
nudity,16,down_blocks.1.attentions.0.transformer_blocks.0.attn2.to_k.weight,2,0.5,0.9061381220817566,0.048764146864414215,1.534330476715695e-05,0.17060212790966034
nudity,16,down_blocks.1.attentions.0.transformer_blocks.0.attn2.to_k.weight,3,0.5,0.9058288335800171,0.04879005253314972,1.0906192983384244e-05,0.17081736028194427
nudity,16,down_blocks.1.attentions.0.transformer_blocks.0.attn2.to_k.weight,4,0.5,0.906085193157196,0.048763565719127655,9.543388841848355e-06,0.17072294652462006
nudity,16,down_blocks.1.attentions.0.transformer_blocks.0.attn2.to_k.weight,5,0.5,0.9059061408042908,0.04879414662718773,9.987272278522141e-06,0.17070619761943817
nudity,16,down_blocks.1.attentions.0.transformer_blocks.0.attn2.to_k.weight,6,0.5,0.9060323238372803,0.04875749722123146,9.331271940027364e-06,0.17067869007587433
nudity,16,down_blocks.1.attentions.0.transformer_blocks.0.attn2.to_k.weight,7,0.5,0.9059102535247803,0.04879029467701912,1.0352085155318491e-05,0.17079763114452362
nudity,16,down_blocks.1.attentions.0.transformer_blocks.0.attn2.to_k.weight,8,0.5,0.906054675579071,0.048760462552309036,9.52621121541597e-06,0.17070327699184418
nudity,16,down_blocks.1.attentions.0.transformer_blocks.0.attn2.to_k.weight,9,0.5,0.9058634638786316,0.04879155382514,9.299229532189202e-06,0.17079611122608185
nudity,16,down_blocks.1.attentions.0.transformer_blocks.0.attn2.to_k.weight,10,0.5,0.9061991572380066,0.04876435175538063,9.062210665433668e-06,0.17074161767959595
nudity,16,down_blocks.1.attentions.0.transformer_blocks.0.attn2.to_k.weight,11,0.5,0.9059671759605408,0.048791784793138504,9.303868864662945e-06,0.17072266340255737
nudity,16,down_blocks.1.attentions.0.transformer_blocks.0.attn2.to_k.weight,12,0.5,0.9061116576194763,0.04876389726996422,9.258494173991494e-06,0.17078204452991486
nudity,16,down_blocks.1.attentions.0.transformer_blocks.0.attn2.to_k.weight,13,0.5,0.9058777093887329,0.04878249391913414,9.847488399827853e-06,0.17074212431907654
nudity,16,down_blocks.1.attentions.0.transformer_blocks.0.attn2.to_k.weight,14,0.5,0.9061971306800842,0.048778023570775986,1.0035019840870518e-05,0.17070260643959045
nudity,16,down_blocks.1.attentions.0.transformer_blocks.0.attn2.to_k.weight,15,0.5,0.9057535529136658,0.048799872398376465,8.266137228929438e-06,0.17085716128349304
nudity,16,down_blocks.1.attentions.0.transformer_blocks.0.attn2.to_k.weight,16,0.5,0.9061971306800842,0.048756133764982224,8.472071385767777e-06,0.17069755494594574
nudity,16,down_blocks.1.attentions.0.transformer_blocks.0.attn2.to_v.weight,1,0.5,0.9107706546783447,0.04588276520371437,6.038189530954696e-05,0.15542709827423096
nudity,16,down_blocks.1.attentions.0.transformer_blocks.0.attn2.to_v.weight,2,0.5,0.9107808470726013,0.04588449373841286,8.44292480906006e-06,0.15553705394268036
nudity,16,down_blocks.1.attentions.0.transformer_blocks.0.attn2.to_v.weight,3,0.5,0.9107320308685303,0.04588208720088005,6.074312750570243e-06,0.15547078847885132
nudity,16,down_blocks.1.attentions.0.transformer_blocks.0.attn2.to_v.weight,4,0.5,0.910693347454071,0.045862965285778046,5.74401747144293e-06,0.1555177867412567
nudity,16,down_blocks.1.attentions.0.transformer_blocks.0.attn2.to_v.weight,5,0.5,0.9104756712913513,0.04591389372944832,5.764855814049952e-06,0.155562624335289
nudity,16,down_blocks.1.attentions.0.transformer_blocks.0.attn2.to_v.weight,6,0.5,0.9107137322425842,0.04585601016879082,5.413875896920217e-06,0.15553061664104462
nudity,16,down_blocks.1.attentions.0.transformer_blocks.0.attn2.to_v.weight,7,0.5,0.9106648564338684,0.04590965807437897,5.878652245883131e-06,0.15553371608257294
nudity,16,down_blocks.1.attentions.0.transformer_blocks.0.attn2.to_v.weight,8,0.5,0.9108194708824158,0.045853279531002045,5.584900918620406e-06,0.15552262961864471
nudity,16,down_blocks.1.attentions.0.transformer_blocks.0.attn2.to_v.weight,9,0.5,0.910601794719696,0.04589267820119858,5.110749498271616e-06,0.15547899901866913
nudity,16,down_blocks.1.attentions.0.transformer_blocks.0.attn2.to_v.weight,10,0.5,0.9106994867324829,0.04586610943078995,5.7043721426452976e-06,0.1555379033088684
nudity,16,down_blocks.1.attentions.0.transformer_blocks.0.attn2.to_v.weight,11,0.5,0.910473644733429,0.04589248448610306,5.566783784161089e-06,0.1555718034505844
nudity,16,down_blocks.1.attentions.0.transformer_blocks.0.attn2.to_v.weight,12,0.5,0.9110087156295776,0.04585689678788185,4.853904556512134e-06,0.15551230311393738
nudity,16,down_blocks.1.attentions.0.transformer_blocks.0.attn2.to_v.weight,13,0.5,0.9105916619300842,0.045904722064733505,5.6658213907212485e-06,0.1554429829120636
nudity,16,down_blocks.1.attentions.0.transformer_blocks.0.attn2.to_v.weight,14,0.5,0.9105244874954224,0.045868296176195145,5.861029876541579e-06,0.15555456280708313
nudity,16,down_blocks.1.attentions.0.transformer_blocks.0.attn2.to_v.weight,15,0.5,0.9105916619300842,0.04588613286614418,5.106153366796207e-06,0.15549689531326294
nudity,16,down_blocks.1.attentions.0.transformer_blocks.0.attn2.to_v.weight,16,0.5,0.9108215570449829,0.04585903137922287,5.387996679928619e-06,0.1555481255054474
nudity,16,down_blocks.1.attentions.1.transformer_blocks.0.attn2.to_k.weight,1,0.5,0.8980733156204224,0.059277214109897614,0.00018333914340473711,0.19578580558300018
nudity,16,down_blocks.1.attentions.1.transformer_blocks.0.attn2.to_k.weight,2,0.5,0.8984334468841553,0.059243910014629364,2.3780767151038162e-05,0.1956055909395218
nudity,16,down_blocks.1.attentions.1.transformer_blocks.0.attn2.to_k.weight,3,0.5,0.89801025390625,0.059269726276397705,1.6165224224096164e-05,0.19570335745811462
nudity,16,down_blocks.1.attentions.1.transformer_blocks.0.attn2.to_k.weight,4,0.5,0.8983541131019592,0.059262827038764954,1.3386301361606456e-05,0.19570794701576233
nudity,16,down_blocks.1.attentions.1.transformer_blocks.0.attn2.to_k.weight,5,0.5,0.898211658000946,0.05930740386247635,1.3034719813731499e-05,0.19582869112491608
nudity,16,down_blocks.1.attentions.1.transformer_blocks.0.attn2.to_k.weight,6,0.5,0.8982625603675842,0.05928206816315651,1.0990419468726031e-05,0.19561071693897247
nudity,16,down_blocks.1.attentions.1.transformer_blocks.0.attn2.to_k.weight,7,0.5,0.8981058597564697,0.05928396061062813,1.1032880138373002e-05,0.19584305584430695
nudity,16,down_blocks.1.attentions.1.transformer_blocks.0.attn2.to_k.weight,8,0.5,0.898358166217804,0.059271376579999924,1.1213576726731844e-05,0.1957348883152008
nudity,16,down_blocks.1.attentions.1.transformer_blocks.0.attn2.to_k.weight,9,0.5,0.898040771484375,0.059301964938640594,1.1065921171393711e-05,0.19573469460010529
nudity,16,down_blocks.1.attentions.1.transformer_blocks.0.attn2.to_k.weight,10,0.5,0.898327648639679,0.0592622272670269,1.0478359399712645e-05,0.19570787250995636
nudity,16,down_blocks.1.attentions.1.transformer_blocks.0.attn2.to_k.weight,11,0.5,0.8981893062591553,0.05929817259311676,1.103593149309745e-05,0.1957348883152008
nudity,16,down_blocks.1.attentions.1.transformer_blocks.0.attn2.to_k.weight,12,0.5,0.8982951045036316,0.05927562341094017,9.691150808066595e-06,0.19561204314231873
nudity,16,down_blocks.1.attentions.1.transformer_blocks.0.attn2.to_k.weight,13,0.5,0.8979410529136658,0.059280406683683395,1.1292770977888722e-05,0.19582527875900269
nudity,16,down_blocks.1.attentions.1.transformer_blocks.0.attn2.to_k.weight,14,0.5,0.898394763469696,0.059254877269268036,1.1951258784392849e-05,0.19569049775600433
nudity,16,down_blocks.1.attentions.1.transformer_blocks.0.attn2.to_k.weight,15,0.5,0.898101806640625,0.0592946894466877,1.0063955414807424e-05,0.19572746753692627
nudity,16,down_blocks.1.attentions.1.transformer_blocks.0.attn2.to_k.weight,16,0.5,0.8984293341636658,0.05926448851823807,9.9788894658559e-06,0.1956174671649933
nudity,16,down_blocks.1.attentions.1.transformer_blocks.0.attn2.to_v.weight,1,0.5,0.9075582027435303,0.047008395195007324,5.16065520059783e-05,0.15522831678390503
nudity,16,down_blocks.1.attentions.1.transformer_blocks.0.attn2.to_v.weight,2,0.5,0.9078714847564697,0.04697735235095024,1.042663188854931e-05,0.15516319870948792
nudity,16,down_blocks.1.attentions.1.transformer_blocks.0.attn2.to_v.weight,3,0.5,0.9077168703079224,0.04701150581240654,8.279062058136333e-06,0.1553136110305786
nudity,16,down_blocks.1.attentions.1.transformer_blocks.0.attn2.to_v.weight,4,0.5,0.9079345464706421,0.04698556661605835,7.808774171280675e-06,0.15506093204021454
nudity,16,down_blocks.1.attentions.1.transformer_blocks.0.attn2.to_v.weight,5,0.5,0.9072794318199158,0.04699387028813362,8.034588063310366e-06,0.15513820946216583
nudity,16,down_blocks.1.attentions.1.transformer_blocks.0.attn2.to_v.weight,6,0.5,0.9081888794898987,0.04695592448115349,7.863680366426706e-06,0.15505816042423248
nudity,16,down_blocks.1.attentions.1.transformer_blocks.0.attn2.to_v.weight,7,0.5,0.9078348875045776,0.046997278928756714,7.774486221023835e-06,0.1550723910331726
nudity,16,down_blocks.1.attentions.1.transformer_blocks.0.attn2.to_v.weight,8,0.5,0.9078450798988342,0.04695279523730278,7.79062247602269e-06,0.15499311685562134
nudity,16,down_blocks.1.attentions.1.transformer_blocks.0.attn2.to_v.weight,9,0.5,0.90753173828125,0.04699571803212166,7.65283311920939e-06,0.15506403148174286
nudity,16,down_blocks.1.attentions.1.transformer_blocks.0.attn2.to_v.weight,10,0.5,0.9078755974769592,0.046966202557086945,7.97788379713893e-06,0.1549740582704544
nudity,16,down_blocks.1.attentions.1.transformer_blocks.0.attn2.to_v.weight,11,0.5,0.907727062702179,0.0469883568584919,7.919299605418928e-06,0.15509653091430664
nudity,16,down_blocks.1.attentions.1.transformer_blocks.0.attn2.to_v.weight,12,0.5,0.9082885980606079,0.04694191366434097,7.302302947209682e-06,0.15499168634414673
nudity,16,down_blocks.1.attentions.1.transformer_blocks.0.attn2.to_v.weight,13,0.5,0.907305896282196,0.046985071152448654,7.714201274211518e-06,0.15507183969020844
nudity,16,down_blocks.1.attentions.1.transformer_blocks.0.attn2.to_v.weight,14,0.5,0.9079020023345947,0.04697762057185173,8.202438039006665e-06,0.15507157146930695
nudity,16,down_blocks.1.attentions.1.transformer_blocks.0.attn2.to_v.weight,15,0.5,0.9078429937362671,0.046995047479867935,7.423468105116626e-06,0.15515393018722534
nudity,16,down_blocks.1.attentions.1.transformer_blocks.0.attn2.to_v.weight,16,0.5,0.907928466796875,0.04695087671279907,7.743125024717301e-06,0.15493421256542206
nudity,16,down_blocks.2.attentions.0.transformer_blocks.0.attn2.to_k.weight,1,0.5,0.9092305302619934,0.0451577752828598,0.0001312826352659613,0.16726045310497284
nudity,16,down_blocks.2.attentions.0.transformer_blocks.0.attn2.to_k.weight,2,0.5,0.9092427492141724,0.045163750648498535,7.447576081176521e-06,0.16726566851139069
nudity,16,down_blocks.2.attentions.0.transformer_blocks.0.attn2.to_k.weight,3,0.5,0.909259021282196,0.04514937847852707,5.3179915084911045e-06,0.16725170612335205
nudity,16,down_blocks.2.attentions.0.transformer_blocks.0.attn2.to_k.weight,4,0.5,0.9092356562614441,0.0451529435813427,4.906291906081606e-06,0.16726802289485931
nudity,16,down_blocks.2.attentions.0.transformer_blocks.0.attn2.to_k.weight,5,0.5,0.9092742800712585,0.04516146704554558,4.77394769404782e-06,0.16726242005825043
nudity,16,down_blocks.2.attentions.0.transformer_blocks.0.attn2.to_k.weight,6,0.5,0.9091989994049072,0.04516461119055748,4.671151145885233e-06,0.16728106141090393
nudity,16,down_blocks.2.attentions.0.transformer_blocks.0.attn2.to_k.weight,7,0.5,0.9091878533363342,0.045158956199884415,4.857722615270177e-06,0.16730783879756927
nudity,16,down_blocks.2.attentions.0.transformer_blocks.0.attn2.to_k.weight,8,0.5,0.9091807007789612,0.04515853896737099,4.58163822258939e-06,0.1672699749469757
nudity,16,down_blocks.2.attentions.0.transformer_blocks.0.attn2.to_k.weight,9,0.5,0.9092620611190796,0.04515973478555679,4.238032488501631e-06,0.1672724485397339
nudity,16,down_blocks.2.attentions.0.transformer_blocks.0.attn2.to_k.weight,10,0.5,0.9091471433639526,0.04516210779547691,4.8444344429299235e-06,0.16726921498775482
nudity,16,down_blocks.2.attentions.0.transformer_blocks.0.attn2.to_k.weight,11,0.5,0.9092203974723816,0.045155271887779236,4.751296273752814e-06,0.16726921498775482
nudity,16,down_blocks.2.attentions.0.transformer_blocks.0.attn2.to_k.weight,12,0.5,0.9091837406158447,0.0451618954539299,4.071097009727964e-06,0.16728483140468597
nudity,16,down_blocks.2.attentions.0.transformer_blocks.0.attn2.to_k.weight,13,0.5,0.9092031121253967,0.04516143351793289,4.645791250368347e-06,0.167302668094635
nudity,16,down_blocks.2.attentions.0.transformer_blocks.0.attn2.to_k.weight,14,0.5,0.9091441035270691,0.04516560956835747,5.039614279667148e-06,0.1672765165567398
nudity,16,down_blocks.2.attentions.0.transformer_blocks.0.attn2.to_k.weight,15,0.5,0.9092427492141724,0.04515310004353523,4.315282239986118e-06,0.16728854179382324
nudity,16,down_blocks.2.attentions.0.transformer_blocks.0.attn2.to_k.weight,16,0.5,0.9091867804527283,0.04515467956662178,4.294379323255271e-06,0.16726438701152802
nudity,16,down_blocks.2.attentions.0.transformer_blocks.0.attn2.to_v.weight,1,0.5,0.9112446904182434,0.043443743139505386,8.033036283450201e-05,0.15630874037742615
nudity,16,down_blocks.2.attentions.0.transformer_blocks.0.attn2.to_v.weight,2,0.5,0.9112406373023987,0.04341726005077362,5.3521284826274496e-06,0.15621033310890198
nudity,16,down_blocks.2.attentions.0.transformer_blocks.0.attn2.to_v.weight,3,0.5,0.9111826419830322,0.04341737553477287,3.88975286114146e-06,0.15630383789539337
nudity,16,down_blocks.2.attentions.0.transformer_blocks.0.attn2.to_v.weight,4,0.5,0.9112091064453125,0.043417301028966904,3.1674460387876024e-06,0.15624397993087769
nudity,16,down_blocks.2.attentions.0.transformer_blocks.0.attn2.to_v.weight,5,0.5,0.9111277461051941,0.04340541362762451,3.395583235032973e-06,0.15625031292438507
nudity,16,down_blocks.2.attentions.0.transformer_blocks.0.attn2.to_v.weight,6,0.5,0.911297619342804,0.043409671634435654,3.265432496846188e-06,0.15621870756149292
nudity,16,down_blocks.2.attentions.0.transformer_blocks.0.attn2.to_v.weight,7,0.5,0.9111490845680237,0.043425511568784714,3.0296973818622064e-06,0.1563253551721573
nudity,16,down_blocks.2.attentions.0.transformer_blocks.0.attn2.to_v.weight,8,0.5,0.9112274050712585,0.04340904951095581,3.391733343960368e-06,0.15621861815452576
nudity,16,down_blocks.2.attentions.0.transformer_blocks.0.attn2.to_v.weight,9,0.5,0.9111430048942566,0.0434180311858654,2.9892462407588027e-06,0.1562962681055069
nudity,16,down_blocks.2.attentions.0.transformer_blocks.0.attn2.to_v.weight,10,0.5,0.9112467169761658,0.043418578803539276,2.845060180334258e-06,0.15625230967998505
nudity,16,down_blocks.2.attentions.0.transformer_blocks.0.attn2.to_v.weight,11,0.5,0.9112203121185303,0.043410368263721466,3.435275402807747e-06,0.1562449336051941
nudity,16,down_blocks.2.attentions.0.transformer_blocks.0.attn2.to_v.weight,12,0.5,0.911273181438446,0.04341300204396248,3.211745024600532e-06,0.1562502682209015
nudity,16,down_blocks.2.attentions.0.transformer_blocks.0.attn2.to_v.weight,13,0.5,0.9111236333847046,0.04342464730143547,2.9699290280404966e-06,0.15632663667201996
nudity,16,down_blocks.2.attentions.0.transformer_blocks.0.attn2.to_v.weight,14,0.5,0.9112070798873901,0.04340966045856476,3.230382617402938e-06,0.15623784065246582
nudity,16,down_blocks.2.attentions.0.transformer_blocks.0.attn2.to_v.weight,15,0.5,0.9111500978469849,0.04341556504368782,2.8638955882343e-06,0.1562899798154831
nudity,16,down_blocks.2.attentions.0.transformer_blocks.0.attn2.to_v.weight,16,0.5,0.9113271236419678,0.043420884758234024,2.9963314318592893e-06,0.15623176097869873
nudity,16,down_blocks.2.attentions.1.transformer_blocks.0.attn2.to_k.weight,1,0.5,0.9110514521598816,0.04350028932094574,0.00013757331180386245,0.1637231856584549
nudity,16,down_blocks.2.attentions.1.transformer_blocks.0.attn2.to_k.weight,2,0.5,0.9109110236167908,0.04349590837955475,1.0695152923290152e-05,0.163741335272789
nudity,16,down_blocks.2.attentions.1.transformer_blocks.0.attn2.to_k.weight,3,0.5,0.9109741449356079,0.04350181668996811,7.564844509033719e-06,0.163674995303154
nudity,16,down_blocks.2.attentions.1.transformer_blocks.0.attn2.to_k.weight,4,0.5,0.9108927249908447,0.04349261894822121,7.293460839719046e-06,0.16372303664684296
nudity,16,down_blocks.2.attentions.1.transformer_blocks.0.attn2.to_k.weight,5,0.5,0.9108754396438599,0.04350581020116806,7.526410627178848e-06,0.16364790499210358
nudity,16,down_blocks.2.attentions.1.transformer_blocks.0.attn2.to_k.weight,6,0.5,0.9110575318336487,0.04348951578140259,6.757277787983185e-06,0.16365230083465576
nudity,16,down_blocks.2.attentions.1.transformer_blocks.0.attn2.to_k.weight,7,0.5,0.9109252691268921,0.04350055009126663,7.142651611502515e-06,0.16369366645812988
nudity,16,down_blocks.2.attentions.1.transformer_blocks.0.attn2.to_k.weight,8,0.5,0.9110137820243835,0.04349339380860329,7.3954820436483715e-06,0.1636665314435959
nudity,16,down_blocks.2.attentions.1.transformer_blocks.0.attn2.to_k.weight,9,0.5,0.9109385013580322,0.04350484162569046,6.8962267505412456e-06,0.16366025805473328
nudity,16,down_blocks.2.attentions.1.transformer_blocks.0.attn2.to_k.weight,10,0.5,0.9110880494117737,0.043491069227457047,6.860258508822881e-06,0.16367046535015106
nudity,16,down_blocks.2.attentions.1.transformer_blocks.0.attn2.to_k.weight,11,0.5,0.9110473394393921,0.04350681230425835,6.8038361860089935e-06,0.16369199752807617
nudity,16,down_blocks.2.attentions.1.transformer_blocks.0.attn2.to_k.weight,12,0.5,0.9108774662017822,0.04349739849567413,6.9974571488273796e-06,0.1636737734079361
nudity,16,down_blocks.2.attentions.1.transformer_blocks.0.attn2.to_k.weight,13,0.5,0.9110483527183533,0.04349617287516594,7.16199383532512e-06,0.16365168988704681
nudity,16,down_blocks.2.attentions.1.transformer_blocks.0.attn2.to_k.weight,14,0.5,0.910998523235321,0.04349520429968834,7.116252618288854e-06,0.16367113590240479
nudity,16,down_blocks.2.attentions.1.transformer_blocks.0.attn2.to_k.weight,15,0.5,0.9109812378883362,0.04350375011563301,6.804169515817193e-06,0.1636621057987213
nudity,16,down_blocks.2.attentions.1.transformer_blocks.0.attn2.to_k.weight,16,0.5,0.9110249876976013,0.0434914156794548,6.6718971538648475e-06,0.16369694471359253
nudity,16,down_blocks.2.attentions.1.transformer_blocks.0.attn2.to_v.weight,1,0.5,0.9104390740394592,0.04436487331986427,8.477301889797673e-05,0.15839822590351105
nudity,16,down_blocks.2.attentions.1.transformer_blocks.0.attn2.to_v.weight,2,0.5,0.91033935546875,0.04438821226358414,6.27978397460538e-06,0.15833888947963715
nudity,16,down_blocks.2.attentions.1.transformer_blocks.0.attn2.to_v.weight,3,0.5,0.9103688597679138,0.04437263682484627,4.27570103056496e-06,0.15838278830051422
nudity,16,down_blocks.2.attentions.1.transformer_blocks.0.attn2.to_v.weight,4,0.5,0.9103261232376099,0.04436691850423813,4.0721092773310374e-06,0.158332958817482
nudity,16,down_blocks.2.attentions.1.transformer_blocks.0.attn2.to_v.weight,5,0.5,0.9103332757949829,0.04437414929270744,4.362307208793936e-06,0.1583607792854309
nudity,16,down_blocks.2.attentions.1.transformer_blocks.0.attn2.to_v.weight,6,0.5,0.9104319214820862,0.04436974972486496,3.96861469198484e-06,0.15834535658359528
nudity,16,down_blocks.2.attentions.1.transformer_blocks.0.attn2.to_v.weight,7,0.5,0.9103139042854309,0.04436064139008522,4.164844540355261e-06,0.15830349922180176
nudity,16,down_blocks.2.attentions.1.transformer_blocks.0.attn2.to_v.weight,8,0.5,0.9101918339729309,0.04437966272234917,4.056083071191097e-06,0.15831191837787628
nudity,16,down_blocks.2.attentions.1.transformer_blocks.0.attn2.to_v.weight,9,0.5,0.9105163812637329,0.04437287524342537,3.871614353556652e-06,0.15838617086410522
nudity,16,down_blocks.2.attentions.1.transformer_blocks.0.attn2.to_v.weight,10,0.5,0.9102579951286316,0.04436541721224785,3.922511496057268e-06,0.1583133339881897
nudity,16,down_blocks.2.attentions.1.transformer_blocks.0.attn2.to_v.weight,11,0.5,0.9103342890739441,0.04436870664358139,4.100493697478669e-06,0.15833410620689392
nudity,16,down_blocks.2.attentions.1.transformer_blocks.0.attn2.to_v.weight,12,0.5,0.9103891849517822,0.044372737407684326,3.7021325169916963e-06,0.15834742784500122
nudity,16,down_blocks.2.attentions.1.transformer_blocks.0.attn2.to_v.weight,13,0.5,0.9102722406387329,0.04436534270644188,4.197156613372499e-06,0.15834590792655945
nudity,16,down_blocks.2.attentions.1.transformer_blocks.0.attn2.to_v.weight,14,0.5,0.910290539264679,0.044380072504282,4.3429204197309446e-06,0.15831822156906128
nudity,16,down_blocks.2.attentions.1.transformer_blocks.0.attn2.to_v.weight,15,0.5,0.9103790521621704,0.04437031224370003,3.64430502486357e-06,0.1583499312400818
nudity,16,down_blocks.2.attentions.1.transformer_blocks.0.attn2.to_v.weight,16,0.5,0.9103108644485474,0.04436587169766426,3.8031489566492382e-06,0.15833216905593872
nudity,16,up_blocks.1.attentions.0.transformer_blocks.0.attn2.to_k.weight,1,0.5,0.9121764898300171,0.04274579510092735,0.0001431209675502032,0.15837563574314117
nudity,16,up_blocks.1.attentions.0.transformer_blocks.0.attn2.to_k.weight,2,0.5,0.912219226360321,0.04273223876953125,6.96862207405502e-06,0.1583167314529419
nudity,16,up_blocks.1.attentions.0.transformer_blocks.0.attn2.to_k.weight,3,0.5,0.91217041015625,0.04274852201342583,4.827639713766985e-06,0.1584191769361496
nudity,16,up_blocks.1.attentions.0.transformer_blocks.0.attn2.to_k.weight,4,0.5,0.9121754765510559,0.0427376814186573,4.2414776544319466e-06,0.15836143493652344
nudity,16,up_blocks.1.attentions.0.transformer_blocks.0.attn2.to_k.weight,5,0.5,0.9121500849723816,0.04274590685963631,4.813964096683776e-06,0.15840046107769012
nudity,16,up_blocks.1.attentions.0.transformer_blocks.0.attn2.to_k.weight,6,0.5,0.9121124148368835,0.04273739084601402,4.226408236718271e-06,0.15837033092975616
nudity,16,up_blocks.1.attentions.0.transformer_blocks.0.attn2.to_k.weight,7,0.5,0.9121541380882263,0.04275057092308998,3.9175197343865875e-06,0.15837688744068146
nudity,16,up_blocks.1.attentions.0.transformer_blocks.0.attn2.to_k.weight,8,0.5,0.9121663570404053,0.042735736817121506,4.576208539219806e-06,0.15838102996349335
nudity,16,up_blocks.1.attentions.0.transformer_blocks.0.attn2.to_k.weight,9,0.5,0.9121012091636658,0.04275241494178772,4.281857400201261e-06,0.1584208756685257
nudity,16,up_blocks.1.attentions.0.transformer_blocks.0.attn2.to_k.weight,10,0.5,0.9121286869049072,0.04274129867553711,3.8824650800961535e-06,0.15836626291275024
nudity,16,up_blocks.1.attentions.0.transformer_blocks.0.attn2.to_k.weight,11,0.5,0.912127673625946,0.0427466444671154,4.5713600229646545e-06,0.15838772058486938
nudity,16,up_blocks.1.attentions.0.transformer_blocks.0.attn2.to_k.weight,12,0.5,0.912152111530304,0.04274030402302742,3.978259428549791e-06,0.15840403735637665
nudity,16,up_blocks.1.attentions.0.transformer_blocks.0.attn2.to_k.weight,13,0.5,0.9121226072311401,0.04274959862232208,3.782377916650148e-06,0.15840063989162445
nudity,16,up_blocks.1.attentions.0.transformer_blocks.0.attn2.to_k.weight,14,0.5,0.9121378660202026,0.042739350348711014,4.888609964837087e-06,0.15835914015769958
nudity,16,up_blocks.1.attentions.0.transformer_blocks.0.attn2.to_k.weight,15,0.5,0.912121593952179,0.042747750878334045,4.024739155283896e-06,0.1584165096282959
nudity,16,up_blocks.1.attentions.0.transformer_blocks.0.attn2.to_k.weight,16,0.5,0.9121531248092651,0.042740438133478165,3.6174933484289795e-06,0.15837900340557098
nudity,16,up_blocks.1.attentions.0.transformer_blocks.0.attn2.to_v.weight,1,0.5,0.9110270142555237,0.042504243552684784,0.0001046670731739141,0.15641683340072632
nudity,16,up_blocks.1.attentions.0.transformer_blocks.0.attn2.to_v.weight,2,0.5,0.9108866453170776,0.04248906672000885,5.063919161329977e-06,0.15635019540786743
nudity,16,up_blocks.1.attentions.0.transformer_blocks.0.attn2.to_v.weight,3,0.5,0.9107910394668579,0.04249899461865425,3.503220341372071e-06,0.1563762128353119
nudity,16,up_blocks.1.attentions.0.transformer_blocks.0.attn2.to_v.weight,4,0.5,0.9108978509902954,0.04249422252178192,3.2529642339795828e-06,0.15636061131954193
nudity,16,up_blocks.1.attentions.0.transformer_blocks.0.attn2.to_v.weight,5,0.5,0.9108439087867737,0.042503319680690765,3.184386287102825e-06,0.15636098384857178
nudity,16,up_blocks.1.attentions.0.transformer_blocks.0.attn2.to_v.weight,6,0.5,0.9109151363372803,0.04248993471264839,3.0093970053712837e-06,0.15633822977542877
nudity,16,up_blocks.1.attentions.0.transformer_blocks.0.attn2.to_v.weight,7,0.5,0.91082763671875,0.04250389710068703,3.0127291665849043e-06,0.15637199580669403
nudity,16,up_blocks.1.attentions.0.transformer_blocks.0.attn2.to_v.weight,8,0.5,0.9108896851539612,0.04249146953225136,2.8942520202690503e-06,0.15633466839790344
nudity,16,up_blocks.1.attentions.0.transformer_blocks.0.attn2.to_v.weight,9,0.5,0.9107950925827026,0.042501091957092285,2.854742888303008e-06,0.15636853873729706
nudity,16,up_blocks.1.attentions.0.transformer_blocks.0.attn2.to_v.weight,10,0.5,0.9109507203102112,0.04249274358153343,2.9737998374912422e-06,0.15633822977542877
nudity,16,up_blocks.1.attentions.0.transformer_blocks.0.attn2.to_v.weight,11,0.5,0.9108337163925171,0.042505234479904175,2.924401769632823e-06,0.15637433528900146
nudity,16,up_blocks.1.attentions.0.transformer_blocks.0.attn2.to_v.weight,12,0.5,0.910906970500946,0.042489707469940186,2.6090681330970256e-06,0.1563427448272705
nudity,16,up_blocks.1.attentions.0.transformer_blocks.0.attn2.to_v.weight,13,0.5,0.910858154296875,0.042503610253334045,3.0791861718171276e-06,0.15636353194713593
nudity,16,up_blocks.1.attentions.0.transformer_blocks.0.attn2.to_v.weight,14,0.5,0.9108642339706421,0.042490385472774506,3.051018666155869e-06,0.1563320904970169
nudity,16,up_blocks.1.attentions.0.transformer_blocks.0.attn2.to_v.weight,15,0.5,0.9108347296714783,0.04249845817685127,2.680000989130349e-06,0.15637065470218658
nudity,16,up_blocks.1.attentions.0.transformer_blocks.0.attn2.to_v.weight,16,0.5,0.9109436273574829,0.04249662905931473,2.8630613542190986e-06,0.15635450184345245
nudity,16,up_blocks.1.attentions.1.transformer_blocks.0.attn2.to_k.weight,1,0.5,0.9117940068244934,0.04391435161232948,0.00015223717491608113,0.160008504986763
nudity,16,up_blocks.1.attentions.1.transformer_blocks.0.attn2.to_k.weight,2,0.5,0.9116648435592651,0.043906908482313156,6.480909632955445e-06,0.16006077826023102
nudity,16,up_blocks.1.attentions.1.transformer_blocks.0.attn2.to_k.weight,3,0.5,0.9117411375045776,0.04391388222575188,4.6962536544015165e-06,0.16001646220684052
nudity,16,up_blocks.1.attentions.1.transformer_blocks.0.attn2.to_k.weight,4,0.5,0.9117421507835388,0.04390859231352806,4.069342139700893e-06,0.15998752415180206
nudity,16,up_blocks.1.attentions.1.transformer_blocks.0.attn2.to_k.weight,5,0.5,0.9116648435592651,0.04391700029373169,4.10064831157797e-06,0.16000597178936005
nudity,16,up_blocks.1.attentions.1.transformer_blocks.0.attn2.to_k.weight,6,0.5,0.9116902947425842,0.04390306398272514,4.019872449134709e-06,0.1600242704153061
nudity,16,up_blocks.1.attentions.1.transformer_blocks.0.attn2.to_k.weight,7,0.5,0.9116851687431335,0.04391983896493912,4.187598733551567e-06,0.15999333560466766
nudity,16,up_blocks.1.attentions.1.transformer_blocks.0.attn2.to_k.weight,8,0.5,0.9116953611373901,0.04390828683972359,4.009560143458657e-06,0.160008504986763
nudity,16,up_blocks.1.attentions.1.transformer_blocks.0.attn2.to_k.weight,9,0.5,0.9116750359535217,0.04391174018383026,3.608944552979665e-06,0.15997640788555145
nudity,16,up_blocks.1.attentions.1.transformer_blocks.0.attn2.to_k.weight,10,0.5,0.9116658568382263,0.043905146420001984,3.992105121142231e-06,0.16000817716121674
nudity,16,up_blocks.1.attentions.1.transformer_blocks.0.attn2.to_k.weight,11,0.5,0.9117055535316467,0.04391682520508766,3.959911282436224e-06,0.16000087559223175
nudity,16,up_blocks.1.attentions.1.transformer_blocks.0.attn2.to_k.weight,12,0.5,0.9116892218589783,0.04390733689069748,3.7197251003817655e-06,0.15999716520309448
nudity,16,up_blocks.1.attentions.1.transformer_blocks.0.attn2.to_k.weight,13,0.5,0.9116526246070862,0.04391889646649361,3.814808678725967e-06,0.15998730063438416
nudity,16,up_blocks.1.attentions.1.transformer_blocks.0.attn2.to_k.weight,14,0.5,0.9116618037223816,0.043906424194574356,4.302587967686122e-06,0.16002056002616882
nudity,16,up_blocks.1.attentions.1.transformer_blocks.0.attn2.to_k.weight,15,0.5,0.9117228388786316,0.04391049966216087,3.6733365504915128e-06,0.15998497605323792
nudity,16,up_blocks.1.attentions.1.transformer_blocks.0.attn2.to_k.weight,16,0.5,0.9116953611373901,0.04390815272927284,3.6130611533735646e-06,0.16000060737133026
nudity,16,up_blocks.1.attentions.1.transformer_blocks.0.attn2.to_v.weight,1,0.5,0.9125040769577026,0.04203960299491882,0.00011665583588182926,0.1531446874141693
nudity,16,up_blocks.1.attentions.1.transformer_blocks.0.attn2.to_v.weight,2,0.5,0.9125711917877197,0.04203557223081589,7.588279459014302e-06,0.15314601361751556
nudity,16,up_blocks.1.attentions.1.transformer_blocks.0.attn2.to_v.weight,3,0.5,0.9125284552574158,0.042045384645462036,5.008978405385278e-06,0.1531333327293396
nudity,16,up_blocks.1.attentions.1.transformer_blocks.0.attn2.to_v.weight,4,0.5,0.9125427007675171,0.04202931001782417,5.10138443132746e-06,0.15309441089630127
nudity,16,up_blocks.1.attentions.1.transformer_blocks.0.attn2.to_v.weight,5,0.5,0.9125630855560303,0.04203913360834122,5.172933924768586e-06,0.15313105285167694
nudity,16,up_blocks.1.attentions.1.transformer_blocks.0.attn2.to_v.weight,6,0.5,0.912646472454071,0.04202953353524208,4.692985839938046e-06,0.15309055149555206
nudity,16,up_blocks.1.attentions.1.transformer_blocks.0.attn2.to_v.weight,7,0.5,0.9124613404273987,0.0420386865735054,5.080901246401481e-06,0.15309816598892212
nudity,16,up_blocks.1.attentions.1.transformer_blocks.0.attn2.to_v.weight,8,0.5,0.9126546382904053,0.04202982410788536,4.594573965732707e-06,0.1530860811471939
nudity,16,up_blocks.1.attentions.1.transformer_blocks.0.attn2.to_v.weight,9,0.5,0.9125233888626099,0.042040444910526276,4.738414190796902e-06,0.1531200408935547
nudity,16,up_blocks.1.attentions.1.transformer_blocks.0.attn2.to_v.weight,10,0.5,0.9125152826309204,0.042025383561849594,5.0844610086642206e-06,0.15306900441646576
nudity,16,up_blocks.1.attentions.1.transformer_blocks.0.attn2.to_v.weight,11,0.5,0.9125651121139526,0.04204220697283745,4.740795247926144e-06,0.15315085649490356
nudity,16,up_blocks.1.attentions.1.transformer_blocks.0.attn2.to_v.weight,12,0.5,0.9125468134880066,0.04202575609087944,4.5040706027066335e-06,0.15306702256202698
nudity,16,up_blocks.1.attentions.1.transformer_blocks.0.attn2.to_v.weight,13,0.5,0.9125030636787415,0.042037609964609146,5.005140792491147e-06,0.1531074047088623
nudity,16,up_blocks.1.attentions.1.transformer_blocks.0.attn2.to_v.weight,14,0.5,0.9126526117324829,0.042029090225696564,5.0340663619863335e-06,0.1530950516462326
nudity,16,up_blocks.1.attentions.1.transformer_blocks.0.attn2.to_v.weight,15,0.5,0.9124959111213684,0.04203895851969719,4.483149950829102e-06,0.15310673415660858
nudity,16,up_blocks.1.attentions.1.transformer_blocks.0.attn2.to_v.weight,16,0.5,0.9125427007675171,0.04202661290764809,4.567749328998616e-06,0.1530756801366806
nudity,16,up_blocks.1.attentions.2.transformer_blocks.0.attn2.to_k.weight,1,0.5,0.9109771847724915,0.044381435960531235,0.00015327977598644793,0.16155993938446045
nudity,16,up_blocks.1.attentions.2.transformer_blocks.0.attn2.to_k.weight,2,0.5,0.910961925983429,0.04438672959804535,8.30256612971425e-06,0.1615494042634964
nudity,16,up_blocks.1.attentions.2.transformer_blocks.0.attn2.to_k.weight,3,0.5,0.9110697507858276,0.044388316571712494,5.45794819117873e-06,0.16160647571086884
nudity,16,up_blocks.1.attentions.2.transformer_blocks.0.attn2.to_k.weight,4,0.5,0.9109934568405151,0.04438672959804535,5.220853836362949e-06,0.1615738719701767
nudity,16,up_blocks.1.attentions.2.transformer_blocks.0.attn2.to_k.weight,5,0.5,0.9110320806503296,0.04438634589314461,5.052155756857246e-06,0.16156743466854095
nudity,16,up_blocks.1.attentions.2.transformer_blocks.0.attn2.to_k.weight,6,0.5,0.9111226201057434,0.044387999922037125,4.511839961196529e-06,0.1615704894065857
nudity,16,up_blocks.1.attentions.2.transformer_blocks.0.attn2.to_k.weight,7,0.5,0.911022961139679,0.044396478682756424,4.657304543798091e-06,0.1616242229938507
nudity,16,up_blocks.1.attentions.2.transformer_blocks.0.attn2.to_k.weight,8,0.5,0.9110382199287415,0.04438919201493263,4.462189735932043e-06,0.1615580916404724
nudity,16,up_blocks.1.attentions.2.transformer_blocks.0.attn2.to_k.weight,9,0.5,0.9111124873161316,0.04438958317041397,4.125783561903518e-06,0.1616058051586151
nudity,16,up_blocks.1.attentions.2.transformer_blocks.0.attn2.to_k.weight,10,0.5,0.9110330939292908,0.044395722448825836,4.507541234488599e-06,0.16159632802009583
nudity,16,up_blocks.1.attentions.2.transformer_blocks.0.attn2.to_k.weight,11,0.5,0.9110677242279053,0.04438887909054756,4.630706371244742e-06,0.16159266233444214
nudity,16,up_blocks.1.attentions.2.transformer_blocks.0.attn2.to_k.weight,12,0.5,0.9111073613166809,0.04439009353518486,3.9361602830467746e-06,0.16159000992774963
nudity,16,up_blocks.1.attentions.2.transformer_blocks.0.attn2.to_k.weight,13,0.5,0.9109873175621033,0.04439016431570053,4.367488600109937e-06,0.16160860657691956
nudity,16,up_blocks.1.attentions.2.transformer_blocks.0.attn2.to_k.weight,14,0.5,0.9110646843910217,0.044393252581357956,4.858311967836926e-06,0.16156886518001556
nudity,16,up_blocks.1.attentions.2.transformer_blocks.0.attn2.to_k.weight,15,0.5,0.9111348390579224,0.04439013823866844,3.9532910705020186e-06,0.16161605715751648
nudity,16,up_blocks.1.attentions.2.transformer_blocks.0.attn2.to_k.weight,16,0.5,0.910998523235321,0.04438837617635727,4.249793619237607e-06,0.16159363090991974
nudity,16,up_blocks.1.attentions.2.transformer_blocks.0.attn2.to_v.weight,1,0.5,0.9117818474769592,0.04152653366327286,0.00010732390364864841,0.15197017788887024
nudity,16,up_blocks.1.attentions.2.transformer_blocks.0.attn2.to_v.weight,2,0.5,0.9117075800895691,0.04152107983827591,7.946933692437597e-06,0.15199658274650574
nudity,16,up_blocks.1.attentions.2.transformer_blocks.0.attn2.to_v.weight,3,0.5,0.9117146730422974,0.04153227433562279,5.512857569556218e-06,0.15191768109798431
nudity,16,up_blocks.1.attentions.2.transformer_blocks.0.attn2.to_v.weight,4,0.5,0.9116994142532349,0.04153238236904144,5.037633854954038e-06,0.15194717049598694
nudity,16,up_blocks.1.attentions.2.transformer_blocks.0.attn2.to_v.weight,5,0.5,0.91168212890625,0.041527699679136276,4.91734908791841e-06,0.1519170105457306
nudity,16,up_blocks.1.attentions.2.transformer_blocks.0.attn2.to_v.weight,6,0.5,0.9116434454917908,0.041537486016750336,4.976688160240883e-06,0.15193116664886475
nudity,16,up_blocks.1.attentions.2.transformer_blocks.0.attn2.to_v.weight,7,0.5,0.9116261601448059,0.04153899475932121,5.116882221045671e-06,0.15194274485111237
nudity,16,up_blocks.1.attentions.2.transformer_blocks.0.attn2.to_v.weight,8,0.5,0.9116587042808533,0.04153028503060341,4.799722773896065e-06,0.151933953166008
nudity,16,up_blocks.1.attentions.2.transformer_blocks.0.attn2.to_v.weight,9,0.5,0.9117624759674072,0.0415300577878952,4.471040028874995e-06,0.1518879234790802
nudity,16,up_blocks.1.attentions.2.transformer_blocks.0.attn2.to_v.weight,10,0.5,0.9116170406341553,0.041529979556798935,5.019402578909649e-06,0.15198945999145508
nudity,16,up_blocks.1.attentions.2.transformer_blocks.0.attn2.to_v.weight,11,0.5,0.9116780757904053,0.041536103934049606,5.23722383150016e-06,0.15192972123622894
nudity,16,up_blocks.1.attentions.2.transformer_blocks.0.attn2.to_v.weight,12,0.5,0.9116434454917908,0.0415390282869339,4.271266789146466e-06,0.15193861722946167
nudity,16,up_blocks.1.attentions.2.transformer_blocks.0.attn2.to_v.weight,13,0.5,0.9117482304573059,0.0415339395403862,4.666525455832016e-06,0.15193234384059906
nudity,16,up_blocks.1.attentions.2.transformer_blocks.0.attn2.to_v.weight,14,0.5,0.9115285277366638,0.04153135418891907,5.199597580940463e-06,0.15195877850055695
nudity,16,up_blocks.1.attentions.2.transformer_blocks.0.attn2.to_v.weight,15,0.5,0.9117757081985474,0.04153283312916756,4.444285423232941e-06,0.1518891602754593
nudity,16,up_blocks.1.attentions.2.transformer_blocks.0.attn2.to_v.weight,16,0.5,0.9116566777229309,0.04153026267886162,4.913551038043806e-06,0.15195715427398682
nudity,16,up_blocks.2.attentions.0.transformer_blocks.0.attn2.to_k.weight,1,0.5,0.9030721187591553,0.04511615261435509,0.00019547886040527374,0.17463046312332153
nudity,16,up_blocks.2.attentions.0.transformer_blocks.0.attn2.to_k.weight,2,0.5,0.9031473994255066,0.04512123763561249,1.4620179172197822e-05,0.17461414635181427
nudity,16,up_blocks.2.attentions.0.transformer_blocks.0.attn2.to_k.weight,3,0.5,0.9031717777252197,0.0451129786670208,9.991494152927771e-06,0.17451943457126617
nudity,16,up_blocks.2.attentions.0.transformer_blocks.0.attn2.to_k.weight,4,0.5,0.903216540813446,0.04513883218169212,8.988459740066901e-06,0.1746256798505783
nudity,16,up_blocks.2.attentions.0.transformer_blocks.0.attn2.to_k.weight,5,0.5,0.903002917766571,0.04511827230453491,9.036372830451e-06,0.1745791733264923
nudity,16,up_blocks.2.attentions.0.transformer_blocks.0.attn2.to_k.weight,6,0.5,0.9030985236167908,0.045141514390707016,8.022998372325674e-06,0.17456907033920288
nudity,16,up_blocks.2.attentions.0.transformer_blocks.0.attn2.to_k.weight,7,0.5,0.9031270146369934,0.045126575976610184,8.402287676290143e-06,0.17456358671188354
nudity,16,up_blocks.2.attentions.0.transformer_blocks.0.attn2.to_k.weight,8,0.5,0.9031331539154053,0.04513625055551529,8.603703463450074e-06,0.17462661862373352
nudity,16,up_blocks.2.attentions.0.transformer_blocks.0.attn2.to_k.weight,9,0.5,0.9030985236167908,0.04513149708509445,7.819065103831235e-06,0.17456519603729248
nudity,16,up_blocks.2.attentions.0.transformer_blocks.0.attn2.to_k.weight,10,0.5,0.9031107425689697,0.04513804242014885,8.097505997284316e-06,0.17463330924510956
nudity,16,up_blocks.2.attentions.0.transformer_blocks.0.attn2.to_k.weight,11,0.5,0.903106689453125,0.04512376710772514,8.490568689012434e-06,0.17459504306316376
nudity,16,up_blocks.2.attentions.0.transformer_blocks.0.attn2.to_k.weight,12,0.5,0.9031779170036316,0.04514067620038986,7.561083748441888e-06,0.17461752891540527
nudity,16,up_blocks.2.attentions.0.transformer_blocks.0.attn2.to_k.weight,13,0.5,0.9030619263648987,0.0451258085668087,8.086513844318688e-06,0.17457999289035797
nudity,16,up_blocks.2.attentions.0.transformer_blocks.0.attn2.to_k.weight,14,0.5,0.9031575322151184,0.045131877064704895,8.798725502856541e-06,0.17461031675338745
nudity,16,up_blocks.2.attentions.0.transformer_blocks.0.attn2.to_k.weight,15,0.5,0.9030598998069763,0.04512957111001015,7.709652891207952e-06,0.17455540597438812
nudity,16,up_blocks.2.attentions.0.transformer_blocks.0.attn2.to_k.weight,16,0.5,0.9032043218612671,0.045143719762563705,7.722510417806916e-06,0.17467275261878967
nudity,16,up_blocks.2.attentions.0.transformer_blocks.0.attn2.to_v.weight,1,0.5,0.9121338129043579,0.03644905239343643,0.0001418736792402342,0.14580294489860535
nudity,16,up_blocks.2.attentions.0.transformer_blocks.0.attn2.to_v.weight,2,0.5,0.9121927618980408,0.03645132854580879,1.1577367331483401e-05,0.14575687050819397
nudity,16,up_blocks.2.attentions.0.transformer_blocks.0.attn2.to_v.weight,3,0.5,0.9119954705238342,0.03646096959710121,8.267160410468932e-06,0.1458759754896164
nudity,16,up_blocks.2.attentions.0.transformer_blocks.0.attn2.to_v.weight,4,0.5,0.9120401740074158,0.036459289491176605,7.875382834754419e-06,0.14577534794807434
nudity,16,up_blocks.2.attentions.0.transformer_blocks.0.attn2.to_v.weight,5,0.5,0.912036120891571,0.0364709347486496,7.802766958775464e-06,0.1458226591348648
nudity,16,up_blocks.2.attentions.0.transformer_blocks.0.attn2.to_v.weight,6,0.5,0.9121236205101013,0.036468178033828735,7.281988928298233e-06,0.14583508670330048
nudity,16,up_blocks.2.attentions.0.transformer_blocks.0.attn2.to_v.weight,7,0.5,0.911877453327179,0.03647163510322571,7.329765594477067e-06,0.14584589004516602
nudity,16,up_blocks.2.attentions.0.transformer_blocks.0.attn2.to_v.weight,8,0.5,0.912066638469696,0.036469679325819016,7.3890937528631184e-06,0.1458052098751068
nudity,16,up_blocks.2.attentions.0.transformer_blocks.0.attn2.to_v.weight,9,0.5,0.9120259881019592,0.036474063992500305,6.87325746184797e-06,0.14584611356258392
nudity,16,up_blocks.2.attentions.0.transformer_blocks.0.attn2.to_v.weight,10,0.5,0.9120565056800842,0.03646572306752205,7.194176760094706e-06,0.14580245316028595
nudity,16,up_blocks.2.attentions.0.transformer_blocks.0.attn2.to_v.weight,11,0.5,0.9120320677757263,0.03647449612617493,7.296195235539926e-06,0.14583374559879303
nudity,16,up_blocks.2.attentions.0.transformer_blocks.0.attn2.to_v.weight,12,0.5,0.9120523929595947,0.03647167608141899,6.75453611620469e-06,0.14583900570869446
nudity,16,up_blocks.2.attentions.0.transformer_blocks.0.attn2.to_v.weight,13,0.5,0.9120015501976013,0.0364733561873436,7.3152914410457015e-06,0.14583347737789154
nudity,16,up_blocks.2.attentions.0.transformer_blocks.0.attn2.to_v.weight,14,0.5,0.9121114015579224,0.036472875624895096,7.4696081355796196e-06,0.1458158642053604
nudity,16,up_blocks.2.attentions.0.transformer_blocks.0.attn2.to_v.weight,15,0.5,0.9119465947151184,0.03647271916270256,6.607446721318411e-06,0.14589032530784607
nudity,16,up_blocks.2.attentions.0.transformer_blocks.0.attn2.to_v.weight,16,0.5,0.9120585322380066,0.036467552185058594,7.195190391939832e-06,0.1457797735929489
nudity,16,up_blocks.2.attentions.1.transformer_blocks.0.attn2.to_k.weight,1,0.5,0.9067830443382263,0.04944350942969322,0.0001630613551242277,0.1717536300420761
nudity,16,up_blocks.2.attentions.1.transformer_blocks.0.attn2.to_k.weight,2,0.5,0.9069661498069763,0.04947035759687424,1.669378616497852e-05,0.17161241173744202
nudity,16,up_blocks.2.attentions.1.transformer_blocks.0.attn2.to_k.weight,3,0.5,0.9069803953170776,0.0494464673101902,1.2800557669834234e-05,0.1716960370540619
nudity,16,up_blocks.2.attentions.1.transformer_blocks.0.attn2.to_k.weight,4,0.5,0.9070394039154053,0.04944918677210808,1.2198754120618105e-05,0.17162449657917023
nudity,16,up_blocks.2.attentions.1.transformer_blocks.0.attn2.to_k.weight,5,0.5,0.9070109128952026,0.04945584759116173,1.2960094863956328e-05,0.1716407686471939
nudity,16,up_blocks.2.attentions.1.transformer_blocks.0.attn2.to_k.weight,6,0.5,0.907116711139679,0.04944799467921257,1.1865149645018391e-05,0.17162348330020905
nudity,16,up_blocks.2.attentions.1.transformer_blocks.0.attn2.to_k.weight,7,0.5,0.9069010615348816,0.049447234719991684,1.2066940143995453e-05,0.1716768890619278
nudity,16,up_blocks.2.attentions.1.transformer_blocks.0.attn2.to_k.weight,8,0.5,0.9070495367050171,0.04946451261639595,1.2248419807292521e-05,0.17163318395614624
nudity,16,up_blocks.2.attentions.1.transformer_blocks.0.attn2.to_k.weight,9,0.5,0.9070678949356079,0.04944993928074837,1.210765458381502e-05,0.17166605591773987
nudity,16,up_blocks.2.attentions.1.transformer_blocks.0.attn2.to_k.weight,10,0.5,0.9069905877113342,0.04945820942521095,1.1745867595891468e-05,0.17158761620521545
nudity,16,up_blocks.2.attentions.1.transformer_blocks.0.attn2.to_k.weight,11,0.5,0.9069722294807434,0.04945797845721245,1.2397428690746892e-05,0.17171993851661682
nudity,16,up_blocks.2.attentions.1.transformer_blocks.0.attn2.to_k.weight,12,0.5,0.9070942997932434,0.04945264756679535,1.156281814473914e-05,0.17160722613334656
nudity,16,up_blocks.2.attentions.1.transformer_blocks.0.attn2.to_k.weight,13,0.5,0.906964123249054,0.049452707171440125,1.1896885553142056e-05,0.17167112231254578
nudity,16,up_blocks.2.attentions.1.transformer_blocks.0.attn2.to_k.weight,14,0.5,0.9070454835891724,0.0494643934071064,1.2756934665958397e-05,0.1716330647468567
nudity,16,up_blocks.2.attentions.1.transformer_blocks.0.attn2.to_k.weight,15,0.5,0.9070068597793579,0.04945060983300209,1.1699879905791022e-05,0.1716565638780594
nudity,16,up_blocks.2.attentions.1.transformer_blocks.0.attn2.to_k.weight,16,0.5,0.907025158405304,0.049450621008872986,1.1365631507942453e-05,0.17163318395614624
nudity,16,up_blocks.2.attentions.1.transformer_blocks.0.attn2.to_v.weight,1,0.5,0.9103332757949829,0.04423316568136215,9.905774641083553e-05,0.14947576820850372
nudity,16,up_blocks.2.attentions.1.transformer_blocks.0.attn2.to_v.weight,2,0.5,0.9104980230331421,0.044206585735082626,1.0904899681918323e-05,0.14937816560268402
nudity,16,up_blocks.2.attentions.1.transformer_blocks.0.attn2.to_v.weight,3,0.5,0.9101908206939697,0.0442015677690506,7.679731425014324e-06,0.14935749769210815
nudity,16,up_blocks.2.attentions.1.transformer_blocks.0.attn2.to_v.weight,4,0.5,0.9102681279182434,0.04420289024710655,6.928584753040923e-06,0.14936085045337677
nudity,16,up_blocks.2.attentions.1.transformer_blocks.0.attn2.to_v.weight,5,0.5,0.9101623296737671,0.044213324785232544,6.864901934022782e-06,0.1493457406759262
nudity,16,up_blocks.2.attentions.1.transformer_blocks.0.attn2.to_v.weight,6,0.5,0.910137951374054,0.0441986583173275,6.5790741246019024e-06,0.14934782683849335
nudity,16,up_blocks.2.attentions.1.transformer_blocks.0.attn2.to_v.weight,7,0.5,0.9102864861488342,0.04421822354197502,6.67926997266477e-06,0.14938390254974365
nudity,16,up_blocks.2.attentions.1.transformer_blocks.0.attn2.to_v.weight,8,0.5,0.910260021686554,0.04419659450650215,6.249220859899651e-06,0.14925555884838104
nudity,16,up_blocks.2.attentions.1.transformer_blocks.0.attn2.to_v.weight,9,0.5,0.9101928472518921,0.044196974486112595,6.143202426756034e-06,0.14940406382083893
nudity,16,up_blocks.2.attentions.1.transformer_blocks.0.attn2.to_v.weight,10,0.5,0.91021728515625,0.044211246073246,6.332874363579322e-06,0.14933109283447266
nudity,16,up_blocks.2.attentions.1.transformer_blocks.0.attn2.to_v.weight,11,0.5,0.910174548625946,0.044209688901901245,6.399829544534441e-06,0.1492965668439865
nudity,16,up_blocks.2.attentions.1.transformer_blocks.0.attn2.to_v.weight,12,0.5,0.9102274775505066,0.04420045390725136,6.069915798434522e-06,0.14933712780475616
nudity,16,up_blocks.2.attentions.1.transformer_blocks.0.attn2.to_v.weight,13,0.5,0.9102681279182434,0.044218458235263824,6.247167675610399e-06,0.14940156042575836
nudity,16,up_blocks.2.attentions.1.transformer_blocks.0.attn2.to_v.weight,14,0.5,0.9102681279182434,0.04419946298003197,6.6165234784421045e-06,0.14927715063095093
nudity,16,up_blocks.2.attentions.1.transformer_blocks.0.attn2.to_v.weight,15,0.5,0.9102579951286316,0.04420537129044533,5.703171154891606e-06,0.1493527740240097
nudity,16,up_blocks.2.attentions.1.transformer_blocks.0.attn2.to_v.weight,16,0.5,0.910247802734375,0.044211674481630325,6.180491254781373e-06,0.14934225380420685
nudity,16,up_blocks.2.attentions.2.transformer_blocks.0.attn2.to_k.weight,1,0.5,0.9063354730606079,0.049898598343133926,0.00016560898802708834,0.1725013107061386
nudity,16,up_blocks.2.attentions.2.transformer_blocks.0.attn2.to_k.weight,2,0.5,0.906414806842804,0.04993131756782532,1.814016832213383e-05,0.17257346212863922
nudity,16,up_blocks.2.attentions.2.transformer_blocks.0.attn2.to_k.weight,3,0.5,0.9063130617141724,0.049888428300619125,1.2616781532415189e-05,0.17244884371757507
nudity,16,up_blocks.2.attentions.2.transformer_blocks.0.attn2.to_k.weight,4,0.5,0.9065612554550171,0.049904245883226395,9.706880518933758e-06,0.17257216572761536
nudity,16,up_blocks.2.attentions.2.transformer_blocks.0.attn2.to_k.weight,5,0.5,0.9063333868980408,0.04991845414042473,1.2254866305738688e-05,0.17249120771884918
nudity,16,up_blocks.2.attentions.2.transformer_blocks.0.attn2.to_k.weight,6,0.5,0.9066101312637329,0.049886271357536316,1.0815581845236011e-05,0.17246827483177185
nudity,16,up_blocks.2.attentions.2.transformer_blocks.0.attn2.to_k.weight,7,0.5,0.9063923954963684,0.0498974584043026,8.978274308901746e-06,0.17244522273540497
nudity,16,up_blocks.2.attentions.2.transformer_blocks.0.attn2.to_k.weight,8,0.5,0.9064615964889526,0.04991486296057701,1.1388378879928496e-05,0.17252568900585175
nudity,16,up_blocks.2.attentions.2.transformer_blocks.0.attn2.to_k.weight,9,0.5,0.9063354730606079,0.04989079385995865,1.0229287909169216e-05,0.17243334650993347
nudity,16,up_blocks.2.attentions.2.transformer_blocks.0.attn2.to_k.weight,10,0.5,0.9065409302711487,0.049890827387571335,8.67639209900517e-06,0.1725316345691681
nudity,16,up_blocks.2.attentions.2.transformer_blocks.0.attn2.to_k.weight,11,0.5,0.9063374996185303,0.049925778061151505,1.14028989628423e-05,0.17251288890838623
nudity,16,up_blocks.2.attentions.2.transformer_blocks.0.attn2.to_k.weight,12,0.5,0.9065389037132263,0.04987088218331337,1.0035527338914108e-05,0.17242653667926788
nudity,16,up_blocks.2.attentions.2.transformer_blocks.0.attn2.to_k.weight,13,0.5,0.906445324420929,0.049910154193639755,8.725256520847324e-06,0.17251288890838623
nudity,16,up_blocks.2.attentions.2.transformer_blocks.0.attn2.to_k.weight,14,0.5,0.9064961671829224,0.049916286021471024,1.1385654033801984e-05,0.17253951728343964
nudity,16,up_blocks.2.attentions.2.transformer_blocks.0.attn2.to_k.weight,15,0.5,0.9063720703125,0.04988210275769234,9.84973939921474e-06,0.1724141538143158
nudity,16,up_blocks.2.attentions.2.transformer_blocks.0.attn2.to_k.weight,16,0.5,0.9065470099449158,0.0499032624065876,8.483634701406118e-06,0.1725281924009323
nudity,16,up_blocks.2.attentions.2.transformer_blocks.0.attn2.to_v.weight,1,0.5,0.9117676019668579,0.042957011610269547,8.432319009443745e-05,0.14408309757709503
nudity,16,up_blocks.2.attentions.2.transformer_blocks.0.attn2.to_v.weight,2,0.5,0.9119893312454224,0.042944639921188354,8.3993418229511e-06,0.1439869999885559
nudity,16,up_blocks.2.attentions.2.transformer_blocks.0.attn2.to_v.weight,3,0.5,0.9120991826057434,0.042943745851516724,5.537678589462303e-06,0.14395545423030853
nudity,16,up_blocks.2.attentions.2.transformer_blocks.0.attn2.to_v.weight,4,0.5,0.9120931029319763,0.04292048141360283,4.916499619866954e-06,0.1438416689634323
nudity,16,up_blocks.2.attentions.2.transformer_blocks.0.attn2.to_v.weight,5,0.5,0.9122294187545776,0.04295840486884117,4.807145614904584e-06,0.1439555436372757
nudity,16,up_blocks.2.attentions.2.transformer_blocks.0.attn2.to_v.weight,6,0.5,0.9121500849723816,0.04293662682175636,4.659358637582045e-06,0.14388053119182587
nudity,16,up_blocks.2.attentions.2.transformer_blocks.0.attn2.to_v.weight,7,0.5,0.912036120891571,0.042938292026519775,4.549041022983147e-06,0.1439172774553299
nudity,16,up_blocks.2.attentions.2.transformer_blocks.0.attn2.to_v.weight,8,0.5,0.9122579097747803,0.04293619096279144,4.259320576238679e-06,0.14386819303035736
nudity,16,up_blocks.2.attentions.2.transformer_blocks.0.attn2.to_v.weight,9,0.5,0.91217041015625,0.04294288903474808,4.12891404266702e-06,0.14396028220653534
nudity,16,up_blocks.2.attentions.2.transformer_blocks.0.attn2.to_v.weight,10,0.5,0.9122212529182434,0.042925894260406494,4.446330876817228e-06,0.1438709795475006
nudity,16,up_blocks.2.attentions.2.transformer_blocks.0.attn2.to_v.weight,11,0.5,0.912097156047821,0.04295240342617035,4.568109943647869e-06,0.14396503567695618
nudity,16,up_blocks.2.attentions.2.transformer_blocks.0.attn2.to_v.weight,12,0.5,0.9122049808502197,0.04292917624115944,3.999443379143486e-06,0.14388272166252136
nudity,16,up_blocks.2.attentions.2.transformer_blocks.0.attn2.to_v.weight,13,0.5,0.912139892578125,0.042936112731695175,4.191264906694414e-06,0.14391835033893585
nudity,16,up_blocks.2.attentions.2.transformer_blocks.0.attn2.to_v.weight,14,0.5,0.9121785759925842,0.0429379865527153,4.760187493957346e-06,0.14390848577022552
nudity,16,up_blocks.2.attentions.2.transformer_blocks.0.attn2.to_v.weight,15,0.5,0.9122884273529053,0.04294443875551224,4.1255480027757585e-06,0.1439071148633957
nudity,16,up_blocks.2.attentions.2.transformer_blocks.0.attn2.to_v.weight,16,0.5,0.912139892578125,0.04291978105902672,4.120042376598576e-06,0.14388172328472137
nudity,16,up_blocks.3.attentions.0.transformer_blocks.0.attn2.to_k.weight,1,0.5,0.871081531047821,0.09426064789295197,0.00028309275512583554,0.22666706144809723
nudity,16,up_blocks.3.attentions.0.transformer_blocks.0.attn2.to_k.weight,2,0.5,0.8718668818473816,0.09413216263055801,3.857799674733542e-05,0.22627174854278564
nudity,16,up_blocks.3.attentions.0.transformer_blocks.0.attn2.to_k.weight,3,0.5,0.8716593384742737,0.09416764229536057,2.6388765036244877e-05,0.22650639712810516
nudity,16,up_blocks.3.attentions.0.transformer_blocks.0.attn2.to_k.weight,4,0.5,0.8722249269485474,0.09415437281131744,2.313397271791473e-05,0.22642329335212708
nudity,16,up_blocks.3.attentions.0.transformer_blocks.0.attn2.to_k.weight,5,0.5,0.8715983033180237,0.0942472442984581,2.3142707505030558e-05,0.2267054319381714
nudity,16,up_blocks.3.attentions.0.transformer_blocks.0.attn2.to_k.weight,6,0.5,0.8726969361305237,0.09409527480602264,2.699721335375216e-05,0.22642092406749725
nudity,16,up_blocks.3.attentions.0.transformer_blocks.0.attn2.to_k.weight,7,0.5,0.8719482421875,0.09422564506530762,2.4792672775220126e-05,0.2264842987060547
nudity,16,up_blocks.3.attentions.0.transformer_blocks.0.attn2.to_k.weight,8,0.5,0.872424304485321,0.09415890276432037,2.2636702851741575e-05,0.2263786494731903
nudity,16,up_blocks.3.attentions.0.transformer_blocks.0.attn2.to_k.weight,9,0.5,0.8720743656158447,0.09419448673725128,2.0687130017904565e-05,0.22657231986522675
nudity,16,up_blocks.3.attentions.0.transformer_blocks.0.attn2.to_k.weight,10,0.5,0.8721028566360474,0.09420310705900192,2.1117903088452294e-05,0.2263713926076889
nudity,16,up_blocks.3.attentions.0.transformer_blocks.0.attn2.to_k.weight,11,0.5,0.8719441890716553,0.09426509588956833,2.771369690890424e-05,0.22678424417972565
nudity,16,up_blocks.3.attentions.0.transformer_blocks.0.attn2.to_k.weight,12,0.5,0.8726033568382263,0.09411805868148804,2.2774775061407126e-05,0.22631609439849854
nudity,16,up_blocks.3.attentions.0.transformer_blocks.0.attn2.to_k.weight,13,0.5,0.8719767332077026,0.09423530846834183,2.2521229766425677e-05,0.22654716670513153
nudity,16,up_blocks.3.attentions.0.transformer_blocks.0.attn2.to_k.weight,14,0.5,0.8722208738327026,0.09417350590229034,2.3050648451317102e-05,0.22638161480426788
nudity,16,up_blocks.3.attentions.0.transformer_blocks.0.attn2.to_k.weight,15,0.5,0.8718546628952026,0.09419533610343933,1.9228622477385215e-05,0.22659656405448914
nudity,16,up_blocks.3.attentions.0.transformer_blocks.0.attn2.to_k.weight,16,0.5,0.8726033568382263,0.09419240057468414,2.57384599535726e-05,0.22647994756698608
nudity,16,up_blocks.3.attentions.0.transformer_blocks.0.attn2.to_v.weight,1,0.5,0.9089314937591553,0.054923444986343384,4.210769839119166e-05,0.15973572432994843
nudity,16,up_blocks.3.attentions.0.transformer_blocks.0.attn2.to_v.weight,2,0.5,0.9090616703033447,0.054765235632658005,9.223694178217556e-06,0.15939685702323914
nudity,16,up_blocks.3.attentions.0.transformer_blocks.0.attn2.to_v.weight,3,0.5,0.909423828125,0.05483844131231308,6.829934591223719e-06,0.15956126153469086
nudity,16,up_blocks.3.attentions.0.transformer_blocks.0.attn2.to_v.weight,4,0.5,0.9091715216636658,0.05472419038414955,6.329676580207888e-06,0.15947245061397552
nudity,16,up_blocks.3.attentions.0.transformer_blocks.0.attn2.to_v.weight,5,0.5,0.9090901613235474,0.05492287129163742,6.418525572371436e-06,0.15953338146209717
nudity,16,up_blocks.3.attentions.0.transformer_blocks.0.attn2.to_v.weight,6,0.5,0.909436047077179,0.054757703095674515,6.186518021422671e-06,0.15955716371536255
nudity,16,up_blocks.3.attentions.0.transformer_blocks.0.attn2.to_v.weight,7,0.5,0.9090250730514526,0.05487881600856781,6.0100505834270734e-06,0.15961875021457672
nudity,16,up_blocks.3.attentions.0.transformer_blocks.0.attn2.to_v.weight,8,0.5,0.909069836139679,0.05478975921869278,5.970233814878156e-06,0.1593690812587738
nudity,16,up_blocks.3.attentions.0.transformer_blocks.0.attn2.to_v.weight,9,0.5,0.9094035029411316,0.054847635328769684,5.9231269915471785e-06,0.15961290895938873
nudity,16,up_blocks.3.attentions.0.transformer_blocks.0.attn2.to_v.weight,10,0.5,0.9093220829963684,0.05472312122583389,6.147266503830906e-06,0.1594552993774414
nudity,16,up_blocks.3.attentions.0.transformer_blocks.0.attn2.to_v.weight,11,0.5,0.908923327922821,0.054916735738515854,6.079736976971617e-06,0.15946191549301147
nudity,16,up_blocks.3.attentions.0.transformer_blocks.0.attn2.to_v.weight,12,0.5,0.9092935919761658,0.05474860593676567,5.690596026397543e-06,0.1594175398349762
nudity,16,up_blocks.3.attentions.0.transformer_blocks.0.attn2.to_v.weight,13,0.5,0.9092814326286316,0.05488798767328262,5.959373083896935e-06,0.1597069501876831
nudity,16,up_blocks.3.attentions.0.transformer_blocks.0.attn2.to_v.weight,14,0.5,0.908935546875,0.054776258766651154,6.374122676788829e-06,0.1593356877565384
nudity,16,up_blocks.3.attentions.0.transformer_blocks.0.attn2.to_v.weight,15,0.5,0.9095174074172974,0.05483238771557808,5.696621428796789e-06,0.15946197509765625
nudity,16,up_blocks.3.attentions.0.transformer_blocks.0.attn2.to_v.weight,16,0.5,0.9091796875,0.05476108565926552,5.757497547165258e-06,0.1595732420682907
nudity,16,up_blocks.3.attentions.1.transformer_blocks.0.attn2.to_k.weight,1,0.5,0.8709472417831421,0.08908934891223907,0.0002869026502594352,0.24540863931179047
nudity,16,up_blocks.3.attentions.1.transformer_blocks.0.attn2.to_k.weight,2,0.5,0.8712361454963684,0.08914118260145187,3.126462979707867e-05,0.24518904089927673
nudity,16,up_blocks.3.attentions.1.transformer_blocks.0.attn2.to_k.weight,3,0.5,0.8713460564613342,0.08909497410058975,2.1738745999755338e-05,0.24494092166423798
nudity,16,up_blocks.3.attentions.1.transformer_blocks.0.attn2.to_k.weight,4,0.5,0.871289074420929,0.08909542858600616,1.9091790818492882e-05,0.2450132519006729
nudity,16,up_blocks.3.attentions.1.transformer_blocks.0.attn2.to_k.weight,5,0.5,0.8714599609375,0.08912843465805054,1.9042303392780013e-05,0.24513748288154602
nudity,16,up_blocks.3.attentions.1.transformer_blocks.0.attn2.to_k.weight,6,0.5,0.8715617060661316,0.08907030522823334,1.741330743243452e-05,0.2450675666332245
nudity,16,up_blocks.3.attentions.1.transformer_blocks.0.attn2.to_k.weight,7,0.5,0.8714640140533447,0.08910638093948364,1.7811245925258845e-05,0.24523358047008514
nudity,16,up_blocks.3.attentions.1.transformer_blocks.0.attn2.to_k.weight,8,0.5,0.871777355670929,0.08910944312810898,1.795772732293699e-05,0.245144784450531
nudity,16,up_blocks.3.attentions.1.transformer_blocks.0.attn2.to_k.weight,9,0.5,0.8716064691543579,0.08911275863647461,1.6681236957083456e-05,0.24510638415813446
nudity,16,up_blocks.3.attentions.1.transformer_blocks.0.attn2.to_k.weight,10,0.5,0.8716837763786316,0.0890866369009018,1.729718678689096e-05,0.24514414370059967
nudity,16,up_blocks.3.attentions.1.transformer_blocks.0.attn2.to_k.weight,11,0.5,0.8716675043106079,0.08912594616413116,1.7661459423834458e-05,0.24512211978435516
nudity,16,up_blocks.3.attentions.1.transformer_blocks.0.attn2.to_k.weight,12,0.5,0.8719034790992737,0.08908850699663162,1.6406624126830138e-05,0.24514852464199066
nudity,16,up_blocks.3.attentions.1.transformer_blocks.0.attn2.to_k.weight,13,0.5,0.8716064691543579,0.08909472823143005,1.7355767340632156e-05,0.24525584280490875
nudity,16,up_blocks.3.attentions.1.transformer_blocks.0.attn2.to_k.weight,14,0.5,0.8717081546783447,0.08912888169288635,1.8618651665747166e-05,0.2450430989265442
nudity,16,up_blocks.3.attentions.1.transformer_blocks.0.attn2.to_k.weight,15,0.5,0.871826171875,0.08907455950975418,1.6182446415768936e-05,0.24514222145080566
nudity,16,up_blocks.3.attentions.1.transformer_blocks.0.attn2.to_k.weight,16,0.5,0.8717488646507263,0.08909164369106293,1.639812944631558e-05,0.2451622486114502
nudity,16,up_blocks.3.attentions.1.transformer_blocks.0.attn2.to_v.weight,1,0.5,0.90771484375,0.049280304461717606,5.478709499584511e-05,0.15294255316257477
nudity,16,up_blocks.3.attentions.1.transformer_blocks.0.attn2.to_v.weight,2,0.5,0.9090901613235474,0.04918089881539345,9.841871360549703e-06,0.15295229852199554
nudity,16,up_blocks.3.attentions.1.transformer_blocks.0.attn2.to_v.weight,3,0.5,0.908032238483429,0.049227818846702576,7.288023880391847e-06,0.15276136994361877
nudity,16,up_blocks.3.attentions.1.transformer_blocks.0.attn2.to_v.weight,4,0.5,0.908801257610321,0.04921848699450493,7.29131852494902e-06,0.15275387465953827
nudity,16,up_blocks.3.attentions.1.transformer_blocks.0.attn2.to_v.weight,5,0.5,0.9079671502113342,0.04927185922861099,7.232234565890394e-06,0.15274983644485474
nudity,16,up_blocks.3.attentions.1.transformer_blocks.0.attn2.to_v.weight,6,0.5,0.9090250730514526,0.049170952290296555,6.507187208626419e-06,0.15278425812721252
nudity,16,up_blocks.3.attentions.1.transformer_blocks.0.attn2.to_v.weight,7,0.5,0.9078938961029053,0.04927949234843254,7.037738214421552e-06,0.15280292928218842
nudity,16,up_blocks.3.attentions.1.transformer_blocks.0.attn2.to_v.weight,8,0.5,0.9090779423713684,0.04919243976473808,6.73379599902546e-06,0.1528133600950241
nudity,16,up_blocks.3.attentions.1.transformer_blocks.0.attn2.to_v.weight,9,0.5,0.9078572392463684,0.0492701381444931,6.3714023781358264e-06,0.15267373621463776
nudity,16,up_blocks.3.attentions.1.transformer_blocks.0.attn2.to_v.weight,10,0.5,0.9087280035018921,0.04920116811990738,6.988463155721547e-06,0.15281400084495544
nudity,16,up_blocks.3.attentions.1.transformer_blocks.0.attn2.to_v.weight,11,0.5,0.908129870891571,0.04927835240960121,6.715770268783672e-06,0.1526712328195572
nudity,16,up_blocks.3.attentions.1.transformer_blocks.0.attn2.to_v.weight,12,0.5,0.9086548089981079,0.04919404536485672,6.031818884366658e-06,0.15280766785144806
nudity,16,up_blocks.3.attentions.1.transformer_blocks.0.attn2.to_v.weight,13,0.5,0.9079182744026184,0.0492769218981266,7.027284027572023e-06,0.15276481211185455
nudity,16,up_blocks.3.attentions.1.transformer_blocks.0.attn2.to_v.weight,14,0.5,0.908923327922821,0.049204420298337936,7.071170330164023e-06,0.15269145369529724
nudity,16,up_blocks.3.attentions.1.transformer_blocks.0.attn2.to_v.weight,15,0.5,0.9079671502113342,0.04924658313393593,6.16711122347624e-06,0.1526934802532196
nudity,16,up_blocks.3.attentions.1.transformer_blocks.0.attn2.to_v.weight,16,0.5,0.90869140625,0.04921623319387436,6.655056495219469e-06,0.15282149612903595
nudity,16,up_blocks.3.attentions.2.transformer_blocks.0.attn2.to_k.weight,1,0.5,0.873913586139679,0.08718118071556091,0.0002645806525833905,0.23781631886959076
nudity,16,up_blocks.3.attentions.2.transformer_blocks.0.attn2.to_k.weight,2,0.5,0.873950183391571,0.08716564625501633,3.083345654886216e-05,0.2375885248184204
nudity,16,up_blocks.3.attentions.2.transformer_blocks.0.attn2.to_k.weight,3,0.5,0.8739095330238342,0.08720193803310394,2.1794554413645528e-05,0.23782189190387726
nudity,16,up_blocks.3.attentions.2.transformer_blocks.0.attn2.to_k.weight,4,0.5,0.8737467527389526,0.08720505982637405,1.9808419892797247e-05,0.2375800609588623
nudity,16,up_blocks.3.attentions.2.transformer_blocks.0.attn2.to_k.weight,5,0.5,0.8738606572151184,0.08726976811885834,2.008239425776992e-05,0.238066628575325
nudity,16,up_blocks.3.attentions.2.transformer_blocks.0.attn2.to_k.weight,6,0.5,0.8740519285202026,0.08715566992759705,1.9354136384208687e-05,0.2376294583082199
nudity,16,up_blocks.3.attentions.2.transformer_blocks.0.attn2.to_k.weight,7,0.5,0.873779296875,0.0872703418135643,2.019504245254211e-05,0.23802044987678528
nudity,16,up_blocks.3.attentions.2.transformer_blocks.0.attn2.to_k.weight,8,0.5,0.8737385869026184,0.08718863874673843,1.9204477212042548e-05,0.23788149654865265
nudity,16,up_blocks.3.attentions.2.transformer_blocks.0.attn2.to_k.weight,9,0.5,0.8737833499908447,0.08726570755243301,1.8076101696351543e-05,0.2379603385925293
nudity,16,up_blocks.3.attentions.2.transformer_blocks.0.attn2.to_k.weight,10,0.5,0.873779296875,0.08714774250984192,1.9212191546102986e-05,0.23751699924468994
nudity,16,up_blocks.3.attentions.2.transformer_blocks.0.attn2.to_k.weight,11,0.5,0.8739258050918579,0.08728019148111343,1.9776301996898837e-05,0.23809096217155457
nudity,16,up_blocks.3.attentions.2.transformer_blocks.0.attn2.to_k.weight,12,0.5,0.8739095330238342,0.08716213703155518,1.8085094779962674e-05,0.23771987855434418
nudity,16,up_blocks.3.attentions.2.transformer_blocks.0.attn2.to_k.weight,13,0.5,0.8736002445220947,0.08728315681219101,1.9083852748735808e-05,0.23823577165603638
nudity,16,up_blocks.3.attentions.2.transformer_blocks.0.attn2.to_k.weight,14,0.5,0.8740316033363342,0.08719851821660995,2.0125065930187702e-05,0.23774410784244537
nudity,16,up_blocks.3.attentions.2.transformer_blocks.0.attn2.to_k.weight,15,0.5,0.8738932013511658,0.08720356225967407,1.7921853213920258e-05,0.2380472719669342
nudity,16,up_blocks.3.attentions.2.transformer_blocks.0.attn2.to_k.weight,16,0.5,0.8738566040992737,0.08718624711036682,1.8216031094198115e-05,0.23763328790664673
nudity,16,up_blocks.3.attentions.2.transformer_blocks.0.attn2.to_v.weight,1,0.5,0.903759777545929,0.054762549698352814,5.418894943431951e-05,0.15135887265205383
nudity,16,up_blocks.3.attentions.2.transformer_blocks.0.attn2.to_v.weight,2,0.5,0.9032958745956421,0.054785750806331635,1.0227231541648507e-05,0.1515149474143982
nudity,16,up_blocks.3.attentions.2.transformer_blocks.0.attn2.to_v.weight,3,0.5,0.9038167595863342,0.05478549748659134,7.692256986047141e-06,0.1515469253063202
nudity,16,up_blocks.3.attentions.2.transformer_blocks.0.attn2.to_v.weight,4,0.5,0.9035400152206421,0.054778777062892914,7.0325122578651644e-06,0.15142853558063507
nudity,16,up_blocks.3.attentions.2.transformer_blocks.0.attn2.to_v.weight,5,0.5,0.904064953327179,0.05484538897871971,7.273145911312895e-06,0.1515216827392578
nudity,16,up_blocks.3.attentions.2.transformer_blocks.0.attn2.to_v.weight,6,0.5,0.9038493037223816,0.054769642651081085,6.7475816649675835e-06,0.15146082639694214
nudity,16,up_blocks.3.attentions.2.transformer_blocks.0.attn2.to_v.weight,7,0.5,0.9035929441452026,0.05489826574921608,6.730582754244097e-06,0.15150660276412964
nudity,16,up_blocks.3.attentions.2.transformer_blocks.0.attn2.to_v.weight,8,0.5,0.9034383296966553,0.05482182651758194,6.742247478541685e-06,0.15147468447685242
nudity,16,up_blocks.3.attentions.2.transformer_blocks.0.attn2.to_v.weight,9,0.5,0.9039632081985474,0.05482162535190582,6.700584435748169e-06,0.15155021846294403
nudity,16,up_blocks.3.attentions.2.transformer_blocks.0.attn2.to_v.weight,10,0.5,0.9035969972610474,0.054831042885780334,6.793484317313414e-06,0.15134738385677338
nudity,16,up_blocks.3.attentions.2.transformer_blocks.0.attn2.to_v.weight,11,0.5,0.903698742389679,0.05490327998995781,6.80226958138519e-06,0.15152481198310852
nudity,16,up_blocks.3.attentions.2.transformer_blocks.0.attn2.to_v.weight,12,0.5,0.9036010503768921,0.05479239672422409,6.305890565272421e-06,0.15152378380298615
nudity,16,up_blocks.3.attentions.2.transformer_blocks.0.attn2.to_v.weight,13,0.5,0.9039062261581421,0.05489949882030487,6.772915639885468e-06,0.15149632096290588
nudity,16,up_blocks.3.attentions.2.transformer_blocks.0.attn2.to_v.weight,14,0.5,0.9036865234375,0.05480721592903137,7.163462669268483e-06,0.15144531428813934
nudity,16,up_blocks.3.attentions.2.transformer_blocks.0.attn2.to_v.weight,15,0.5,0.903491199016571,0.0548410527408123,6.259814654185902e-06,0.1515216827392578
nudity,16,up_blocks.3.attentions.2.transformer_blocks.0.attn2.to_v.weight,16,0.5,0.9038126468658447,0.0548640713095665,6.370792107190937e-06,0.1514924317598343
nudity,16,mid_block.attentions.0.transformer_blocks.0.attn2.to_k.weight,1,0.5,0.9081715941429138,0.046110641211271286,0.00012424429587554187,0.17004574835300446
nudity,16,mid_block.attentions.0.transformer_blocks.0.attn2.to_k.weight,2,0.5,0.9080963134765625,0.04607563465833664,1.3093805137032177e-05,0.17004501819610596
nudity,16,mid_block.attentions.0.transformer_blocks.0.attn2.to_k.weight,3,0.5,0.9081400632858276,0.046084389090538025,9.682068593974691e-06,0.17015162110328674
nudity,16,mid_block.attentions.0.transformer_blocks.0.attn2.to_k.weight,4,0.5,0.9082265496253967,0.04609417915344238,9.791896445676684e-06,0.1700802892446518
nudity,16,mid_block.attentions.0.transformer_blocks.0.attn2.to_k.weight,5,0.5,0.9080800414085388,0.046106357127428055,9.324538041255437e-06,0.1701393872499466
nudity,16,mid_block.attentions.0.transformer_blocks.0.attn2.to_k.weight,6,0.5,0.9082224369049072,0.046102091670036316,7.441660272888839e-06,0.17003881931304932
nudity,16,mid_block.attentions.0.transformer_blocks.0.attn2.to_k.weight,7,0.5,0.908160388469696,0.046095047146081924,9.744769158714917e-06,0.1701447069644928
nudity,16,mid_block.attentions.0.transformer_blocks.0.attn2.to_k.weight,8,0.5,0.9081360101699829,0.04609650373458862,8.398540558118839e-06,0.1701412945985794
nudity,16,mid_block.attentions.0.transformer_blocks.0.attn2.to_k.weight,9,0.5,0.9082418084144592,0.04609408229589462,9.304393643105868e-06,0.1701144427061081
nudity,16,mid_block.attentions.0.transformer_blocks.0.attn2.to_k.weight,10,0.5,0.908221423625946,0.04609459638595581,9.127576049650088e-06,0.17010770738124847
nudity,16,mid_block.attentions.0.transformer_blocks.0.attn2.to_k.weight,11,0.5,0.9081451296806335,0.04610297456383705,7.619443749717902e-06,0.1701040267944336
nudity,16,mid_block.attentions.0.transformer_blocks.0.attn2.to_k.weight,12,0.5,0.9082244634628296,0.046081677079200745,9.312082511314657e-06,0.17007020115852356
nudity,16,mid_block.attentions.0.transformer_blocks.0.attn2.to_k.weight,13,0.5,0.9081644415855408,0.04610393941402435,8.706450898898765e-06,0.17015241086483002
nudity,16,mid_block.attentions.0.transformer_blocks.0.attn2.to_k.weight,14,0.5,0.9082010984420776,0.046096108853816986,9.306382708018646e-06,0.17009080946445465
nudity,16,mid_block.attentions.0.transformer_blocks.0.attn2.to_k.weight,15,0.5,0.9081675410270691,0.046092793345451355,8.585725481680129e-06,0.17013704776763916
nudity,16,mid_block.attentions.0.transformer_blocks.0.attn2.to_k.weight,16,0.5,0.9081451296806335,0.04610665142536163,7.7166032497189e-06,0.1700679063796997
nudity,16,mid_block.attentions.0.transformer_blocks.0.attn2.to_v.weight,1,0.5,0.9076090455055237,0.0443684346973896,0.00011042536789318547,0.16477027535438538
nudity,16,mid_block.attentions.0.transformer_blocks.0.attn2.to_v.weight,2,0.5,0.9078633785247803,0.044353123754262924,6.198138635227224e-06,0.1647539883852005
nudity,16,mid_block.attentions.0.transformer_blocks.0.attn2.to_v.weight,3,0.5,0.9077138304710388,0.044358883053064346,4.45289288109052e-06,0.1647396832704544
nudity,16,mid_block.attentions.0.transformer_blocks.0.attn2.to_v.weight,4,0.5,0.9077708125114441,0.0443495474755764,4.009745680377819e-06,0.1647195965051651
nudity,16,mid_block.attentions.0.transformer_blocks.0.attn2.to_v.weight,5,0.5,0.9078074097633362,0.044358428567647934,4.084713054908207e-06,0.1647137999534607
nudity,16,mid_block.attentions.0.transformer_blocks.0.attn2.to_v.weight,6,0.5,0.9078236818313599,0.04434368014335632,4.163687663094606e-06,0.16472861170768738
nudity,16,mid_block.attentions.0.transformer_blocks.0.attn2.to_v.weight,7,0.5,0.9077046513557434,0.04435806721448898,4.261876256350661e-06,0.16471362113952637
nudity,16,mid_block.attentions.0.transformer_blocks.0.attn2.to_v.weight,8,0.5,0.9078603386878967,0.04434390366077423,3.910985924449051e-06,0.16471219062805176
nudity,16,mid_block.attentions.0.transformer_blocks.0.attn2.to_v.weight,9,0.5,0.907757580280304,0.04436250403523445,3.836275027424563e-06,0.16472870111465454
nudity,16,mid_block.attentions.0.transformer_blocks.0.attn2.to_v.weight,10,0.5,0.9078389406204224,0.04435006529092789,3.9652109080634546e-06,0.16471625864505768
nudity,16,mid_block.attentions.0.transformer_blocks.0.attn2.to_v.weight,11,0.5,0.90771484375,0.044357724487781525,4.151008852204541e-06,0.16472600400447845
nudity,16,mid_block.attentions.0.transformer_blocks.0.attn2.to_v.weight,12,0.5,0.9078613519668579,0.04434101656079292,3.7543611597357085e-06,0.16471020877361298
nudity,16,mid_block.attentions.0.transformer_blocks.0.attn2.to_v.weight,13,0.5,0.9076456427574158,0.04435829445719719,3.983344413427403e-06,0.16472218930721283
nudity,16,mid_block.attentions.0.transformer_blocks.0.attn2.to_v.weight,14,0.5,0.9078989624977112,0.04435227811336517,4.322267614043085e-06,0.16474393010139465
nudity,16,mid_block.attentions.0.transformer_blocks.0.attn2.to_v.weight,15,0.5,0.9077829718589783,0.044356878846883774,3.7502948089240817e-06,0.16470886766910553
nudity,16,mid_block.attentions.0.transformer_blocks.0.attn2.to_v.weight,16,0.5,0.9077473878860474,0.044346656650304794,3.702866479216027e-06,0.16469673812389374
