editor,label,tensor,mean_abs_dW,recipe,n_draws,code_agreement,budget_ratio,frac_wider,edit_retention,craft_code_agreement,edit_survival,edit_fidelity,tail_energy
UCE,Gogh_s0.5,down_blocks.0.attentions.0.transformer_blocks.0.attn2.to_k.weight,0.0028526601381599903,w_only_int8,0,0.21485595405101776,1.0,0.0,,,0.9985207915306091,0.9850860834121704,
UCE,Gogh_s0.5,down_blocks.0.attentions.0.transformer_blocks.0.attn2.to_k.weight,0.0028526601381599903,smoothquant_a50,1,0.21456298232078552,1.0334268808364868,0.5881307125091553,0.2609701156616211,1.0,,,0.010241364128887653
UCE,Gogh_s0.5,down_blocks.0.attentions.0.transformer_blocks.0.attn2.to_k.weight,0.0028526601381599903,smoothquant_a50,4,0.21470845490694046,0.6410276889801025,0.17191162705421448,0.168544739484787,1.0,,,0.010241364128887653
UCE,Gogh_s0.5,down_blocks.0.attentions.0.transformer_blocks.0.attn2.to_k.weight,0.0028526601381599903,smoothquant_a50,16,0.21480153407901525,0.31775712966918945,0.08477376401424408,0.1097537949681282,1.0,,,0.010241364128887653
UCE,Gogh_s0.5,down_blocks.0.attentions.0.transformer_blocks.0.attn2.to_k.weight,0.0028526601381599903,smoothquant_a75,1,0.24216309189796448,1.254578948020935,0.8298095464706421,0.3116481602191925,1.0,,,0.010241364128887653
UCE,Gogh_s0.5,down_blocks.0.attentions.0.transformer_blocks.0.attn2.to_k.weight,0.0028526601381599903,smoothquant_a75,4,0.24204407259821892,0.8068327903747559,0.35641682147979736,0.2132451981306076,1.0,,,0.010241364128887653
UCE,Gogh_s0.5,down_blocks.0.attentions.0.transformer_blocks.0.attn2.to_k.weight,0.0028526601381599903,smoothquant_a75,16,0.24180704914033413,0.41390857100486755,0.17093099653720856,0.14343878626823425,1.0,,,0.010241364128887653
UCE,Gogh_s0.5,down_blocks.0.attentions.0.transformer_blocks.0.attn2.to_k.weight,0.0028526601381599903,smoothquant_a85,1,0.25922444462776184,1.419501543045044,0.8859700560569763,0.3407150208950043,1.0,,,0.010241364128887653
UCE,Gogh_s0.5,down_blocks.0.attentions.0.transformer_blocks.0.attn2.to_k.weight,0.0028526601381599903,smoothquant_a85,4,0.2579294890165329,0.9124557375907898,0.4426635801792145,0.2387658655643463,1.0,,,0.010241364128887653
UCE,Gogh_s0.5,down_blocks.0.attentions.0.transformer_blocks.0.attn2.to_k.weight,0.0028526601381599903,smoothquant_a85,16,0.2568430583924055,0.47776687145233154,0.22299398481845856,0.16357959806919098,1.0,,,0.010241364128887653
UCE,Gogh_s0.5,down_blocks.0.attentions.0.transformer_blocks.0.attn2.to_k.weight,0.0028526601381599903,awq_a50,1,0.23312173783779144,1.108756422996521,0.7773519158363342,0.28026053309440613,1.0,,,0.010241364128887653
UCE,Gogh_s0.5,down_blocks.0.attentions.0.transformer_blocks.0.attn2.to_k.weight,0.0028526601381599903,awq_a50,4,0.23293456807732582,0.7200736403465271,0.2616983950138092,0.18530362844467163,1.0,,,0.010241364128887653
UCE,Gogh_s0.5,down_blocks.0.attentions.0.transformer_blocks.0.attn2.to_k.weight,0.0028526601381599903,awq_a50,16,0.23283106368035078,0.35850703716278076,0.12237955629825592,0.12098333239555359,0.9999997466802597,,,0.010241364128887653
UCE,Gogh_s0.5,down_blocks.0.attentions.0.transformer_blocks.0.attn2.to_v.weight,0.0009296686621382833,w_only_int8,0,0.22640380263328552,1.0,0.0,,,0.9988459348678589,0.9824992418289185,
UCE,Gogh_s0.5,down_blocks.0.attentions.0.transformer_blocks.0.attn2.to_v.weight,0.0009296686621382833,smoothquant_a50,1,0.20785726606845856,0.979656457901001,0.4466105103492737,0.2546860873699188,1.0,,,0.011477109044790268
UCE,Gogh_s0.5,down_blocks.0.attentions.0.transformer_blocks.0.attn2.to_v.weight,0.0009296686621382833,smoothquant_a50,4,0.20814920961856842,0.5564602613449097,0.08545735478401184,0.15443822741508484,1.0,,,0.011477109044790268
UCE,Gogh_s0.5,down_blocks.0.attentions.0.transformer_blocks.0.attn2.to_v.weight,0.0009296686621382833,smoothquant_a50,16,0.20815938338637352,0.27188998460769653,0.02869059331715107,0.09510554373264313,1.0,,,0.011477109044790268
UCE,Gogh_s0.5,down_blocks.0.attentions.0.transformer_blocks.0.attn2.to_v.weight,0.0009296686621382833,smoothquant_a75,1,0.21737875044345856,1.0618031024932861,0.6377522945404053,0.2786678671836853,1.0,,,0.011477109044790268
UCE,Gogh_s0.5,down_blocks.0.attentions.0.transformer_blocks.0.attn2.to_v.weight,0.0009296686621382833,smoothquant_a75,4,0.21652831882238388,0.6213377714157104,0.17387288808822632,0.17404288053512573,1.0,,,0.011477109044790268
UCE,Gogh_s0.5,down_blocks.0.attentions.0.transformer_blocks.0.attn2.to_v.weight,0.0009296686621382833,smoothquant_a75,16,0.2160692848265171,0.3060154914855957,0.06463216245174408,0.10847923159599304,1.0,,,0.011477109044790268
UCE,Gogh_s0.5,down_blocks.0.attentions.0.transformer_blocks.0.attn2.to_v.weight,0.0009296686621382833,smoothquant_a85,1,0.22201742231845856,1.1151573657989502,0.7210408449172974,0.2938300669193268,1.0,,,0.011477109044790268
UCE,Gogh_s0.5,down_blocks.0.attentions.0.transformer_blocks.0.attn2.to_v.weight,0.0009296686621382833,smoothquant_a85,4,0.22130228951573372,0.6682090163230896,0.23016357421875,0.18796144425868988,1.0,,,0.011477109044790268
UCE,Gogh_s0.5,down_blocks.0.attentions.0.transformer_blocks.0.attn2.to_v.weight,0.0009296686621382833,smoothquant_a85,16,0.2209533704444766,0.34348979592323303,0.09449055790901184,0.12126568704843521,1.0,,,0.011477109044790268
UCE,Gogh_s0.5,down_blocks.0.attentions.0.transformer_blocks.0.attn2.to_v.weight,0.0009296686621382833,awq_a50,1,0.2295328825712204,1.0342991352081299,0.642749011516571,0.2699087858200073,1.0,,,0.011477109044790268
UCE,Gogh_s0.5,down_blocks.0.attentions.0.transformer_blocks.0.attn2.to_v.weight,0.0009296686621382833,awq_a50,4,0.22901001200079918,0.5988206267356873,0.12308349460363388,0.16592149436473846,1.0,,,0.011477109044790268
UCE,Gogh_s0.5,down_blocks.0.attentions.0.transformer_blocks.0.attn2.to_v.weight,0.0009296686621382833,awq_a50,16,0.228875988163054,0.2935011386871338,0.03983968123793602,0.1041833907365799,1.0,,,0.011477109044790268
UCE,Gogh_s0.5,down_blocks.0.attentions.1.transformer_blocks.0.attn2.to_k.weight,0.002247978700324893,w_only_int8,0,0.24984130263328552,1.0,0.0,,,0.9979737997055054,0.9762211441993713,
UCE,Gogh_s0.5,down_blocks.0.attentions.1.transformer_blocks.0.attn2.to_k.weight,0.002247978700324893,smoothquant_a50,1,0.24627278745174408,1.0100480318069458,0.5173258185386658,0.3003716468811035,1.0,,,0.011227416805922985
UCE,Gogh_s0.5,down_blocks.0.attentions.1.transformer_blocks.0.attn2.to_k.weight,0.002247978700324893,smoothquant_a50,4,0.24629414454102516,0.6791337728500366,0.19625243544578552,0.20925140380859375,1.0,,,0.011227416805922985
UCE,Gogh_s0.5,down_blocks.0.attentions.1.transformer_blocks.0.attn2.to_k.weight,0.002247978700324893,smoothquant_a50,16,0.2452715551480651,0.3545301854610443,0.09578857570886612,0.14198218286037445,1.0,,,0.011227416805922985
UCE,Gogh_s0.5,down_blocks.0.attentions.1.transformer_blocks.0.attn2.to_k.weight,0.002247978700324893,smoothquant_a75,1,0.3222289979457855,1.3865869045257568,0.9343912601470947,0.3904457092285156,1.0,,,0.011227416805922985
UCE,Gogh_s0.5,down_blocks.0.attentions.1.transformer_blocks.0.attn2.to_k.weight,0.002247978700324893,smoothquant_a75,4,0.3206726014614105,0.9974362850189209,0.49822998046875,0.28821757435798645,1.0,,,0.011227416805922985
UCE,Gogh_s0.5,down_blocks.0.attentions.1.transformer_blocks.0.attn2.to_k.weight,0.002247978700324893,smoothquant_a75,16,0.319058733060956,0.53227698802948,0.23968099057674408,0.20422640442848206,1.0,,,0.011227416805922985
UCE,Gogh_s0.5,down_blocks.0.attentions.1.transformer_blocks.0.attn2.to_k.weight,0.002247978700324893,smoothquant_a85,1,0.35570067167282104,1.6346039772033691,0.9680338501930237,0.43306437134742737,1.0,,,0.011227416805922985
UCE,Gogh_s0.5,down_blocks.0.attentions.1.transformer_blocks.0.attn2.to_k.weight,0.002247978700324893,smoothquant_a85,4,0.35498251020908356,1.1837437152862549,0.6054036617279053,0.3262772560119629,1.0,,,0.011227416805922985
UCE,Gogh_s0.5,down_blocks.0.attentions.1.transformer_blocks.0.attn2.to_k.weight,0.002247978700324893,smoothquant_a85,16,0.35336126014590263,0.6533868312835693,0.32187092304229736,0.23648060858249664,1.0,,,0.011227416805922985
UCE,Gogh_s0.5,down_blocks.0.attentions.1.transformer_blocks.0.attn2.to_k.weight,0.002247978700324893,awq_a50,1,0.3105427920818329,1.3838411569595337,0.9326212406158447,0.3690367341041565,1.0,,,0.011227416805922985
UCE,Gogh_s0.5,down_blocks.0.attentions.1.transformer_blocks.0.attn2.to_k.weight,0.002247978700324893,awq_a50,4,0.3095408156514168,0.9613096714019775,0.47186279296875,0.2693791091442108,1.0,,,0.011227416805922985
UCE,Gogh_s0.5,down_blocks.0.attentions.1.transformer_blocks.0.attn2.to_k.weight,0.002247978700324893,awq_a50,16,0.3087778724730015,0.530332088470459,0.2491862028837204,0.1956765055656433,0.9999997466802597,,,0.011227416805922985
UCE,Gogh_s0.5,down_blocks.0.attentions.1.transformer_blocks.0.attn2.to_v.weight,0.0006777342641726136,w_only_int8,0,0.22125244140625,1.0,0.0,,,0.9980341196060181,0.9740870594978333,
UCE,Gogh_s0.5,down_blocks.0.attentions.1.transformer_blocks.0.attn2.to_v.weight,0.0006777342641726136,smoothquant_a50,1,0.19608968496322632,0.9856128692626953,0.47210693359375,0.2539786696434021,1.0,,,0.01051720604300499
UCE,Gogh_s0.5,down_blocks.0.attentions.1.transformer_blocks.0.attn2.to_v.weight,0.0006777342641726136,smoothquant_a50,4,0.19455871731042862,0.5526722073554993,0.1032511368393898,0.1574605256319046,1.0,,,0.01051720604300499
UCE,Gogh_s0.5,down_blocks.0.attentions.1.transformer_blocks.0.attn2.to_v.weight,0.0006777342641726136,smoothquant_a50,16,0.19437026884406805,0.2727578580379486,0.03338623046875,0.0979195237159729,1.0,,,0.01051720604300499
UCE,Gogh_s0.5,down_blocks.0.attentions.1.transformer_blocks.0.attn2.to_v.weight,0.0006777342641726136,smoothquant_a75,1,0.2059529572725296,1.108854055404663,0.7004557251930237,0.2988465130329132,1.0,,,0.01051720604300499
UCE,Gogh_s0.5,down_blocks.0.attentions.1.transformer_blocks.0.attn2.to_v.weight,0.0006777342641726136,smoothquant_a75,4,0.20376383140683174,0.6872944235801697,0.24279378354549408,0.1971396803855896,1.0,,,0.01051720604300499
UCE,Gogh_s0.5,down_blocks.0.attentions.1.transformer_blocks.0.attn2.to_v.weight,0.0006777342641726136,smoothquant_a75,16,0.20343500841408968,0.35943904519081116,0.10358479619026184,0.13248568773269653,1.0,,,0.01051720604300499
UCE,Gogh_s0.5,down_blocks.0.attentions.1.transformer_blocks.0.attn2.to_v.weight,0.0006777342641726136,smoothquant_a85,1,0.2158203125,1.2423148155212402,0.8131510615348816,0.3270031809806824,1.0,,,0.01051720604300499
UCE,Gogh_s0.5,down_blocks.0.attentions.1.transformer_blocks.0.attn2.to_v.weight,0.0006777342641726136,smoothquant_a85,4,0.21510518342256546,0.7995458841323853,0.3472941219806671,0.2234983891248703,1.0,,,0.01051720604300499
UCE,Gogh_s0.5,down_blocks.0.attentions.1.transformer_blocks.0.attn2.to_v.weight,0.0006777342641726136,smoothquant_a85,16,0.21403579786419868,0.4253864884376526,0.16275228559970856,0.15437272191047668,1.0,,,0.01051720604300499
UCE,Gogh_s0.5,down_blocks.0.attentions.1.transformer_blocks.0.attn2.to_v.weight,0.0006777342641726136,awq_a50,1,0.226806640625,1.0588831901550293,0.701855480670929,0.28957632184028625,1.0,,,0.01051720604300499
UCE,Gogh_s0.5,down_blocks.0.attentions.1.transformer_blocks.0.attn2.to_v.weight,0.0006777342641726136,awq_a50,4,0.2260538712143898,0.6529262661933899,0.1762898713350296,0.1903729885816574,1.0,,,0.01051720604300499
UCE,Gogh_s0.5,down_blocks.0.attentions.1.transformer_blocks.0.attn2.to_v.weight,0.0006777342641726136,awq_a50,16,0.22579193115234375,0.3205111622810364,0.06599528342485428,0.12751689553260803,1.0,,,0.01051720604300499
UCE,Gogh_s0.5,down_blocks.1.attentions.0.transformer_blocks.0.attn2.to_k.weight,0.00291460077278316,w_only_int8,0,0.19407348334789276,1.0,0.0,,,0.9992567896842957,0.9878827929496765,
UCE,Gogh_s0.5,down_blocks.1.attentions.0.transformer_blocks.0.attn2.to_k.weight,0.00291460077278316,smoothquant_a50,1,0.19184163212776184,1.02181077003479,0.5655619502067566,0.23350395262241364,1.0,,,0.011373466812074184
UCE,Gogh_s0.5,down_blocks.1.attentions.0.transformer_blocks.0.attn2.to_k.weight,0.00291460077278316,smoothquant_a50,4,0.19144999235868454,0.5918721556663513,0.12605184316635132,0.14294041693210602,1.0,,,0.011373466812074184
UCE,Gogh_s0.5,down_blocks.1.attentions.0.transformer_blocks.0.attn2.to_k.weight,0.00291460077278316,smoothquant_a50,16,0.191378403455019,0.28109732270240784,0.04560750350356102,0.08672891557216644,1.0,,,0.011373466812074184
UCE,Gogh_s0.5,down_blocks.1.attentions.0.transformer_blocks.0.attn2.to_k.weight,0.00291460077278316,smoothquant_a75,1,0.205657958984375,1.1257797479629517,0.7499837279319763,0.2617679834365845,1.0,,,0.011373466812074184
UCE,Gogh_s0.5,down_blocks.1.attentions.0.transformer_blocks.0.attn2.to_k.weight,0.00291460077278316,smoothquant_a75,4,0.20499775931239128,0.6875406503677368,0.241302490234375,0.16879498958587646,1.0,,,0.011373466812074184
UCE,Gogh_s0.5,down_blocks.1.attentions.0.transformer_blocks.0.attn2.to_k.weight,0.00291460077278316,smoothquant_a75,16,0.20425936114042997,0.32254165410995483,0.07917683571577072,0.10140898078680038,1.0,,,0.011373466812074184
UCE,Gogh_s0.5,down_blocks.1.attentions.0.transformer_blocks.0.attn2.to_k.weight,0.00291460077278316,smoothquant_a85,1,0.20989786088466644,1.2090075016021729,0.815386950969696,0.2791174650192261,1.0,,,0.011373466812074184
UCE,Gogh_s0.5,down_blocks.1.attentions.0.transformer_blocks.0.attn2.to_k.weight,0.00291460077278316,smoothquant_a85,4,0.21170349046587944,0.752985954284668,0.3105367124080658,0.18424618244171143,1.0,,,0.011373466812074184
UCE,Gogh_s0.5,down_blocks.1.attentions.0.transformer_blocks.0.attn2.to_k.weight,0.00291460077278316,smoothquant_a85,16,0.21078847255557775,0.3550160527229309,0.10611572116613388,0.11213890463113785,1.0,,,0.011373466812074184
UCE,Gogh_s0.5,down_blocks.1.attentions.0.transformer_blocks.0.attn2.to_k.weight,0.00291460077278316,awq_a50,1,0.19747518002986908,1.0461970567703247,0.678631603717804,0.24080225825309753,1.0,,,0.011373466812074184
UCE,Gogh_s0.5,down_blocks.1.attentions.0.transformer_blocks.0.attn2.to_k.weight,0.00291460077278316,awq_a50,4,0.1973363235592842,0.624534010887146,0.15286865830421448,0.14953678846359253,1.0,,,0.011373466812074184
UCE,Gogh_s0.5,down_blocks.1.attentions.0.transformer_blocks.0.attn2.to_k.weight,0.00291460077278316,awq_a50,16,0.19729817751795053,0.29267725348472595,0.0500284843146801,0.08967426419258118,0.9999993667006493,,,0.011373466812074184
UCE,Gogh_s0.5,down_blocks.1.attentions.0.transformer_blocks.0.attn2.to_v.weight,0.0010720971040427685,w_only_int8,0,0.2066650390625,1.0,0.0,,,0.9994068741798401,0.9850574731826782,
UCE,Gogh_s0.5,down_blocks.1.attentions.0.transformer_blocks.0.attn2.to_v.weight,0.0010720971040427685,smoothquant_a50,1,0.19300943613052368,0.9813985228538513,0.44924113154411316,0.2384580820798874,1.0,,,0.011938988231122494
UCE,Gogh_s0.5,down_blocks.1.attentions.0.transformer_blocks.0.attn2.to_v.weight,0.0010720971040427685,smoothquant_a50,4,0.19295348972082138,0.5414122343063354,0.0638427734375,0.14042142033576965,1.0,,,0.011938988231122494
UCE,Gogh_s0.5,down_blocks.1.attentions.0.transformer_blocks.0.attn2.to_v.weight,0.0010720971040427685,smoothquant_a50,16,0.192984770052135,0.2606659233570099,0.01579793356359005,0.0840858444571495,1.0,,,0.011938988231122494
UCE,Gogh_s0.5,down_blocks.1.attentions.0.transformer_blocks.0.attn2.to_v.weight,0.0010720971040427685,smoothquant_a75,1,0.18446248769760132,1.0386439561843872,0.601104736328125,0.2523747384548187,1.0,,,0.011938988231122494
UCE,Gogh_s0.5,down_blocks.1.attentions.0.transformer_blocks.0.attn2.to_v.weight,0.0010720971040427685,smoothquant_a75,4,0.18463440239429474,0.5791652202606201,0.11709798127412796,0.15133894979953766,1.0,,,0.011938988231122494
UCE,Gogh_s0.5,down_blocks.1.attentions.0.transformer_blocks.0.attn2.to_v.weight,0.0010720971040427685,smoothquant_a75,16,0.18467394448816776,0.2880304455757141,0.0329793281853199,0.09245455265045166,1.0,,,0.011938988231122494
UCE,Gogh_s0.5,down_blocks.1.attentions.0.transformer_blocks.0.attn2.to_v.weight,0.0010720971040427685,smoothquant_a85,1,0.18492838740348816,1.0821473598480225,0.6867533326148987,0.263131320476532,1.0,,,0.011938988231122494
UCE,Gogh_s0.5,down_blocks.1.attentions.0.transformer_blocks.0.attn2.to_v.weight,0.0010720971040427685,smoothquant_a85,4,0.1846771240234375,0.6239060759544373,0.17076009511947632,0.16194409132003784,1.0,,,0.011938988231122494
UCE,Gogh_s0.5,down_blocks.1.attentions.0.transformer_blocks.0.attn2.to_v.weight,0.0010720971040427685,smoothquant_a85,16,0.1840988164767623,0.3159450590610504,0.05511474609375,0.10116732120513916,1.0,,,0.011938988231122494
UCE,Gogh_s0.5,down_blocks.1.attentions.0.transformer_blocks.0.attn2.to_v.weight,0.0010720971040427685,awq_a50,1,0.2040608674287796,1.0178821086883545,0.5870584845542908,0.24744147062301636,1.0,,,0.011938988231122494
UCE,Gogh_s0.5,down_blocks.1.attentions.0.transformer_blocks.0.attn2.to_v.weight,0.0010720971040427685,awq_a50,4,0.20423278585076332,0.5701361298561096,0.068389892578125,0.14715489745140076,0.9999994933605194,,,0.011938988231122494
UCE,Gogh_s0.5,down_blocks.1.attentions.0.transformer_blocks.0.attn2.to_v.weight,0.0010720971040427685,awq_a50,16,0.20408541429787874,0.27296096086502075,0.015063476748764515,0.08851268142461777,0.9999986067414284,,,0.011938988231122494
UCE,Gogh_s0.5,down_blocks.1.attentions.1.transformer_blocks.0.attn2.to_k.weight,0.0024400134570896626,w_only_int8,0,0.20135904848575592,1.0,0.0,,,0.9989935755729675,0.986382007598877,
UCE,Gogh_s0.5,down_blocks.1.attentions.1.transformer_blocks.0.attn2.to_k.weight,0.0024400134570896626,smoothquant_a50,1,0.20532633364200592,1.0793923139572144,0.6773824095726013,0.2551901638507843,1.0,,,0.012074229307472706
UCE,Gogh_s0.5,down_blocks.1.attentions.1.transformer_blocks.0.attn2.to_k.weight,0.0024400134570896626,smoothquant_a50,4,0.20472056046128273,0.6699565649032593,0.20737101137638092,0.1653563380241394,1.0,,,0.012074229307472706
UCE,Gogh_s0.5,down_blocks.1.attentions.1.transformer_blocks.0.attn2.to_k.weight,0.0024400134570896626,smoothquant_a50,16,0.2043743133544922,0.32064008712768555,0.06673380732536316,0.1032145693898201,1.0,,,0.012074229307472706
UCE,Gogh_s0.5,down_blocks.1.attentions.1.transformer_blocks.0.attn2.to_k.weight,0.0024400134570896626,smoothquant_a75,1,0.24111531674861908,1.3493317365646362,0.8679443597793579,0.30654317140579224,1.0,,,0.012074229307472706
UCE,Gogh_s0.5,down_blocks.1.attentions.1.transformer_blocks.0.attn2.to_k.weight,0.0024400134570896626,smoothquant_a75,4,0.24098510667681694,0.8672686815261841,0.409637451171875,0.21139013767242432,1.0,,,0.012074229307472706
UCE,Gogh_s0.5,down_blocks.1.attentions.1.transformer_blocks.0.attn2.to_k.weight,0.0024400134570896626,smoothquant_a75,16,0.2400385532528162,0.41498488187789917,0.15356241166591644,0.13418464362621307,1.0,,,0.012074229307472706
UCE,Gogh_s0.5,down_blocks.1.attentions.1.transformer_blocks.0.attn2.to_k.weight,0.0024400134570896626,smoothquant_a85,1,0.2591817080974579,1.5321338176727295,0.9114481806755066,0.334001749753952,1.0,,,0.012074229307472706
UCE,Gogh_s0.5,down_blocks.1.attentions.1.transformer_blocks.0.attn2.to_k.weight,0.0024400134570896626,smoothquant_a85,4,0.25888875126838684,0.9817600250244141,0.4889668822288513,0.2356502115726471,1.0,,,0.012074229307472706
UCE,Gogh_s0.5,down_blocks.1.attentions.1.transformer_blocks.0.attn2.to_k.weight,0.0024400134570896626,smoothquant_a85,16,0.2574180606752634,0.4778890609741211,0.20401611924171448,0.1526147574186325,1.0,,,0.012074229307472706
UCE,Gogh_s0.5,down_blocks.1.attentions.1.transformer_blocks.0.attn2.to_k.weight,0.0024400134570896626,awq_a50,1,0.2257893830537796,1.1644442081451416,0.8212300539016724,0.2752071022987366,1.0,,,0.012074229307472706
UCE,Gogh_s0.5,down_blocks.1.attentions.1.transformer_blocks.0.attn2.to_k.weight,0.0024400134570896626,awq_a50,4,0.22553303837776184,0.7631142139434814,0.309539794921875,0.18414177000522614,1.0,,,0.012074229307472706
UCE,Gogh_s0.5,down_blocks.1.attentions.1.transformer_blocks.0.attn2.to_k.weight,0.0024400134570896626,awq_a50,16,0.2249139156192541,0.36802682280540466,0.11754557490348816,0.1175931766629219,0.9999998733401299,,,0.012074229307472706
UCE,Gogh_s0.5,down_blocks.1.attentions.1.transformer_blocks.0.attn2.to_v.weight,0.0009019143762998283,w_only_int8,0,0.20614013075828552,1.0,0.0,,,0.9996915459632874,0.9846487641334534,
UCE,Gogh_s0.5,down_blocks.1.attentions.1.transformer_blocks.0.attn2.to_v.weight,0.0009019143762998283,smoothquant_a50,1,0.18718668818473816,0.9534518718719482,0.404327392578125,0.23348025977611542,1.0,,,0.01147956307977438
UCE,Gogh_s0.5,down_blocks.1.attentions.1.transformer_blocks.0.attn2.to_v.weight,0.0009019143762998283,smoothquant_a50,4,0.1872197464108467,0.5319646596908569,0.07403564453125,0.13950645923614502,1.0,,,0.01147956307977438
UCE,Gogh_s0.5,down_blocks.1.attentions.1.transformer_blocks.0.attn2.to_v.weight,0.0009019143762998283,smoothquant_a50,16,0.18690783064812422,0.26149624586105347,0.01919962652027607,0.08497225493192673,1.0,,,0.01147956307977438
UCE,Gogh_s0.5,down_blocks.1.attentions.1.transformer_blocks.0.attn2.to_v.weight,0.0009019143762998283,smoothquant_a75,1,0.18531493842601776,1.0367916822433472,0.5794677734375,0.2550680637359619,1.0,,,0.01147956307977438
UCE,Gogh_s0.5,down_blocks.1.attentions.1.transformer_blocks.0.attn2.to_v.weight,0.0009019143762998283,smoothquant_a75,4,0.1854253113269806,0.6016749739646912,0.1464131623506546,0.15725786983966827,1.0,,,0.01147956307977438
UCE,Gogh_s0.5,down_blocks.1.attentions.1.transformer_blocks.0.attn2.to_v.weight,0.0009019143762998283,smoothquant_a75,16,0.1853253673762083,0.3018483817577362,0.04635213315486908,0.09794426709413528,1.0,,,0.01147956307977438
UCE,Gogh_s0.5,down_blocks.1.attentions.1.transformer_blocks.0.attn2.to_v.weight,0.0009019143762998283,smoothquant_a85,1,0.18703410029411316,1.0955027341842651,0.6817342042922974,0.2701810598373413,1.0,,,0.01147956307977438
UCE,Gogh_s0.5,down_blocks.1.attentions.1.transformer_blocks.0.attn2.to_v.weight,0.0009019143762998283,smoothquant_a85,4,0.18746338039636612,0.6544297337532043,0.20623983442783356,0.17075257003307343,1.0,,,0.01147956307977438
UCE,Gogh_s0.5,down_blocks.1.attentions.1.transformer_blocks.0.attn2.to_v.weight,0.0009019143762998283,smoothquant_a85,16,0.18685289938002825,0.33460548520088196,0.0748189315199852,0.10831216722726822,1.0,,,0.01147956307977438
UCE,Gogh_s0.5,down_blocks.1.attentions.1.transformer_blocks.0.attn2.to_v.weight,0.0009019143762998283,awq_a50,1,0.20595093071460724,1.0204347372055054,0.594696044921875,0.2516281008720398,1.0,,,0.01147956307977438
UCE,Gogh_s0.5,down_blocks.1.attentions.1.transformer_blocks.0.attn2.to_v.weight,0.0009019143762998283,awq_a50,4,0.2056172713637352,0.583996593952179,0.08747965842485428,0.15311679244041443,1.0,,,0.01147956307977438
UCE,Gogh_s0.5,down_blocks.1.attentions.1.transformer_blocks.0.attn2.to_v.weight,0.0009019143762998283,awq_a50,16,0.20524508133530617,0.28212690353393555,0.02538045309484005,0.09513967484235764,0.9999998733401299,,,0.01147956307977438
UCE,Gogh_s0.5,down_blocks.2.attentions.0.transformer_blocks.0.attn2.to_k.weight,0.0023261697497218847,w_only_int8,0,0.18700765073299408,1.0,0.0,,,0.9993964433670044,0.9881596565246582,
UCE,Gogh_s0.5,down_blocks.2.attentions.0.transformer_blocks.0.attn2.to_k.weight,0.0023261697497218847,smoothquant_a50,1,0.1829732209444046,1.0312684774398804,0.6049519777297974,0.22863759100437164,1.0,,,0.010956146754324436
UCE,Gogh_s0.5,down_blocks.2.attentions.0.transformer_blocks.0.attn2.to_k.weight,0.0023261697497218847,smoothquant_a50,4,0.18302255868911743,0.5826514959335327,0.10628052055835724,0.1367487609386444,1.0,,,0.010956146754324436
UCE,Gogh_s0.5,down_blocks.2.attentions.0.transformer_blocks.0.attn2.to_k.weight,0.0023261697497218847,smoothquant_a50,16,0.1828994108363986,0.2799060344696045,0.03099670447409153,0.08292663097381592,1.0,,,0.010956146754324436
UCE,Gogh_s0.5,down_blocks.2.attentions.0.transformer_blocks.0.attn2.to_k.weight,0.0023261697497218847,smoothquant_a75,1,0.19474080204963684,1.1174545288085938,0.7514485716819763,0.2519668936729431,1.0,,,0.010956146754324436
UCE,Gogh_s0.5,down_blocks.2.attentions.0.transformer_blocks.0.attn2.to_k.weight,0.0023261697497218847,smoothquant_a75,4,0.19498952105641365,0.6659644246101379,0.21786294877529144,0.15842904150485992,1.0,,,0.010956146754324436
UCE,Gogh_s0.5,down_blocks.2.attentions.0.transformer_blocks.0.attn2.to_k.weight,0.0023261697497218847,smoothquant_a75,16,0.1943523408845067,0.31615138053894043,0.06174926832318306,0.09469921141862869,1.0,,,0.010956146754324436
UCE,Gogh_s0.5,down_blocks.2.attentions.0.transformer_blocks.0.attn2.to_k.weight,0.0023261697497218847,smoothquant_a85,1,0.20073649287223816,1.1938482522964478,0.8135894536972046,0.26907649636268616,1.0,,,0.010956146754324436
UCE,Gogh_s0.5,down_blocks.2.attentions.0.transformer_blocks.0.attn2.to_k.weight,0.0023261697497218847,smoothquant_a85,4,0.2006378173828125,0.7362092137336731,0.29348957538604736,0.1749730110168457,1.0,,,0.010956146754324436
UCE,Gogh_s0.5,down_blocks.2.attentions.0.transformer_blocks.0.attn2.to_k.weight,0.0023261697497218847,smoothquant_a85,16,0.19973424170166254,0.34824424982070923,0.08975016325712204,0.10515018552541733,1.0,,,0.010956146754324436
UCE,Gogh_s0.5,down_blocks.2.attentions.0.transformer_blocks.0.attn2.to_k.weight,0.0023261697497218847,awq_a50,1,0.19003397226333618,1.0425196886062622,0.6737640500068665,0.23443961143493652,1.0,,,0.010956146754324436
UCE,Gogh_s0.5,down_blocks.2.attentions.0.transformer_blocks.0.attn2.to_k.weight,0.0023261697497218847,awq_a50,4,0.19012349471449852,0.6163690686225891,0.14196065068244934,0.14436504244804382,0.9999997466802597,,,0.010956146754324436
UCE,Gogh_s0.5,down_blocks.2.attentions.0.transformer_blocks.0.attn2.to_k.weight,0.0023261697497218847,awq_a50,16,0.18989321403205395,0.28914910554885864,0.03518371656537056,0.08554559201002121,0.9999996833503246,,,0.010956146754324436
UCE,Gogh_s0.5,down_blocks.2.attentions.0.transformer_blocks.0.attn2.to_v.weight,0.0014667704235762358,w_only_int8,0,0.20307210087776184,1.0,0.0,,,0.9989675879478455,0.9864176511764526,
UCE,Gogh_s0.5,down_blocks.2.attentions.0.transformer_blocks.0.attn2.to_v.weight,0.0014667704235762358,smoothquant_a50,1,0.19075419008731842,0.9884019494056702,0.46546223759651184,0.23276877403259277,1.0,,,0.011322297155857086
UCE,Gogh_s0.5,down_blocks.2.attentions.0.transformer_blocks.0.attn2.to_v.weight,0.0014667704235762358,smoothquant_a50,4,0.1905410774052143,0.5392013192176819,0.06531371921300888,0.136142760515213,1.0,,,0.011322297155857086
UCE,Gogh_s0.5,down_blocks.2.attentions.0.transformer_blocks.0.attn2.to_v.weight,0.0014667704235762358,smoothquant_a50,16,0.19048671703785658,0.2614686191082001,0.01678568497300148,0.08196686953306198,1.0,,,0.011322297155857086
UCE,Gogh_s0.5,down_blocks.2.attentions.0.transformer_blocks.0.attn2.to_v.weight,0.0014667704235762358,smoothquant_a75,1,0.19030049443244934,1.0326303243637085,0.5887685418128967,0.24403424561023712,1.0,,,0.011322297155857086
UCE,Gogh_s0.5,down_blocks.2.attentions.0.transformer_blocks.0.attn2.to_v.weight,0.0014667704235762358,smoothquant_a75,4,0.19017689675092697,0.5633142590522766,0.10187683254480362,0.14361490309238434,1.0,,,0.011322297155857086
UCE,Gogh_s0.5,down_blocks.2.attentions.0.transformer_blocks.0.attn2.to_v.weight,0.0014667704235762358,smoothquant_a75,16,0.18976898025721312,0.2743873596191406,0.02599487267434597,0.08539369702339172,1.0,,,0.011322297155857086
UCE,Gogh_s0.5,down_blocks.2.attentions.0.transformer_blocks.0.attn2.to_v.weight,0.0014667704235762358,smoothquant_a85,1,0.18713480234146118,1.0607352256774902,0.6490844488143921,0.2510845363140106,1.0,,,0.011322297155857086
UCE,Gogh_s0.5,down_blocks.2.attentions.0.transformer_blocks.0.attn2.to_v.weight,0.0014667704235762358,smoothquant_a85,4,0.18777237087488174,0.5830649733543396,0.12801004946231842,0.1488761454820633,1.0,,,0.011322297155857086
UCE,Gogh_s0.5,down_blocks.2.attentions.0.transformer_blocks.0.attn2.to_v.weight,0.0014667704235762358,smoothquant_a85,16,0.18795471265912056,0.28437891602516174,0.03444010391831398,0.08880747854709625,1.0,,,0.011322297155857086
UCE,Gogh_s0.5,down_blocks.2.attentions.0.transformer_blocks.0.attn2.to_v.weight,0.0014667704235762358,awq_a50,1,0.19813741743564606,1.0098011493682861,0.5481832027435303,0.2370709776878357,1.0,,,0.011322297155857086
UCE,Gogh_s0.5,down_blocks.2.attentions.0.transformer_blocks.0.attn2.to_v.weight,0.0014667704235762358,awq_a50,4,0.19797007739543915,0.55194091796875,0.0547434501349926,0.13799047470092773,0.9999997466802597,,,0.011322297155857086
UCE,Gogh_s0.5,down_blocks.2.attentions.0.transformer_blocks.0.attn2.to_v.weight,0.0014667704235762358,awq_a50,16,0.19792874809354544,0.2665642499923706,0.011098225601017475,0.08312811702489853,0.9999998100101948,,,0.011322297155857086
UCE,Gogh_s0.5,down_blocks.2.attentions.1.transformer_blocks.0.attn2.to_k.weight,0.0024133750703185797,w_only_int8,0,0.19811706244945526,1.0,0.0,,,0.9989027976989746,0.9868270754814148,
UCE,Gogh_s0.5,down_blocks.2.attentions.1.transformer_blocks.0.attn2.to_k.weight,0.0024133750703185797,smoothquant_a50,1,0.19261068105697632,1.0240137577056885,0.5797129273414612,0.23530979454517365,1.0,,,0.01201607659459114
UCE,Gogh_s0.5,down_blocks.2.attentions.1.transformer_blocks.0.attn2.to_k.weight,0.0024133750703185797,smoothquant_a50,4,0.19267171621322632,0.5671745538711548,0.08765767514705658,0.13939745724201202,1.0,,,0.01201607659459114
UCE,Gogh_s0.5,down_blocks.2.attentions.1.transformer_blocks.0.attn2.to_k.weight,0.0024133750703185797,smoothquant_a50,16,0.1923827501013875,0.2745201289653778,0.02351888082921505,0.08462191373109818,1.0,,,0.01201607659459114
UCE,Gogh_s0.5,down_blocks.2.attentions.1.transformer_blocks.0.attn2.to_k.weight,0.0024133750703185797,smoothquant_a75,1,0.20080465078353882,1.0819494724273682,0.7026448845863342,0.25384166836738586,1.0,,,0.01201607659459114
UCE,Gogh_s0.5,down_blocks.2.attentions.1.transformer_blocks.0.attn2.to_k.weight,0.0024133750703185797,smoothquant_a75,4,0.2008410133421421,0.6200922131538391,0.17111001908779144,0.15601076185703278,1.0,,,0.01201607659459114
UCE,Gogh_s0.5,down_blocks.2.attentions.1.transformer_blocks.0.attn2.to_k.weight,0.0024133750703185797,smoothquant_a75,16,0.2006175359711051,0.2934141755104065,0.04070841521024704,0.09130129218101501,1.0,,,0.01201607659459114
UCE,Gogh_s0.5,down_blocks.2.attentions.1.transformer_blocks.0.attn2.to_k.weight,0.0024133750703185797,smoothquant_a85,1,0.20421549677848816,1.131230354309082,0.7614166140556335,0.26767846941947937,1.0,,,0.01201607659459114
UCE,Gogh_s0.5,down_blocks.2.attentions.1.transformer_blocks.0.attn2.to_k.weight,0.0024133750703185797,smoothquant_a85,4,0.20411529764533043,0.6753813624382019,0.23311766982078552,0.1699160635471344,1.0,,,0.01201607659459114
UCE,Gogh_s0.5,down_blocks.2.attentions.1.transformer_blocks.0.attn2.to_k.weight,0.0024133750703185797,smoothquant_a85,16,0.20367355272173882,0.3141815960407257,0.05769551545381546,0.09846092760562897,1.0,,,0.01201607659459114
UCE,Gogh_s0.5,down_blocks.2.attentions.1.transformer_blocks.0.attn2.to_k.weight,0.0024133750703185797,awq_a50,1,0.19927877187728882,1.0326664447784424,0.6416890621185303,0.24197594821453094,1.0,,,0.01201607659459114
UCE,Gogh_s0.5,down_blocks.2.attentions.1.transformer_blocks.0.attn2.to_k.weight,0.0024133750703185797,awq_a50,4,0.19971898570656776,0.5990562438964844,0.12151183933019638,0.14777979254722595,1.0,,,0.01201607659459114
UCE,Gogh_s0.5,down_blocks.2.attentions.1.transformer_blocks.0.attn2.to_k.weight,0.0024133750703185797,awq_a50,16,0.19957472570240498,0.2824549674987793,0.026947021484375,0.08714490383863449,1.0,,,0.01201607659459114
UCE,Gogh_s0.5,down_blocks.2.attentions.1.transformer_blocks.0.attn2.to_v.weight,0.001442159409634769,w_only_int8,0,0.2131500244140625,1.0,0.0,,,0.9994802474975586,0.9850631356239319,
UCE,Gogh_s0.5,down_blocks.2.attentions.1.transformer_blocks.0.attn2.to_v.weight,0.001442159409634769,smoothquant_a50,1,0.20078328251838684,0.997185230255127,0.4920969605445862,0.24443791806697845,1.0,,,0.012115213088691235
UCE,Gogh_s0.5,down_blocks.2.attentions.1.transformer_blocks.0.attn2.to_v.weight,0.001442159409634769,smoothquant_a50,4,0.20102335512638092,0.548024594783783,0.07788289338350296,0.14419886469841003,1.0,,,0.012115213088691235
UCE,Gogh_s0.5,down_blocks.2.attentions.1.transformer_blocks.0.attn2.to_v.weight,0.001442159409634769,smoothquant_a50,16,0.2011508932337165,0.2667006254196167,0.023193359375,0.0879107266664505,1.0,,,0.012115213088691235
UCE,Gogh_s0.5,down_blocks.2.attentions.1.transformer_blocks.0.attn2.to_v.weight,0.001442159409634769,smoothquant_a75,1,0.19854329526424408,1.0320401191711426,0.5869303345680237,0.25396502017974854,1.0,,,0.012115213088691235
UCE,Gogh_s0.5,down_blocks.2.attentions.1.transformer_blocks.0.attn2.to_v.weight,0.001442159409634769,smoothquant_a75,4,0.19843826442956924,0.561224639415741,0.10214843600988388,0.1493297815322876,1.0,,,0.012115213088691235
UCE,Gogh_s0.5,down_blocks.2.attentions.1.transformer_blocks.0.attn2.to_v.weight,0.001442159409634769,smoothquant_a75,16,0.19876035023480654,0.27531442046165466,0.03069559670984745,0.09021904319524765,1.0,,,0.012115213088691235
UCE,Gogh_s0.5,down_blocks.2.attentions.1.transformer_blocks.0.attn2.to_v.weight,0.001442159409634769,smoothquant_a85,1,0.19685770571231842,1.0526188611984253,0.6334767937660217,0.25917983055114746,1.0,,,0.012115213088691235
UCE,Gogh_s0.5,down_blocks.2.attentions.1.transformer_blocks.0.attn2.to_v.weight,0.001442159409634769,smoothquant_a85,4,0.1965436302125454,0.5744070410728455,0.12012328952550888,0.15331071615219116,1.0,,,0.012115213088691235
UCE,Gogh_s0.5,down_blocks.2.attentions.1.transformer_blocks.0.attn2.to_v.weight,0.001442159409634769,smoothquant_a85,16,0.19660237804055214,0.2844878137111664,0.03783874586224556,0.09328360855579376,1.0,,,0.012115213088691235
UCE,Gogh_s0.5,down_blocks.2.attentions.1.transformer_blocks.0.attn2.to_v.weight,0.001442159409634769,awq_a50,1,0.20727132260799408,1.0097565650939941,0.5492746829986572,0.24667459726333618,1.0,,,0.012115213088691235
UCE,Gogh_s0.5,down_blocks.2.attentions.1.transformer_blocks.0.attn2.to_v.weight,0.001442159409634769,awq_a50,4,0.20729344710707664,0.5488337874412537,0.04717305675148964,0.1434556096792221,0.9999997466802597,,,0.012115213088691235
UCE,Gogh_s0.5,down_blocks.2.attentions.1.transformer_blocks.0.attn2.to_v.weight,0.001442159409634769,awq_a50,16,0.20755996741354465,0.2664737403392792,0.009328206069767475,0.08695787936449051,0.9999998100101948,,,0.012115213088691235
UCE,Gogh_s0.5,up_blocks.1.attentions.0.transformer_blocks.0.attn2.to_k.weight,0.002614567754790187,w_only_int8,0,0.19705505669116974,1.0,0.0,,,0.9995237588882446,0.9870515465736389,
UCE,Gogh_s0.5,up_blocks.1.attentions.0.transformer_blocks.0.attn2.to_k.weight,0.002614567754790187,smoothquant_a50,1,0.19007669389247894,1.0116709470748901,0.5440419316291809,0.23206819593906403,1.0,,,0.011932107619941235
UCE,Gogh_s0.5,up_blocks.1.attentions.0.transformer_blocks.0.attn2.to_k.weight,0.002614567754790187,smoothquant_a50,4,0.1903884895145893,0.5524799227714539,0.0708109512925148,0.1362297236919403,1.0,,,0.011932107619941235
UCE,Gogh_s0.5,up_blocks.1.attentions.0.transformer_blocks.0.attn2.to_k.weight,0.002614567754790187,smoothquant_a50,16,0.19033114053308964,0.2661825716495514,0.01889648474752903,0.08210903406143188,1.0,,,0.011932107619941235
UCE,Gogh_s0.5,up_blocks.1.attentions.0.transformer_blocks.0.attn2.to_k.weight,0.002614567754790187,smoothquant_a75,1,0.19773660600185394,1.0549736022949219,0.6531219482421875,0.2445874810218811,1.0,,,0.011932107619941235
UCE,Gogh_s0.5,up_blocks.1.attentions.0.transformer_blocks.0.attn2.to_k.weight,0.002614567754790187,smoothquant_a75,4,0.19787674024701118,0.5843088626861572,0.12676188349723816,0.14679963886737823,1.0,,,0.011932107619941235
UCE,Gogh_s0.5,up_blocks.1.attentions.0.transformer_blocks.0.attn2.to_k.weight,0.002614567754790187,smoothquant_a75,16,0.19734910409897566,0.2764796018600464,0.02751668356359005,0.08565129339694977,1.0,,,0.011932107619941235
UCE,Gogh_s0.5,up_blocks.1.attentions.0.transformer_blocks.0.attn2.to_k.weight,0.002614567754790187,smoothquant_a85,1,0.19871114194393158,1.0881576538085938,0.706591784954071,0.25390782952308655,1.0,,,0.011932107619941235
UCE,Gogh_s0.5,up_blocks.1.attentions.0.transformer_blocks.0.attn2.to_k.weight,0.002614567754790187,smoothquant_a85,4,0.1985020972788334,0.6176731586456299,0.1714223176240921,0.15603534877300262,1.0,,,0.011932107619941235
UCE,Gogh_s0.5,up_blocks.1.attentions.0.transformer_blocks.0.attn2.to_k.weight,0.002614567754790187,smoothquant_a85,16,0.1979515729472041,0.290701687335968,0.03721415251493454,0.0905013456940651,1.0,,,0.011932107619941235
UCE,Gogh_s0.5,up_blocks.1.attentions.0.transformer_blocks.0.attn2.to_k.weight,0.002614567754790187,awq_a50,1,0.19455362856388092,1.0181117057800293,0.5851094722747803,0.23480132222175598,1.0,,,0.011932107619941235
UCE,Gogh_s0.5,up_blocks.1.attentions.0.transformer_blocks.0.attn2.to_k.weight,0.002614567754790187,awq_a50,4,0.19436391443014145,0.5694291591644287,0.0808766707777977,0.14005112648010254,0.9999997466802597,,,0.011932107619941235
UCE,Gogh_s0.5,up_blocks.1.attentions.0.transformer_blocks.0.attn2.to_k.weight,0.002614567754790187,awq_a50,16,0.19437014311552048,0.2710000276565552,0.01721394807100296,0.0832749530673027,0.9999993033707142,,,0.011932107619941235
UCE,Gogh_s0.5,up_blocks.1.attentions.0.transformer_blocks.0.attn2.to_v.weight,0.0018365654395893216,w_only_int8,0,0.21122436225414276,1.0,0.0,,,0.9994481801986694,0.9850862622261047,
UCE,Gogh_s0.5,up_blocks.1.attentions.0.transformer_blocks.0.attn2.to_v.weight,0.0018365654395893216,smoothquant_a50,1,0.1940460205078125,0.995104193687439,0.4842946231365204,0.24179410934448242,1.0,,,0.010864334180951118
UCE,Gogh_s0.5,up_blocks.1.attentions.0.transformer_blocks.0.attn2.to_v.weight,0.0018365654395893216,smoothquant_a50,4,0.1941274031996727,0.5404994487762451,0.06162821501493454,0.141265869140625,1.0,,,0.010864334180951118
UCE,Gogh_s0.5,up_blocks.1.attentions.0.transformer_blocks.0.attn2.to_v.weight,0.0018365654395893216,smoothquant_a50,16,0.1940202098339796,0.2645952105522156,0.014728800393640995,0.08574672043323517,1.0,,,0.010864334180951118
UCE,Gogh_s0.5,up_blocks.1.attentions.0.transformer_blocks.0.attn2.to_v.weight,0.0018365654395893216,smoothquant_a75,1,0.19450989365577698,1.0249725580215454,0.5739156007766724,0.24884384870529175,1.0,,,0.010864334180951118
UCE,Gogh_s0.5,up_blocks.1.attentions.0.transformer_blocks.0.attn2.to_v.weight,0.0018365654395893216,smoothquant_a75,4,0.19409764930605888,0.5484172701835632,0.07801005244255066,0.1440741866827011,1.0,,,0.010864334180951118
UCE,Gogh_s0.5,up_blocks.1.attentions.0.transformer_blocks.0.attn2.to_v.weight,0.0018365654395893216,smoothquant_a75,16,0.19416974484920502,0.26904258131980896,0.01675618439912796,0.08598370850086212,1.0,,,0.010864334180951118
UCE,Gogh_s0.5,up_blocks.1.attentions.0.transformer_blocks.0.attn2.to_v.weight,0.0018365654395893216,smoothquant_a85,1,0.19558817148208618,1.0415080785751343,0.6141387820243835,0.25201931595802307,1.0,,,0.010864334180951118
UCE,Gogh_s0.5,up_blocks.1.attentions.0.transformer_blocks.0.attn2.to_v.weight,0.0018365654395893216,smoothquant_a85,4,0.1952977515757084,0.5550166368484497,0.0885772705078125,0.1458989679813385,1.0,,,0.010864334180951118
UCE,Gogh_s0.5,up_blocks.1.attentions.0.transformer_blocks.0.attn2.to_v.weight,0.0018365654395893216,smoothquant_a85,16,0.19512723293155432,0.2724755108356476,0.01916605606675148,0.086778424680233,1.0,,,0.010864334180951118
UCE,Gogh_s0.5,up_blocks.1.attentions.0.transformer_blocks.0.attn2.to_v.weight,0.0018365654395893216,awq_a50,1,0.20634765923023224,1.0080972909927368,0.5414652228355408,0.245234414935112,1.0,,,0.010864334180951118
UCE,Gogh_s0.5,up_blocks.1.attentions.0.transformer_blocks.0.attn2.to_v.weight,0.0018365654395893216,awq_a50,4,0.20611292496323586,0.5443992018699646,0.0426584891974926,0.14194825291633606,0.9999994933605194,,,0.010864334180951118
UCE,Gogh_s0.5,up_blocks.1.attentions.0.transformer_blocks.0.attn2.to_v.weight,0.0018365654395893216,awq_a50,16,0.2062379838898778,0.2670096158981323,0.008084106259047985,0.08642172813415527,0.9999993033707142,,,0.010864334180951118
UCE,Gogh_s0.5,up_blocks.1.attentions.1.transformer_blocks.0.attn2.to_k.weight,0.0026344722136855125,w_only_int8,0,0.20318807661533356,1.0,0.0,,,0.9994545578956604,0.9857956171035767,
UCE,Gogh_s0.5,up_blocks.1.attentions.1.transformer_blocks.0.attn2.to_k.weight,0.0026344722136855125,smoothquant_a50,1,0.19754639267921448,1.014417290687561,0.5486724972724915,0.24130848050117493,1.0,,,0.011769616045057774
UCE,Gogh_s0.5,up_blocks.1.attentions.1.transformer_blocks.0.attn2.to_k.weight,0.0026344722136855125,smoothquant_a50,4,0.1978759765625,0.5504939556121826,0.07022196799516678,0.141078919172287,1.0,,,0.011769616045057774
UCE,Gogh_s0.5,up_blocks.1.attentions.1.transformer_blocks.0.attn2.to_k.weight,0.0026344722136855125,smoothquant_a50,16,0.19796352367848158,0.2681829333305359,0.02049967460334301,0.08628524094820023,1.0,,,0.011769616045057774
UCE,Gogh_s0.5,up_blocks.1.attentions.1.transformer_blocks.0.attn2.to_k.weight,0.0026344722136855125,smoothquant_a75,1,0.20482991635799408,1.053972840309143,0.6479451656341553,0.2537216544151306,1.0,,,0.011769616045057774
UCE,Gogh_s0.5,up_blocks.1.attentions.1.transformer_blocks.0.attn2.to_k.weight,0.0026344722136855125,smoothquant_a75,4,0.20480728149414062,0.5796431303024292,0.12043558806180954,0.15177398920059204,1.0,,,0.011769616045057774
UCE,Gogh_s0.5,up_blocks.1.attentions.1.transformer_blocks.0.attn2.to_k.weight,0.0026344722136855125,smoothquant_a75,16,0.20457172393798828,0.27711454033851624,0.02921549417078495,0.08979232609272003,1.0,,,0.011769616045057774
UCE,Gogh_s0.5,up_blocks.1.attentions.1.transformer_blocks.0.attn2.to_k.weight,0.0026344722136855125,smoothquant_a85,1,0.20607300102710724,1.0856233835220337,0.7012186646461487,0.2627866566181183,1.0,,,0.011769616045057774
UCE,Gogh_s0.5,up_blocks.1.attentions.1.transformer_blocks.0.attn2.to_k.weight,0.0026344722136855125,smoothquant_a85,4,0.20614445954561234,0.6082565784454346,0.1609293669462204,0.16060775518417358,1.0,,,0.011769616045057774
UCE,Gogh_s0.5,up_blocks.1.attentions.1.transformer_blocks.0.attn2.to_k.weight,0.0026344722136855125,smoothquant_a85,16,0.20559285581111908,0.28967735171318054,0.0380910225212574,0.0943886786699295,1.0,,,0.011769616045057774
UCE,Gogh_s0.5,up_blocks.1.attentions.1.transformer_blocks.0.attn2.to_k.weight,0.0026344722136855125,awq_a50,1,0.2020823210477829,1.0182167291641235,0.5860728025436401,0.2432829588651657,1.0,,,0.011769616045057774
UCE,Gogh_s0.5,up_blocks.1.attentions.1.transformer_blocks.0.attn2.to_k.weight,0.0026344722136855125,awq_a50,4,0.20179316401481628,0.5640713572502136,0.07732442021369934,0.14429040253162384,1.0,,,0.011769616045057774
UCE,Gogh_s0.5,up_blocks.1.attentions.1.transformer_blocks.0.attn2.to_k.weight,0.0026344722136855125,awq_a50,16,0.20169073902070522,0.26942920684814453,0.01848449744284153,0.08661635220050812,0.9999998733401299,,,0.011769616045057774
UCE,Gogh_s0.5,up_blocks.1.attentions.1.transformer_blocks.0.attn2.to_v.weight,0.002023132750764489,w_only_int8,0,0.21926268935203552,1.0,0.0,,,0.9989417791366577,0.9841790199279785,
UCE,Gogh_s0.5,up_blocks.1.attentions.1.transformer_blocks.0.attn2.to_v.weight,0.002023132750764489,smoothquant_a50,1,0.1990915983915329,0.9863781929016113,0.4566548764705658,0.24622656404972076,1.0,,,0.011751717887818813
UCE,Gogh_s0.5,up_blocks.1.attentions.1.transformer_blocks.0.attn2.to_v.weight,0.002023132750764489,smoothquant_a50,4,0.1989293470978737,0.5366712212562561,0.05721944198012352,0.1444205641746521,1.0,,,0.011751717887818813
UCE,Gogh_s0.5,up_blocks.1.attentions.1.transformer_blocks.0.attn2.to_v.weight,0.002023132750764489,smoothquant_a50,16,0.19895788840949535,0.259499728679657,0.013585408218204975,0.08705195784568787,1.0,,,0.011751717887818813
UCE,Gogh_s0.5,up_blocks.1.attentions.1.transformer_blocks.0.attn2.to_v.weight,0.002023132750764489,smoothquant_a75,1,0.20246073603630066,1.0179798603057861,0.5548258423805237,0.2538520395755768,1.0,,,0.011751717887818813
UCE,Gogh_s0.5,up_blocks.1.attentions.1.transformer_blocks.0.attn2.to_v.weight,0.002023132750764489,smoothquant_a75,4,0.2020517997443676,0.5440745949745178,0.070404052734375,0.1473747044801712,1.0,,,0.011751717887818813
UCE,Gogh_s0.5,up_blocks.1.attentions.1.transformer_blocks.0.attn2.to_v.weight,0.002023132750764489,smoothquant_a75,16,0.20199648570269346,0.2634994685649872,0.014170329086482525,0.08705861866474152,1.0,,,0.011751717887818813
UCE,Gogh_s0.5,up_blocks.1.attentions.1.transformer_blocks.0.attn2.to_v.weight,0.002023132750764489,smoothquant_a85,1,0.20397745072841644,1.0348811149597168,0.5993662476539612,0.2571941614151001,1.0,,,0.011751717887818813
UCE,Gogh_s0.5,up_blocks.1.attentions.1.transformer_blocks.0.attn2.to_v.weight,0.002023132750764489,smoothquant_a85,4,0.2037043236196041,0.550116240978241,0.08042297512292862,0.14894670248031616,1.0,,,0.011751717887818813
UCE,Gogh_s0.5,up_blocks.1.attentions.1.transformer_blocks.0.attn2.to_v.weight,0.002023132750764489,smoothquant_a85,16,0.20370604377239943,0.26760029792785645,0.015535482205450535,0.08773388713598251,1.0,,,0.011751717887818813
UCE,Gogh_s0.5,up_blocks.1.attentions.1.transformer_blocks.0.attn2.to_v.weight,0.002023132750764489,awq_a50,1,0.21399638056755066,1.0087974071502686,0.5453440546989441,0.2516968548297882,1.0,,,0.011751717887818813
UCE,Gogh_s0.5,up_blocks.1.attentions.1.transformer_blocks.0.attn2.to_v.weight,0.002023132750764489,awq_a50,4,0.2139740027487278,0.5492942929267883,0.04552408680319786,0.14703436195850372,1.0,,,0.011751717887818813
UCE,Gogh_s0.5,up_blocks.1.attentions.1.transformer_blocks.0.attn2.to_v.weight,0.002023132750764489,awq_a50,16,0.21398105844855309,0.26606881618499756,0.007901000790297985,0.08883444964885712,0.9999996200203896,,,0.011751717887818813
UCE,Gogh_s0.5,up_blocks.1.attentions.2.transformer_blocks.0.attn2.to_k.weight,0.0027611481491476297,w_only_int8,0,0.1940968781709671,1.0,0.0,,,0.9989099502563477,0.9872263669967651,
UCE,Gogh_s0.5,up_blocks.1.attentions.2.transformer_blocks.0.attn2.to_k.weight,0.0027611481491476297,smoothquant_a50,1,0.18932393193244934,1.0183781385421753,0.5646759271621704,0.23163211345672607,1.0,,,0.011809260584414005
UCE,Gogh_s0.5,up_blocks.1.attentions.2.transformer_blocks.0.attn2.to_k.weight,0.0027611481491476297,smoothquant_a50,4,0.1892857849597931,0.5633912086486816,0.08195393532514572,0.13675066828727722,1.0,,,0.011809260584414005
UCE,Gogh_s0.5,up_blocks.1.attentions.2.transformer_blocks.0.attn2.to_k.weight,0.0027611481491476297,smoothquant_a50,16,0.18929506838321686,0.2700236141681671,0.02199503593146801,0.08251535147428513,1.0,,,0.011809260584414005
UCE,Gogh_s0.5,up_blocks.1.attentions.2.transformer_blocks.0.attn2.to_k.weight,0.0027611481491476297,smoothquant_a75,1,0.19750875234603882,1.0693897008895874,0.6821848750114441,0.24612022936344147,1.0,,,0.011809260584414005
UCE,Gogh_s0.5,up_blocks.1.attentions.2.transformer_blocks.0.attn2.to_k.weight,0.0027611481491476297,smoothquant_a75,4,0.1971989944577217,0.5993035435676575,0.14291483163833618,0.14857548475265503,1.0,,,0.011809260584414005
UCE,Gogh_s0.5,up_blocks.1.attentions.2.transformer_blocks.0.attn2.to_k.weight,0.0027611481491476297,smoothquant_a75,16,0.1969104129821062,0.28555259108543396,0.03516744077205658,0.08791658282279968,1.0,,,0.011809260584414005
UCE,Gogh_s0.5,up_blocks.1.attentions.2.transformer_blocks.0.attn2.to_k.weight,0.0027611481491476297,smoothquant_a85,1,0.19896341860294342,1.1082587242126465,0.7373412847518921,0.2556288540363312,1.0,,,0.011809260584414005
UCE,Gogh_s0.5,up_blocks.1.attentions.2.transformer_blocks.0.attn2.to_k.weight,0.0027611481491476297,smoothquant_a85,4,0.19862492755055428,0.6353758573532104,0.18931986391544342,0.15795019268989563,1.0,,,0.011809260584414005
UCE,Gogh_s0.5,up_blocks.1.attentions.2.transformer_blocks.0.attn2.to_k.weight,0.0027611481491476297,smoothquant_a85,16,0.19826965406537056,0.30166634917259216,0.0471852608025074,0.09333048015832901,1.0,,,0.011809260584414005
UCE,Gogh_s0.5,up_blocks.1.attentions.2.transformer_blocks.0.attn2.to_k.weight,0.0027611481491476297,awq_a50,1,0.19351501762866974,1.0240172147750854,0.6096018552780151,0.2343452274799347,1.0,,,0.011809260584414005
UCE,Gogh_s0.5,up_blocks.1.attentions.2.transformer_blocks.0.attn2.to_k.weight,0.0027611481491476297,awq_a50,4,0.1934097297489643,0.5722635388374329,0.08763936161994934,0.13934111595153809,1.0,,,0.011809260584414005
UCE,Gogh_s0.5,up_blocks.1.attentions.2.transformer_blocks.0.attn2.to_k.weight,0.0027611481491476297,awq_a50,16,0.19334557931870222,0.2754482626914978,0.02126871794462204,0.08398184180259705,0.9999999366700649,,,0.011809260584414005
UCE,Gogh_s0.5,up_blocks.1.attentions.2.transformer_blocks.0.attn2.to_v.weight,0.0019085389794781804,w_only_int8,0,0.21569620072841644,1.0,0.0,,,0.9993303418159485,0.9847405552864075,
UCE,Gogh_s0.5,up_blocks.1.attentions.2.transformer_blocks.0.attn2.to_v.weight,0.0019085389794781804,smoothquant_a50,1,0.19444681704044342,0.9714422821998596,0.4202463924884796,0.24020884931087494,1.0,,,0.011753077618777752
UCE,Gogh_s0.5,up_blocks.1.attentions.2.transformer_blocks.0.attn2.to_v.weight,0.0019085389794781804,smoothquant_a50,4,0.19472554698586464,0.5226675271987915,0.05348917469382286,0.1395445019006729,1.0,,,0.011753077618777752
UCE,Gogh_s0.5,up_blocks.1.attentions.2.transformer_blocks.0.attn2.to_v.weight,0.0019085389794781804,smoothquant_a50,16,0.19458065181970596,0.2554647922515869,0.013584391213953495,0.08465547859668732,1.0,,,0.011753077618777752
UCE,Gogh_s0.5,up_blocks.1.attentions.2.transformer_blocks.0.attn2.to_v.weight,0.0019085389794781804,smoothquant_a75,1,0.1988779753446579,1.0088615417480469,0.5257171392440796,0.24853669106960297,1.0,,,0.011753077618777752
UCE,Gogh_s0.5,up_blocks.1.attentions.2.transformer_blocks.0.attn2.to_v.weight,0.0019085389794781804,smoothquant_a75,4,0.19905675202608109,0.534376323223114,0.06707458198070526,0.14291363954544067,1.0,,,0.011753077618777752
UCE,Gogh_s0.5,up_blocks.1.attentions.2.transformer_blocks.0.attn2.to_v.weight,0.0019085389794781804,smoothquant_a75,16,0.19918607082217932,0.26102617383003235,0.014545694924890995,0.08504469692707062,1.0,,,0.011753077618777752
UCE,Gogh_s0.5,up_blocks.1.attentions.2.transformer_blocks.0.attn2.to_v.weight,0.0019085389794781804,smoothquant_a85,1,0.20216268301010132,1.030341386795044,0.5825245976448059,0.2532564103603363,1.0,,,0.011753077618777752
UCE,Gogh_s0.5,up_blocks.1.attentions.2.transformer_blocks.0.attn2.to_v.weight,0.0019085389794781804,smoothquant_a85,4,0.2023615501821041,0.5432097911834717,0.08026123046875,0.1458882838487625,1.0,,,0.011753077618777752
UCE,Gogh_s0.5,up_blocks.1.attentions.2.transformer_blocks.0.attn2.to_v.weight,0.0019085389794781804,smoothquant_a85,16,0.20248177833855152,0.2668265402317047,0.01663309708237648,0.08637997508049011,1.0,,,0.011753077618777752
UCE,Gogh_s0.5,up_blocks.1.attentions.2.transformer_blocks.0.attn2.to_v.weight,0.0019085389794781804,awq_a50,1,0.21044108271598816,1.0071067810058594,0.5362823605537415,0.24770322442054749,1.0,,,0.011753077618777752
UCE,Gogh_s0.5,up_blocks.1.attentions.2.transformer_blocks.0.attn2.to_v.weight,0.0019085389794781804,awq_a50,4,0.210718534886837,0.5499240159988403,0.04538167268037796,0.14470890164375305,0.9999997466802597,,,0.011753077618777752
UCE,Gogh_s0.5,up_blocks.1.attentions.2.transformer_blocks.0.attn2.to_v.weight,0.0019085389794781804,awq_a50,16,0.21072031650692225,0.2655099332332611,0.00839335098862648,0.08763282746076584,0.9999998733401299,,,0.011753077618777752
UCE,Gogh_s0.5,up_blocks.2.attentions.0.transformer_blocks.0.attn2.to_k.weight,0.003319262992590666,w_only_int8,0,0.18240763247013092,1.0,0.0,,,0.9987984299659729,0.9886423349380493,
UCE,Gogh_s0.5,up_blocks.2.attentions.0.transformer_blocks.0.attn2.to_k.weight,0.003319262992590666,smoothquant_a50,1,0.17675374448299408,1.0238308906555176,0.5721781253814697,0.22016112506389618,1.0,,,0.013173861429095268
UCE,Gogh_s0.5,up_blocks.2.attentions.0.transformer_blocks.0.attn2.to_k.weight,0.003319262992590666,smoothquant_a50,4,0.17679036781191826,0.6020407676696777,0.12080485373735428,0.13659530878067017,1.0,,,0.013173861429095268
UCE,Gogh_s0.5,up_blocks.2.attentions.0.transformer_blocks.0.attn2.to_k.weight,0.003319262992590666,smoothquant_a50,16,0.1766349794343114,0.28749218583106995,0.03375244140625,0.08352062106132507,1.0,,,0.013173861429095268
UCE,Gogh_s0.5,up_blocks.2.attentions.0.transformer_blocks.0.attn2.to_k.weight,0.003319262992590666,smoothquant_a75,1,0.19863484799861908,1.1984269618988037,0.804272472858429,0.259031742811203,1.0,,,0.013173861429095268
UCE,Gogh_s0.5,up_blocks.2.attentions.0.transformer_blocks.0.attn2.to_k.weight,0.003319262992590666,smoothquant_a75,4,0.19835815578699112,0.7481992244720459,0.29893189668655396,0.17090576887130737,1.0,,,0.013173861429095268
UCE,Gogh_s0.5,up_blocks.2.attentions.0.transformer_blocks.0.attn2.to_k.weight,0.003319262992590666,smoothquant_a75,16,0.1971172345802188,0.3527342677116394,0.09311726689338684,0.1037961095571518,1.0,,,0.013173861429095268
UCE,Gogh_s0.5,up_blocks.2.attentions.0.transformer_blocks.0.attn2.to_k.weight,0.003319262992590666,smoothquant_a85,1,0.21119791269302368,1.3294013738632202,0.8735982179641724,0.2816580533981323,1.0,,,0.013173861429095268
UCE,Gogh_s0.5,up_blocks.2.attentions.0.transformer_blocks.0.attn2.to_k.weight,0.003319262992590666,smoothquant_a85,4,0.21086985245347023,0.8441159129142761,0.3873738646507263,0.19102734327316284,1.0,,,0.013173861429095268
UCE,Gogh_s0.5,up_blocks.2.attentions.0.transformer_blocks.0.attn2.to_k.weight,0.003319262992590666,smoothquant_a85,16,0.20910860691219568,0.401363343000412,0.13218383491039276,0.11726535856723785,1.0,,,0.013173861429095268
UCE,Gogh_s0.5,up_blocks.2.attentions.0.transformer_blocks.0.attn2.to_k.weight,0.003319262992590666,awq_a50,1,0.19402669370174408,1.0942541360855103,0.75592041015625,0.24135048687458038,1.0,,,0.013173861429095268
UCE,Gogh_s0.5,up_blocks.2.attentions.0.transformer_blocks.0.attn2.to_k.weight,0.003319262992590666,awq_a50,4,0.19399617239832878,0.6997767090797424,0.23441976308822632,0.1572575718164444,0.9999994933605194,,,0.013173861429095268
UCE,Gogh_s0.5,up_blocks.2.attentions.0.transformer_blocks.0.attn2.to_k.weight,0.003319262992590666,awq_a50,16,0.19371630251407623,0.3290276825428009,0.07213745266199112,0.09547477215528488,0.9999992400407791,,,0.013173861429095268
UCE,Gogh_s0.5,up_blocks.2.attentions.0.transformer_blocks.0.attn2.to_v.weight,0.002652552677318454,w_only_int8,0,0.21166178584098816,1.0,0.0,,,0.9987815022468567,0.9852100014686584,
UCE,Gogh_s0.5,up_blocks.2.attentions.0.transformer_blocks.0.attn2.to_v.weight,0.002652552677318454,smoothquant_a50,1,0.18860474228858948,0.938892662525177,0.34251099824905396,0.23021692037582397,1.0,,,0.011063892394304276
UCE,Gogh_s0.5,up_blocks.2.attentions.0.transformer_blocks.0.attn2.to_v.weight,0.002652552677318454,smoothquant_a50,4,0.18837076798081398,0.515878438949585,0.04518025740981102,0.13527339696884155,1.0,,,0.011063892394304276
UCE,Gogh_s0.5,up_blocks.2.attentions.0.transformer_blocks.0.attn2.to_v.weight,0.002652552677318454,smoothquant_a50,16,0.18836860731244087,0.2518123388290405,0.011525471694767475,0.08195987343788147,1.0,,,0.011063892394304276
UCE,Gogh_s0.5,up_blocks.2.attentions.0.transformer_blocks.0.attn2.to_v.weight,0.002652552677318454,smoothquant_a75,1,0.2001139372587204,1.0074597597122192,0.5206298828125,0.24584372341632843,1.0,,,0.011063892394304276
UCE,Gogh_s0.5,up_blocks.2.attentions.0.transformer_blocks.0.attn2.to_v.weight,0.002652552677318454,smoothquant_a75,4,0.19982096180319786,0.5491405725479126,0.07862956076860428,0.1439375877380371,1.0,,,0.011063892394304276
UCE,Gogh_s0.5,up_blocks.2.attentions.0.transformer_blocks.0.attn2.to_v.weight,0.002652552677318454,smoothquant_a75,16,0.1998663591220975,0.26616260409355164,0.01700846292078495,0.08506700396537781,1.0,,,0.011063892394304276
UCE,Gogh_s0.5,up_blocks.2.attentions.0.transformer_blocks.0.attn2.to_v.weight,0.002652552677318454,smoothquant_a85,1,0.20468750596046448,1.0413044691085815,0.6072367429733276,0.25406402349472046,1.0,,,0.011063892394304276
UCE,Gogh_s0.5,up_blocks.2.attentions.0.transformer_blocks.0.attn2.to_v.weight,0.002652552677318454,smoothquant_a85,4,0.2048334777355194,0.5653623342514038,0.10059814155101776,0.14902561902999878,1.0,,,0.011063892394304276
UCE,Gogh_s0.5,up_blocks.2.attentions.0.transformer_blocks.0.attn2.to_v.weight,0.002652552677318454,smoothquant_a85,16,0.2049917858093977,0.2752150595188141,0.021484375,0.08781643956899643,1.0,,,0.011063892394304276
UCE,Gogh_s0.5,up_blocks.2.attentions.0.transformer_blocks.0.attn2.to_v.weight,0.002652552677318454,awq_a50,1,0.20837809145450592,1.0191450119018555,0.5946004390716553,0.24658656120300293,1.0,,,0.011063892394304276
UCE,Gogh_s0.5,up_blocks.2.attentions.0.transformer_blocks.0.attn2.to_v.weight,0.002652552677318454,awq_a50,4,0.2086237594485283,0.5655136108398438,0.06149495393037796,0.14565354585647583,1.0,,,0.011063892394304276
UCE,Gogh_s0.5,up_blocks.2.attentions.0.transformer_blocks.0.attn2.to_v.weight,0.002652552677318454,awq_a50,16,0.20869662147015333,0.2747911512851715,0.01206868514418602,0.0888543426990509,0.9999996200203896,,,0.011063892394304276
UCE,Gogh_s0.5,up_blocks.2.attentions.1.transformer_blocks.0.attn2.to_k.weight,0.002518818713724613,w_only_int8,0,0.2010396271944046,1.0,0.0,,,0.9990033507347107,0.9862566590309143,
UCE,Gogh_s0.5,up_blocks.2.attentions.1.transformer_blocks.0.attn2.to_k.weight,0.002518818713724613,smoothquant_a50,1,0.19988606870174408,1.030754566192627,0.588055431842804,0.2472599446773529,1.0,,,0.011063802056014538
UCE,Gogh_s0.5,up_blocks.2.attentions.1.transformer_blocks.0.attn2.to_k.weight,0.002518818713724613,smoothquant_a50,4,0.1994176246225834,0.5990840792655945,0.13358764350414276,0.15272800624370575,1.0,,,0.011063802056014538
UCE,Gogh_s0.5,up_blocks.2.attentions.1.transformer_blocks.0.attn2.to_k.weight,0.002518818713724613,smoothquant_a50,16,0.19937235489487648,0.2855270504951477,0.0437825508415699,0.09293000400066376,1.0,,,0.011063802056014538
UCE,Gogh_s0.5,up_blocks.2.attentions.1.transformer_blocks.0.attn2.to_k.weight,0.002518818713724613,smoothquant_a75,1,0.2171427458524704,1.1392393112182617,0.7667317986488342,0.2799241542816162,1.0,,,0.011063802056014538
UCE,Gogh_s0.5,up_blocks.2.attentions.1.transformer_blocks.0.attn2.to_k.weight,0.002518818713724613,smoothquant_a75,4,0.21737060695886612,0.7075140476226807,0.2631734311580658,0.18332907557487488,1.0,,,0.011063802056014538
UCE,Gogh_s0.5,up_blocks.2.attentions.1.transformer_blocks.0.attn2.to_k.weight,0.002518818713724613,smoothquant_a75,16,0.21689364220947027,0.3256058096885681,0.08049723505973816,0.10953067243099213,1.0,,,0.011063802056014538
UCE,Gogh_s0.5,up_blocks.2.attentions.1.transformer_blocks.0.attn2.to_k.weight,0.002518818713724613,smoothquant_a85,1,0.22580769658088684,1.23792564868927,0.8392130732536316,0.3009554147720337,1.0,,,0.011063802056014538
UCE,Gogh_s0.5,up_blocks.2.attentions.1.transformer_blocks.0.attn2.to_k.weight,0.002518818713724613,smoothquant_a85,4,0.2256876602768898,0.7963013052940369,0.34556275606155396,0.20395797491073608,1.0,,,0.011063802056014538
UCE,Gogh_s0.5,up_blocks.2.attentions.1.transformer_blocks.0.attn2.to_k.weight,0.002518818713724613,smoothquant_a85,16,0.22453740425407887,0.36471959948539734,0.11010538786649704,0.12227343022823334,1.0,,,0.011063802056014538
UCE,Gogh_s0.5,up_blocks.2.attentions.1.transformer_blocks.0.attn2.to_k.weight,0.002518818713724613,awq_a50,1,0.20946858823299408,1.062893033027649,0.7237080931663513,0.26087039709091187,1.0,,,0.011063802056014538
UCE,Gogh_s0.5,up_blocks.2.attentions.1.transformer_blocks.0.attn2.to_k.weight,0.002518818713724613,awq_a50,4,0.20908508077263832,0.6708139777183533,0.20261840522289276,0.16830503940582275,0.9999994933605194,,,0.011063802056014538
UCE,Gogh_s0.5,up_blocks.2.attentions.1.transformer_blocks.0.attn2.to_k.weight,0.002518818713724613,awq_a50,16,0.20866635628044605,0.30984628200531006,0.06515909731388092,0.10145880281925201,0.9999988600611687,,,0.011063802056014538
UCE,Gogh_s0.5,up_blocks.2.attentions.1.transformer_blocks.0.attn2.to_v.weight,0.0016420031897723675,w_only_int8,0,0.22512003779411316,1.0,0.0,,,0.9992490410804749,0.9824004769325256,
UCE,Gogh_s0.5,up_blocks.2.attentions.1.transformer_blocks.0.attn2.to_v.weight,0.0016420031897723675,smoothquant_a50,1,0.201995849609375,0.9422234892845154,0.36770427227020264,0.24924293160438538,1.0,,,0.01047932542860508
UCE,Gogh_s0.5,up_blocks.2.attentions.1.transformer_blocks.0.attn2.to_v.weight,0.0016420031897723675,smoothquant_a50,4,0.2017166130244732,0.5204408168792725,0.06473185122013092,0.14786884188652039,1.0,,,0.01047932542860508
UCE,Gogh_s0.5,up_blocks.2.attentions.1.transformer_blocks.0.attn2.to_v.weight,0.0016420031897723675,smoothquant_a50,16,0.2015065522864461,0.25461670756340027,0.01925455778837204,0.0900520533323288,1.0,,,0.01047932542860508
UCE,Gogh_s0.5,up_blocks.2.attentions.1.transformer_blocks.0.attn2.to_v.weight,0.0016420031897723675,smoothquant_a75,1,0.2086181640625,1.0052508115768433,0.5133707523345947,0.2651394009590149,1.0,,,0.01047932542860508
UCE,Gogh_s0.5,up_blocks.2.attentions.1.transformer_blocks.0.attn2.to_v.weight,0.0016420031897723675,smoothquant_a75,4,0.2078954055905342,0.5560827255249023,0.09697672724723816,0.15808925032615662,1.0,,,0.01047932542860508
UCE,Gogh_s0.5,up_blocks.2.attentions.1.transformer_blocks.0.attn2.to_v.weight,0.0016420031897723675,smoothquant_a75,16,0.2077688854187727,0.2717435657978058,0.02877197228372097,0.09555980563163757,1.0,,,0.01047932542860508
UCE,Gogh_s0.5,up_blocks.2.attentions.1.transformer_blocks.0.attn2.to_v.weight,0.0016420031897723675,smoothquant_a85,1,0.21313069760799408,1.0388654470443726,0.5948588252067566,0.2734237313270569,1.0,,,0.01047932542860508
UCE,Gogh_s0.5,up_blocks.2.attentions.1.transformer_blocks.0.attn2.to_v.weight,0.0016420031897723675,smoothquant_a85,4,0.21183624118566513,0.5759723782539368,0.11896565556526184,0.1635720133781433,1.0,,,0.01047932542860508
UCE,Gogh_s0.5,up_blocks.2.attentions.1.transformer_blocks.0.attn2.to_v.weight,0.0016420031897723675,smoothquant_a85,16,0.21213556919246912,0.28423070907592773,0.03614502027630806,0.09942495077848434,1.0,,,0.01047932542860508
UCE,Gogh_s0.5,up_blocks.2.attentions.1.transformer_blocks.0.attn2.to_v.weight,0.0016420031897723675,awq_a50,1,0.22271321713924408,1.0153517723083496,0.5724548101425171,0.26469969749450684,1.0,,,0.01047932542860508
UCE,Gogh_s0.5,up_blocks.2.attentions.1.transformer_blocks.0.attn2.to_v.weight,0.0016420031897723675,awq_a50,4,0.22224527969956398,0.5676813721656799,0.06475016474723816,0.15788502991199493,1.0,,,0.01047932542860508
UCE,Gogh_s0.5,up_blocks.2.attentions.1.transformer_blocks.0.attn2.to_v.weight,0.0016420031897723675,awq_a50,16,0.2220539078116417,0.27651214599609375,0.01581420935690403,0.09713216125965118,0.9999998733401299,,,0.01047932542860508
UCE,Gogh_s0.5,up_blocks.2.attentions.2.transformer_blocks.0.attn2.to_k.weight,0.002625138033181429,w_only_int8,0,0.19573363661766052,1.0,0.0,,,0.9991897940635681,0.9873167276382446,
UCE,Gogh_s0.5,up_blocks.2.attentions.2.transformer_blocks.0.attn2.to_k.weight,0.002625138033181429,smoothquant_a50,1,0.19364216923713684,1.0278986692428589,0.5801452398300171,0.23908554017543793,1.0,,,0.011368267238140106
UCE,Gogh_s0.5,up_blocks.2.attentions.2.transformer_blocks.0.attn2.to_k.weight,0.002625138033181429,smoothquant_a50,4,0.193714901804924,0.6009781956672668,0.13755086064338684,0.14739124476909637,1.0,,,0.011368267238140106
UCE,Gogh_s0.5,up_blocks.2.attentions.2.transformer_blocks.0.attn2.to_k.weight,0.002625138033181429,smoothquant_a50,16,0.19322357140481472,0.2835761308670044,0.04757283627986908,0.08928875625133514,1.0,,,0.011368267238140106
UCE,Gogh_s0.5,up_blocks.2.attentions.2.transformer_blocks.0.attn2.to_k.weight,0.002625138033181429,smoothquant_a75,1,0.21065063774585724,1.1332907676696777,0.7547953128814697,0.2677875757217407,1.0,,,0.011368267238140106
UCE,Gogh_s0.5,up_blocks.2.attentions.2.transformer_blocks.0.attn2.to_k.weight,0.002625138033181429,smoothquant_a75,4,0.2105260193347931,0.6921927332878113,0.25359293818473816,0.1730143427848816,1.0,,,0.011368267238140106
UCE,Gogh_s0.5,up_blocks.2.attentions.2.transformer_blocks.0.attn2.to_k.weight,0.002625138033181429,smoothquant_a75,16,0.20978533383458853,0.32042765617370605,0.07965698093175888,0.10263358801603317,1.0,,,0.011368267238140106
UCE,Gogh_s0.5,up_blocks.2.attentions.2.transformer_blocks.0.attn2.to_k.weight,0.002625138033181429,smoothquant_a85,1,0.21776530146598816,1.2071287631988525,0.8145507574081421,0.2840464115142822,1.0,,,0.011368267238140106
UCE,Gogh_s0.5,up_blocks.2.attentions.2.transformer_blocks.0.attn2.to_k.weight,0.002625138033181429,smoothquant_a85,4,0.21835937723517418,0.7562647461891174,0.3144470155239105,0.187979593873024,1.0,,,0.011368267238140106
UCE,Gogh_s0.5,up_blocks.2.attentions.2.transformer_blocks.0.attn2.to_k.weight,0.002625138033181429,smoothquant_a85,16,0.21685956418514252,0.34973809123039246,0.10183919221162796,0.11208715289831161,1.0,,,0.011368267238140106
UCE,Gogh_s0.5,up_blocks.2.attentions.2.transformer_blocks.0.attn2.to_k.weight,0.002625138033181429,awq_a50,1,0.20118612051010132,1.0464587211608887,0.6800171136856079,0.24515444040298462,1.0,,,0.011368267238140106
UCE,Gogh_s0.5,up_blocks.2.attentions.2.transformer_blocks.0.attn2.to_k.weight,0.002625138033181429,awq_a50,4,0.2008010894060135,0.6298826932907104,0.1604410856962204,0.15283116698265076,1.0,,,0.011368267238140106
UCE,Gogh_s0.5,up_blocks.2.attentions.2.transformer_blocks.0.attn2.to_k.weight,0.002625138033181429,awq_a50,16,0.20055325888097286,0.29515716433525085,0.04891764372587204,0.09140213578939438,0.9999997466802597,,,0.011368267238140106
UCE,Gogh_s0.5,up_blocks.2.attentions.2.transformer_blocks.0.attn2.to_v.weight,0.0015419279225170612,w_only_int8,0,0.21937866508960724,1.0,0.0,,,0.9984325766563416,0.9841539859771729,
UCE,Gogh_s0.5,up_blocks.2.attentions.2.transformer_blocks.0.attn2.to_v.weight,0.0015419279225170612,smoothquant_a50,1,0.1854654997587204,0.911052942276001,0.30517578125,0.23171880841255188,1.0,,,0.011275566183030605
UCE,Gogh_s0.5,up_blocks.2.attentions.2.transformer_blocks.0.attn2.to_v.weight,0.0015419279225170612,smoothquant_a50,4,0.18554331362247467,0.4936242699623108,0.04607544094324112,0.13518227636814117,1.0,,,0.011275566183030605
UCE,Gogh_s0.5,up_blocks.2.attentions.2.transformer_blocks.0.attn2.to_v.weight,0.0015419279225170612,smoothquant_a50,16,0.18572997953742743,0.24329471588134766,0.013519287109375,0.08232560753822327,1.0,,,0.011275566183030605
UCE,Gogh_s0.5,up_blocks.2.attentions.2.transformer_blocks.0.attn2.to_v.weight,0.0015419279225170612,smoothquant_a75,1,0.19531045854091644,0.9866808652877808,0.4660481810569763,0.2489287406206131,1.0,,,0.011275566183030605
UCE,Gogh_s0.5,up_blocks.2.attentions.2.transformer_blocks.0.attn2.to_v.weight,0.0015419279225170612,smoothquant_a75,4,0.19525757059454918,0.5403414964675903,0.07455240935087204,0.14677248895168304,1.0,,,0.011275566183030605
UCE,Gogh_s0.5,up_blocks.2.attentions.2.transformer_blocks.0.attn2.to_v.weight,0.0015419279225170612,smoothquant_a75,16,0.19596990011632442,0.2671108543872833,0.02072346955537796,0.08863386511802673,1.0,,,0.011275566183030605
UCE,Gogh_s0.5,up_blocks.2.attentions.2.transformer_blocks.0.attn2.to_v.weight,0.0015419279225170612,smoothquant_a85,1,0.2018636018037796,1.0260608196258545,0.5652120113372803,0.2578471302986145,1.0,,,0.011275566183030605
UCE,Gogh_s0.5,up_blocks.2.attentions.2.transformer_blocks.0.attn2.to_v.weight,0.0015419279225170612,smoothquant_a85,4,0.20096486434340477,0.5637118220329285,0.10006510466337204,0.1526813805103302,1.0,,,0.011275566183030605
UCE,Gogh_s0.5,up_blocks.2.attentions.2.transformer_blocks.0.attn2.to_v.weight,0.0015419279225170612,smoothquant_a85,16,0.2014418300241232,0.27615833282470703,0.02699381485581398,0.09163490682840347,1.0,,,0.011275566183030605
UCE,Gogh_s0.5,up_blocks.2.attentions.2.transformer_blocks.0.attn2.to_v.weight,0.0015419279225170612,awq_a50,1,0.21442870795726776,1.0129117965698242,0.5652262568473816,0.25308066606521606,1.0,,,0.011275566183030605
UCE,Gogh_s0.5,up_blocks.2.attentions.2.transformer_blocks.0.attn2.to_v.weight,0.0015419279225170612,awq_a50,4,0.21435292437672615,0.5599879622459412,0.05587158352136612,0.14977949857711792,1.0,,,0.011275566183030605
UCE,Gogh_s0.5,up_blocks.2.attentions.2.transformer_blocks.0.attn2.to_v.weight,0.0015419279225170612,awq_a50,16,0.21462338790297508,0.2732839584350586,0.014469400979578495,0.09189698100090027,0.9999997466802597,,,0.011275566183030605
UCE,Gogh_s0.5,up_blocks.3.attentions.0.transformer_blocks.0.attn2.to_k.weight,0.0026939266826957464,w_only_int8,0,0.24984537065029144,1.0,0.0,,,0.9982194304466248,0.9765687584877014,
UCE,Gogh_s0.5,up_blocks.3.attentions.0.transformer_blocks.0.attn2.to_k.weight,0.0026939266826957464,smoothquant_a50,1,0.23943278193473816,0.9135003685951233,0.35767823457717896,0.2776474952697754,1.0,,,0.008077320642769337
UCE,Gogh_s0.5,up_blocks.3.attentions.0.transformer_blocks.0.attn2.to_k.weight,0.0026939266826957464,smoothquant_a50,4,0.23879903554916382,0.6368153691291809,0.15510253608226776,0.19473059475421906,1.0,,,0.008077320642769337
UCE,Gogh_s0.5,up_blocks.3.attentions.0.transformer_blocks.0.attn2.to_k.weight,0.0026939266826957464,smoothquant_a50,16,0.23810348566621542,0.35143718123435974,0.09070231020450592,0.13603335618972778,1.0,,,0.008077320642769337
UCE,Gogh_s0.5,up_blocks.3.attentions.0.transformer_blocks.0.attn2.to_k.weight,0.0026939266826957464,smoothquant_a75,1,0.33625489473342896,1.3704208135604858,0.9588826298713684,0.3808685541152954,1.0,,,0.008077320642769337
UCE,Gogh_s0.5,up_blocks.3.attentions.0.transformer_blocks.0.attn2.to_k.weight,0.0026939266826957464,smoothquant_a75,4,0.3351806625723839,1.0117641687393188,0.5085856318473816,0.28047895431518555,1.0,,,0.008077320642769337
UCE,Gogh_s0.5,up_blocks.3.attentions.0.transformer_blocks.0.attn2.to_k.weight,0.0026939266826957464,smoothquant_a75,16,0.33365173265337944,0.5633485317230225,0.2517049014568329,0.20050179958343506,1.0,,,0.008077320642769337
UCE,Gogh_s0.5,up_blocks.3.attentions.0.transformer_blocks.0.attn2.to_k.weight,0.0026939266826957464,smoothquant_a85,1,0.3800700008869171,1.6464099884033203,0.9781087040901184,0.42801594734191895,1.0,,,0.008077320642769337
UCE,Gogh_s0.5,up_blocks.3.attentions.0.transformer_blocks.0.attn2.to_k.weight,0.0026939266826957464,smoothquant_a85,4,0.3802083358168602,1.22299325466156,0.6265869140625,0.32187265157699585,1.0,,,0.008077320642769337
UCE,Gogh_s0.5,up_blocks.3.attentions.0.transformer_blocks.0.attn2.to_k.weight,0.0026939266826957464,smoothquant_a85,16,0.37881698831915855,0.6912484765052795,0.34197998046875,0.23359721899032593,1.0,,,0.008077320642769337
UCE,Gogh_s0.5,up_blocks.3.attentions.0.transformer_blocks.0.attn2.to_k.weight,0.0026939266826957464,awq_a50,1,0.32884928584098816,1.433964729309082,0.9686279296875,0.37657880783081055,1.0,,,0.008077320642769337
UCE,Gogh_s0.5,up_blocks.3.attentions.0.transformer_blocks.0.attn2.to_k.weight,0.0026939266826957464,awq_a50,4,0.3288970962166786,1.070416808128357,0.5460652709007263,0.2799240052700043,1.0,,,0.008077320642769337
UCE,Gogh_s0.5,up_blocks.3.attentions.0.transformer_blocks.0.attn2.to_k.weight,0.0026939266826957464,awq_a50,16,0.32881495356559753,0.613141655921936,0.29462483525276184,0.20589734613895416,1.0,,,0.008077320642769337
UCE,Gogh_s0.5,up_blocks.3.attentions.0.transformer_blocks.0.attn2.to_v.weight,0.0007200130494311452,w_only_int8,0,0.20490315556526184,1.0,0.0,,,0.9990553855895996,0.9797913432121277,
UCE,Gogh_s0.5,up_blocks.3.attentions.0.transformer_blocks.0.attn2.to_v.weight,0.0007200130494311452,smoothquant_a50,1,0.18945719301700592,0.975845217704773,0.4480549991130829,0.23261338472366333,1.0,,,0.008042396977543831
UCE,Gogh_s0.5,up_blocks.3.attentions.0.transformer_blocks.0.attn2.to_v.weight,0.0007200130494311452,smoothquant_a50,4,0.18898315355181694,0.5445190668106079,0.08724772185087204,0.1414869725704193,1.0,,,0.008042396977543831
UCE,Gogh_s0.5,up_blocks.3.attentions.0.transformer_blocks.0.attn2.to_v.weight,0.0007200130494311452,smoothquant_a50,16,0.18881886824965477,0.26863351464271545,0.02696940116584301,0.08786119520664215,1.0,,,0.008042396977543831
UCE,Gogh_s0.5,up_blocks.3.attentions.0.transformer_blocks.0.attn2.to_v.weight,0.0007200130494311452,smoothquant_a75,1,0.20874430239200592,1.14622962474823,0.7432901859283447,0.28189554810523987,1.0,,,0.008042396977543831
UCE,Gogh_s0.5,up_blocks.3.attentions.0.transformer_blocks.0.attn2.to_v.weight,0.0007200130494311452,smoothquant_a75,4,0.21004129946231842,0.7089881896972656,0.2576456665992737,0.18428312242031097,1.0,,,0.008042396977543831
UCE,Gogh_s0.5,up_blocks.3.attentions.0.transformer_blocks.0.attn2.to_v.weight,0.0007200130494311452,smoothquant_a75,16,0.20949427224695683,0.3501986563205719,0.08553873747587204,0.11689162254333496,1.0,,,0.008042396977543831
UCE,Gogh_s0.5,up_blocks.3.attentions.0.transformer_blocks.0.attn2.to_v.weight,0.0007200130494311452,smoothquant_a85,1,0.22567544877529144,1.3388493061065674,0.8461588621139526,0.31684231758117676,1.0,,,0.008042396977543831
UCE,Gogh_s0.5,up_blocks.3.attentions.0.transformer_blocks.0.attn2.to_v.weight,0.0007200130494311452,smoothquant_a85,4,0.2255401611328125,0.8541626334190369,0.3956542909145355,0.21603763103485107,1.0,,,0.008042396977543831
UCE,Gogh_s0.5,up_blocks.3.attentions.0.transformer_blocks.0.attn2.to_v.weight,0.0007200130494311452,smoothquant_a85,16,0.22391357459127903,0.42599940299987793,0.15160726010799408,0.13984893262386322,1.0,,,0.008042396977543831
UCE,Gogh_s0.5,up_blocks.3.attentions.0.transformer_blocks.0.attn2.to_v.weight,0.0007200130494311452,awq_a50,1,0.22506918013095856,1.1114383935928345,0.7622477412223816,0.2858941853046417,1.0,,,0.008042396977543831
UCE,Gogh_s0.5,up_blocks.3.attentions.0.transformer_blocks.0.attn2.to_v.weight,0.0007200130494311452,awq_a50,4,0.22444865107536316,0.7164596915245056,0.2562215030193329,0.1914472132921219,1.0,,,0.008042396977543831
UCE,Gogh_s0.5,up_blocks.3.attentions.0.transformer_blocks.0.attn2.to_v.weight,0.0007200130494311452,awq_a50,16,0.2238494884222746,0.346163272857666,0.09060872346162796,0.1260276585817337,1.0,,,0.008042396977543831
UCE,Gogh_s0.5,up_blocks.3.attentions.1.transformer_blocks.0.attn2.to_k.weight,0.0027421568520367146,w_only_int8,0,0.23465576767921448,1.0,0.0,,,0.998528778553009,0.9787729978561401,
UCE,Gogh_s0.5,up_blocks.3.attentions.1.transformer_blocks.0.attn2.to_k.weight,0.0027421568520367146,smoothquant_a50,1,0.23077392578125,0.9659865498542786,0.4475463926792145,0.28042981028556824,1.0,,,0.00952470488846302
UCE,Gogh_s0.5,up_blocks.3.attentions.1.transformer_blocks.0.attn2.to_k.weight,0.0027421568520367146,smoothquant_a50,4,0.23079630732536316,0.680233359336853,0.20938314497470856,0.1945285201072693,1.0,,,0.00952470488846302
UCE,Gogh_s0.5,up_blocks.3.attentions.1.transformer_blocks.0.attn2.to_k.weight,0.0027421568520367146,smoothquant_a50,16,0.23053487204015255,0.38734179735183716,0.13202311098575592,0.1366366297006607,1.0,,,0.00952470488846302
UCE,Gogh_s0.5,up_blocks.3.attentions.1.transformer_blocks.0.attn2.to_k.weight,0.0027421568520367146,smoothquant_a75,1,0.3210490047931671,1.413988471031189,0.957995593547821,0.37771525979042053,1.0,,,0.00952470488846302
UCE,Gogh_s0.5,up_blocks.3.attentions.1.transformer_blocks.0.attn2.to_k.weight,0.0027421568520367146,smoothquant_a75,4,0.31948141008615494,1.0631622076034546,0.5423583984375,0.27862629294395447,1.0,,,0.00952470488846302
UCE,Gogh_s0.5,up_blocks.3.attentions.1.transformer_blocks.0.attn2.to_k.weight,0.0027421568520367146,smoothquant_a75,16,0.31854324229061604,0.6143873929977417,0.3002075254917145,0.2006824016571045,1.0,,,0.00952470488846302
UCE,Gogh_s0.5,up_blocks.3.attentions.1.transformer_blocks.0.attn2.to_k.weight,0.0027421568520367146,smoothquant_a85,1,0.3642130494117737,1.6977336406707764,0.9805826544761658,0.42454245686531067,1.0,,,0.00952470488846302
UCE,Gogh_s0.5,up_blocks.3.attentions.1.transformer_blocks.0.attn2.to_k.weight,0.0027421568520367146,smoothquant_a85,4,0.36335042864084244,1.284725546836853,0.6524210572242737,0.31932270526885986,1.0,,,0.00952470488846302
UCE,Gogh_s0.5,up_blocks.3.attentions.1.transformer_blocks.0.attn2.to_k.weight,0.0027421568520367146,smoothquant_a85,16,0.3618687968701124,0.7561270594596863,0.3861043155193329,0.23345671594142914,1.0,,,0.00952470488846302
UCE,Gogh_s0.5,up_blocks.3.attentions.1.transformer_blocks.0.attn2.to_k.weight,0.0027421568520367146,awq_a50,1,0.3046061098575592,1.4325454235076904,0.9595621824264526,0.35561156272888184,1.0,,,0.00952470488846302
UCE,Gogh_s0.5,up_blocks.3.attentions.1.transformer_blocks.0.attn2.to_k.weight,0.0027421568520367146,awq_a50,4,0.3045196458697319,1.0503005981445312,0.5337606072425842,0.26061469316482544,1.0,,,0.00952470488846302
UCE,Gogh_s0.5,up_blocks.3.attentions.1.transformer_blocks.0.attn2.to_k.weight,0.0027421568520367146,awq_a50,16,0.3035229966044426,0.5972970724105835,0.28387451171875,0.1864633709192276,1.0,,,0.00952470488846302
UCE,Gogh_s0.5,up_blocks.3.attentions.1.transformer_blocks.0.attn2.to_v.weight,0.0009253699681721628,w_only_int8,0,0.21383871138095856,1.0,0.0,,,0.9978374242782593,0.980590283870697,
UCE,Gogh_s0.5,up_blocks.3.attentions.1.transformer_blocks.0.attn2.to_v.weight,0.0009253699681721628,smoothquant_a50,1,0.1867268830537796,0.9352958798408508,0.3629801571369171,0.23438431322574615,1.0,,,0.00907531101256609
UCE,Gogh_s0.5,up_blocks.3.attentions.1.transformer_blocks.0.attn2.to_v.weight,0.0009253699681721628,smoothquant_a50,4,0.1876525841653347,0.5084947347640991,0.05896402895450592,0.1390163153409958,1.0,,,0.00907531101256609
UCE,Gogh_s0.5,up_blocks.3.attentions.1.transformer_blocks.0.attn2.to_v.weight,0.0009253699681721628,smoothquant_a50,16,0.1875981641933322,0.25156980752944946,0.01904296875,0.08622582256793976,1.0,,,0.00907531101256609
UCE,Gogh_s0.5,up_blocks.3.attentions.1.transformer_blocks.0.attn2.to_v.weight,0.0009253699681721628,smoothquant_a75,1,0.1999918669462204,1.0974271297454834,0.6851643919944763,0.2776954770088196,1.0,,,0.00907531101256609
UCE,Gogh_s0.5,up_blocks.3.attentions.1.transformer_blocks.0.attn2.to_v.weight,0.0009253699681721628,smoothquant_a75,4,0.20141804963350296,0.6330892443656921,0.18675944209098816,0.17369534075260162,1.0,,,0.00907531101256609
UCE,Gogh_s0.5,up_blocks.3.attentions.1.transformer_blocks.0.attn2.to_v.weight,0.0009253699681721628,smoothquant_a75,16,0.20175857562571764,0.317661851644516,0.0638224259018898,0.11075595766305923,1.0,,,0.00907531101256609
UCE,Gogh_s0.5,up_blocks.3.attentions.1.transformer_blocks.0.attn2.to_v.weight,0.0009253699681721628,smoothquant_a85,1,0.21580404043197632,1.2339047193527222,0.803149402141571,0.30676189064979553,1.0,,,0.00907531101256609
UCE,Gogh_s0.5,up_blocks.3.attentions.1.transformer_blocks.0.attn2.to_v.weight,0.0009253699681721628,smoothquant_a85,4,0.21663004904985428,0.7248917818069458,0.2851196229457855,0.1978190392255783,1.0,,,0.00907531101256609
UCE,Gogh_s0.5,up_blocks.3.attentions.1.transformer_blocks.0.attn2.to_v.weight,0.0009253699681721628,smoothquant_a85,16,0.21665039099752903,0.3638816475868225,0.1078084334731102,0.12774257361888885,1.0,,,0.00907531101256609
UCE,Gogh_s0.5,up_blocks.3.attentions.1.transformer_blocks.0.attn2.to_v.weight,0.0009253699681721628,awq_a50,1,0.22236327826976776,1.086193323135376,0.7498006224632263,0.2824965715408325,1.0,,,0.00907531101256609
UCE,Gogh_s0.5,up_blocks.3.attentions.1.transformer_blocks.0.attn2.to_v.weight,0.0009253699681721628,awq_a50,4,0.22229715809226036,0.6482484340667725,0.18500569462776184,0.17992021143436432,1.0,,,0.00907531101256609
UCE,Gogh_s0.5,up_blocks.3.attentions.1.transformer_blocks.0.attn2.to_v.weight,0.0009253699681721628,awq_a50,16,0.22255096398293972,0.3209342062473297,0.06967366486787796,0.11865992099046707,0.9999994896352291,,,0.00907531101256609
UCE,Gogh_s0.5,up_blocks.3.attentions.2.transformer_blocks.0.attn2.to_k.weight,0.002428085543215275,w_only_int8,0,0.24984130263328552,1.0,0.0,,,0.9984438419342041,0.9759203791618347,
UCE,Gogh_s0.5,up_blocks.3.attentions.2.transformer_blocks.0.attn2.to_k.weight,0.002428085543215275,smoothquant_a50,1,0.24192708730697632,0.9578789472579956,0.44054362177848816,0.2900102138519287,1.0,,,0.01213287003338337
UCE,Gogh_s0.5,up_blocks.3.attentions.2.transformer_blocks.0.attn2.to_k.weight,0.002428085543215275,smoothquant_a50,4,0.24189554899930954,0.679076611995697,0.22303873300552368,0.20654889941215515,1.0,,,0.01213287003338337
UCE,Gogh_s0.5,up_blocks.3.attentions.2.transformer_blocks.0.attn2.to_k.weight,0.002428085543215275,smoothquant_a50,16,0.2413744619116187,0.37270796298980713,0.14387206733226776,0.14110009372234344,1.0,,,0.01213287003338337
UCE,Gogh_s0.5,up_blocks.3.attentions.2.transformer_blocks.0.attn2.to_k.weight,0.002428085543215275,smoothquant_a75,1,0.3373372256755829,1.427914023399353,0.9570149779319763,0.3950815200805664,1.0,,,0.01213287003338337
UCE,Gogh_s0.5,up_blocks.3.attentions.2.transformer_blocks.0.attn2.to_k.weight,0.002428085543215275,smoothquant_a75,4,0.3373301178216934,1.0708801746368408,0.5492798089981079,0.29430869221687317,1.0,,,0.01213287003338337
UCE,Gogh_s0.5,up_blocks.3.attentions.2.transformer_blocks.0.attn2.to_k.weight,0.002428085543215275,smoothquant_a75,16,0.33598378486931324,0.6171809434890747,0.30192869901657104,0.20975150167942047,1.0,,,0.01213287003338337
UCE,Gogh_s0.5,up_blocks.3.attentions.2.transformer_blocks.0.attn2.to_k.weight,0.002428085543215275,smoothquant_a85,1,0.3838948607444763,1.7106645107269287,0.9801473021507263,0.44392749667167664,1.0,,,0.01213287003338337
UCE,Gogh_s0.5,up_blocks.3.attentions.2.transformer_blocks.0.attn2.to_k.weight,0.002428085543215275,smoothquant_a85,4,0.38365478068590164,1.2952059507369995,0.6581339240074158,0.3356495201587677,1.0,,,0.01213287003338337
UCE,Gogh_s0.5,up_blocks.3.attentions.2.transformer_blocks.0.attn2.to_k.weight,0.002428085543215275,smoothquant_a85,16,0.3819999694824219,0.7678771615028381,0.3923380672931671,0.24498121440410614,1.0,,,0.01213287003338337
UCE,Gogh_s0.5,up_blocks.3.attentions.2.transformer_blocks.0.attn2.to_k.weight,0.002428085543215275,awq_a50,1,0.3224528133869171,1.4425523281097412,0.972900390625,0.3796665072441101,1.0,,,0.01213287003338337
UCE,Gogh_s0.5,up_blocks.3.attentions.2.transformer_blocks.0.attn2.to_k.weight,0.002428085543215275,awq_a50,4,0.322732537984848,1.076523780822754,0.5514729619026184,0.27997276186943054,0.9999969601631165,,,0.01213287003338337
UCE,Gogh_s0.5,up_blocks.3.attentions.2.transformer_blocks.0.attn2.to_k.weight,0.002428085543215275,awq_a50,16,0.32253010757267475,0.6288442611694336,0.30952149629592896,0.20428277552127838,1.0,,,0.01213287003338337
UCE,Gogh_s0.5,up_blocks.3.attentions.2.transformer_blocks.0.attn2.to_v.weight,0.0008959719561971724,w_only_int8,0,0.22033284604549408,1.0,0.0,,,0.9985406994819641,0.980307400226593,
UCE,Gogh_s0.5,up_blocks.3.attentions.2.transformer_blocks.0.attn2.to_v.weight,0.0008959719561971724,smoothquant_a50,1,0.18396402895450592,0.8928346633911133,0.3104614317417145,0.23012679815292358,1.0,,,0.010333971120417118
UCE,Gogh_s0.5,up_blocks.3.attentions.2.transformer_blocks.0.attn2.to_v.weight,0.0008959719561971724,smoothquant_a50,4,0.1840972900390625,0.5041471123695374,0.06027831882238388,0.1410013735294342,1.0,,,0.010333971120417118
UCE,Gogh_s0.5,up_blocks.3.attentions.2.transformer_blocks.0.attn2.to_v.weight,0.0008959719561971724,smoothquant_a50,16,0.18357899971306324,0.2534761428833008,0.01906331442296505,0.08885907381772995,1.0,,,0.010333971120417118
UCE,Gogh_s0.5,up_blocks.3.attentions.2.transformer_blocks.0.attn2.to_v.weight,0.0008959719561971724,smoothquant_a75,1,0.20276692509651184,1.0838956832885742,0.6593465209007263,0.27763330936431885,1.0,,,0.010333971120417118
UCE,Gogh_s0.5,up_blocks.3.attentions.2.transformer_blocks.0.attn2.to_v.weight,0.0008959719561971724,smoothquant_a75,4,0.20295817032456398,0.6535882353782654,0.19398193061351776,0.18031354248523712,1.0,,,0.010333971120417118
UCE,Gogh_s0.5,up_blocks.3.attentions.2.transformer_blocks.0.attn2.to_v.weight,0.0008959719561971724,smoothquant_a75,16,0.20245641004294157,0.3475468158721924,0.07151692360639572,0.1208437830209732,1.0,,,0.010333971120417118
UCE,Gogh_s0.5,up_blocks.3.attentions.2.transformer_blocks.0.attn2.to_v.weight,0.0008959719561971724,smoothquant_a85,1,0.21855062246322632,1.2379869222640991,0.7886637449264526,0.30499857664108276,1.0,,,0.010333971120417118
UCE,Gogh_s0.5,up_blocks.3.attentions.2.transformer_blocks.0.attn2.to_v.weight,0.0008959719561971724,smoothquant_a85,4,0.21883850172162056,0.7500155568122864,0.3035929501056671,0.20347654819488525,1.0,,,0.010333971120417118
UCE,Gogh_s0.5,up_blocks.3.attentions.2.transformer_blocks.0.attn2.to_v.weight,0.0008959719561971724,smoothquant_a85,16,0.21861597709357738,0.4053937494754791,0.13074544072151184,0.13972751796245575,1.0,,,0.010333971120417118
UCE,Gogh_s0.5,up_blocks.3.attentions.2.transformer_blocks.0.attn2.to_v.weight,0.0008959719561971724,awq_a50,1,0.23443196713924408,1.0860658884048462,0.7389811277389526,0.28786662220954895,1.0,,,0.010333971120417118
UCE,Gogh_s0.5,up_blocks.3.attentions.2.transformer_blocks.0.attn2.to_v.weight,0.0008959719561971724,awq_a50,4,0.23356017842888832,0.6844109892845154,0.21525879204273224,0.19001460075378418,1.0,,,0.010333971120417118
UCE,Gogh_s0.5,up_blocks.3.attentions.2.transformer_blocks.0.attn2.to_v.weight,0.0008959719561971724,awq_a50,16,0.23349049966782331,0.3568843603134155,0.09860839694738388,0.13190384209156036,0.9999989867210388,,,0.010333971120417118
UCE,Gogh_s0.5,mid_block.attentions.0.transformer_blocks.0.attn2.to_k.weight,0.002148500643670559,w_only_int8,0,0.18825174868106842,1.0,0.0,,,0.9994478225708008,0.9876406192779541,
UCE,Gogh_s0.5,mid_block.attentions.0.transformer_blocks.0.attn2.to_k.weight,0.002148500643670559,smoothquant_a50,1,0.18686625361442566,1.038390874862671,0.6181671023368835,0.23096834123134613,1.0,,,0.012629800476133823
UCE,Gogh_s0.5,mid_block.attentions.0.transformer_blocks.0.attn2.to_k.weight,0.002148500643670559,smoothquant_a50,4,0.1863095574080944,0.5933325886726379,0.11879069358110428,0.13967929780483246,1.0,,,0.012629800476133823
UCE,Gogh_s0.5,mid_block.attentions.0.transformer_blocks.0.attn2.to_k.weight,0.002148500643670559,smoothquant_a50,16,0.18602040596306324,0.2825924754142761,0.02877909317612648,0.08367110788822174,1.0,,,0.012629800476133823
UCE,Gogh_s0.5,mid_block.attentions.0.transformer_blocks.0.attn2.to_k.weight,0.002148500643670559,smoothquant_a75,1,0.2049509733915329,1.1390949487686157,0.7732136845588684,0.25818613171577454,1.0,,,0.012629800476133823
UCE,Gogh_s0.5,mid_block.attentions.0.transformer_blocks.0.attn2.to_k.weight,0.002148500643670559,smoothquant_a75,4,0.20414428412914276,0.6916185021400452,0.24689026176929474,0.16515617072582245,1.0,,,0.012629800476133823
UCE,Gogh_s0.5,mid_block.attentions.0.transformer_blocks.0.attn2.to_k.weight,0.002148500643670559,smoothquant_a75,16,0.20327650476247072,0.3169849216938019,0.06158345565199852,0.09494098275899887,1.0,,,0.012629800476133823
UCE,Gogh_s0.5,mid_block.attentions.0.transformer_blocks.0.attn2.to_k.weight,0.002148500643670559,smoothquant_a85,1,0.2154032438993454,1.2239928245544434,0.8313191533088684,0.27794599533081055,1.0,,,0.012629800476133823
UCE,Gogh_s0.5,mid_block.attentions.0.transformer_blocks.0.attn2.to_k.weight,0.002148500643670559,smoothquant_a85,4,0.21501999348402023,0.7656568288803101,0.3241994082927704,0.18326476216316223,1.0,,,0.012629800476133823
UCE,Gogh_s0.5,mid_block.attentions.0.transformer_blocks.0.attn2.to_k.weight,0.002148500643670559,smoothquant_a85,16,0.21350466553121805,0.3473793864250183,0.08907674252986908,0.10464281588792801,1.0,,,0.012629800476133823
UCE,Gogh_s0.5,mid_block.attentions.0.transformer_blocks.0.attn2.to_k.weight,0.002148500643670559,awq_a50,1,0.19909362494945526,1.056841254234314,0.7038462162017822,0.24327673017978668,1.0,,,0.012629800476133823
UCE,Gogh_s0.5,mid_block.attentions.0.transformer_blocks.0.attn2.to_k.weight,0.002148500643670559,awq_a50,4,0.1986943557858467,0.6430457234382629,0.18386027216911316,0.15334676206111908,1.0,,,0.012629800476133823
UCE,Gogh_s0.5,mid_block.attentions.0.transformer_blocks.0.attn2.to_k.weight,0.002148500643670559,awq_a50,16,0.198282053694129,0.2994939088821411,0.04707438126206398,0.09038412570953369,0.9999994933605194,,,0.012629800476133823
UCE,Gogh_s0.5,mid_block.attentions.0.transformer_blocks.0.attn2.to_v.weight,0.0018850378692150116,w_only_int8,0,0.20326131582260132,1.0,0.0,,,0.9994819164276123,0.9863192439079285,
UCE,Gogh_s0.5,mid_block.attentions.0.transformer_blocks.0.attn2.to_v.weight,0.0018850378692150116,smoothquant_a50,1,0.19266459345817566,1.016014814376831,0.5512024164199829,0.23954053223133087,1.0,,,0.011828495189547539
UCE,Gogh_s0.5,mid_block.attentions.0.transformer_blocks.0.attn2.to_v.weight,0.0018850378692150116,smoothquant_a50,4,0.1927029937505722,0.5629507899284363,0.09396056830883026,0.14128230512142181,1.0,,,0.011828495189547539
UCE,Gogh_s0.5,mid_block.attentions.0.transformer_blocks.0.attn2.to_v.weight,0.0018850378692150116,smoothquant_a50,16,0.19263540860265493,0.27428576350212097,0.02977396734058857,0.08617836982011795,1.0,,,0.011828495189547539
UCE,Gogh_s0.5,mid_block.attentions.0.transformer_blocks.0.attn2.to_v.weight,0.0018850378692150116,smoothquant_a75,1,0.19332784414291382,1.0535176992416382,0.6435577273368835,0.2500600516796112,1.0,,,0.011828495189547539
UCE,Gogh_s0.5,mid_block.attentions.0.transformer_blocks.0.attn2.to_v.weight,0.0018850378692150116,smoothquant_a75,4,0.19333598017692566,0.5847451090812683,0.13174234330654144,0.14823873341083527,1.0,,,0.011828495189547539
UCE,Gogh_s0.5,mid_block.attentions.0.transformer_blocks.0.attn2.to_v.weight,0.0018850378692150116,smoothquant_a75,16,0.19315370079129934,0.2874572277069092,0.04555969312787056,0.09025408327579498,1.0,,,0.011828495189547539
UCE,Gogh_s0.5,mid_block.attentions.0.transformer_blocks.0.attn2.to_v.weight,0.0018850378692150116,smoothquant_a85,1,0.19298401474952698,1.07649827003479,0.6843922734260559,0.256255567073822,1.0,,,0.011828495189547539
UCE,Gogh_s0.5,mid_block.attentions.0.transformer_blocks.0.attn2.to_v.weight,0.0018850378692150116,smoothquant_a85,4,0.19286245107650757,0.5969811081886292,0.15150858461856842,0.15247954428195953,1.0,,,0.011828495189547539
UCE,Gogh_s0.5,mid_block.attentions.0.transformer_blocks.0.attn2.to_v.weight,0.0018850378692150116,smoothquant_a85,16,0.19238103367388248,0.29555341601371765,0.05505676195025444,0.09325103461742401,1.0,,,0.011828495189547539
UCE,Gogh_s0.5,mid_block.attentions.0.transformer_blocks.0.attn2.to_v.weight,0.0018850378692150116,awq_a50,1,0.19808045029640198,1.0119980573654175,0.5609680414199829,0.23724982142448425,1.0,,,0.011828495189547539
UCE,Gogh_s0.5,mid_block.attentions.0.transformer_blocks.0.attn2.to_v.weight,0.0018850378692150116,awq_a50,4,0.19783706590533257,0.5479554533958435,0.04868469387292862,0.13712027668952942,1.0,,,0.011828495189547539
UCE,Gogh_s0.5,mid_block.attentions.0.transformer_blocks.0.attn2.to_v.weight,0.0018850378692150116,awq_a50,16,0.19773311633616686,0.26732179522514343,0.009975179098546505,0.08305900543928146,0.9999996833503246,,,0.011828495189547539
UCE,Gogh_s1.0,down_blocks.0.attentions.0.transformer_blocks.0.attn2.to_k.weight,0.0029028733260929585,w_only_int8,0,0.21108804643154144,1.0,0.0,,,0.9985688328742981,0.985539436340332,
UCE,Gogh_s1.0,down_blocks.0.attentions.0.transformer_blocks.0.attn2.to_k.weight,0.0029028733260929585,smoothquant_a50,1,0.21112874150276184,1.0334268808364868,0.5881307125091553,0.2573665976524353,1.0,,,0.010019402019679546
UCE,Gogh_s1.0,down_blocks.0.attentions.0.transformer_blocks.0.attn2.to_k.weight,0.0029028733260929585,smoothquant_a50,4,0.2112274132668972,0.6410276889801025,0.17191162705421448,0.1660989224910736,1.0,,,0.010019402019679546
UCE,Gogh_s1.0,down_blocks.0.attentions.0.transformer_blocks.0.attn2.to_k.weight,0.0029028733260929585,smoothquant_a50,16,0.21130752470344305,0.31775712966918945,0.08477376401424408,0.10811404138803482,1.0,,,0.010019402019679546
UCE,Gogh_s1.0,down_blocks.0.attentions.0.transformer_blocks.0.attn2.to_k.weight,0.0029028733260929585,smoothquant_a75,1,0.23878580331802368,1.254578948020935,0.8298095464706421,0.30767688155174255,1.0,,,0.010019402019679546
UCE,Gogh_s1.0,down_blocks.0.attentions.0.transformer_blocks.0.attn2.to_k.weight,0.0029028733260929585,smoothquant_a75,4,0.2386983223259449,0.8068327903747559,0.35641682147979736,0.210347518324852,1.0,,,0.010019402019679546
UCE,Gogh_s1.0,down_blocks.0.attentions.0.transformer_blocks.0.attn2.to_k.weight,0.0029028733260929585,smoothquant_a75,16,0.23847605381160975,0.41390857100486755,0.17093099653720856,0.14142009615898132,1.0,,,0.010019402019679546
UCE,Gogh_s1.0,down_blocks.0.attentions.0.transformer_blocks.0.attn2.to_k.weight,0.0029028733260929585,smoothquant_a85,1,0.2554117739200592,1.419501543045044,0.8859700560569763,0.3365824818611145,1.0,,,0.010019402019679546
UCE,Gogh_s1.0,down_blocks.0.attentions.0.transformer_blocks.0.attn2.to_k.weight,0.0029028733260929585,smoothquant_a85,4,0.25431110709905624,0.9124557375907898,0.4426635801792145,0.23566171526908875,1.0,,,0.010019402019679546
UCE,Gogh_s1.0,down_blocks.0.attentions.0.transformer_blocks.0.attn2.to_k.weight,0.0029028733260929585,smoothquant_a85,16,0.253390247002244,0.47776687145233154,0.22299398481845856,0.1613544374704361,1.0,,,0.010019402019679546
UCE,Gogh_s1.0,down_blocks.0.attentions.0.transformer_blocks.0.attn2.to_k.weight,0.0029028733260929585,awq_a50,1,0.22975260019302368,1.108756422996521,0.7773519158363342,0.2764682173728943,1.0,,,0.010019402019679546
UCE,Gogh_s1.0,down_blocks.0.attentions.0.transformer_blocks.0.attn2.to_k.weight,0.0029028733260929585,awq_a50,4,0.2294565811753273,0.7200736403465271,0.2616983950138092,0.1826561838388443,1.0,,,0.010019402019679546
UCE,Gogh_s1.0,down_blocks.0.attentions.0.transformer_blocks.0.attn2.to_k.weight,0.0029028733260929585,awq_a50,16,0.22928288578987122,0.35850703716278076,0.12237955629825592,0.1191909983754158,0.9999997466802597,,,0.010019402019679546
UCE,Gogh_s1.0,down_blocks.0.attentions.0.transformer_blocks.0.attn2.to_v.weight,0.0009461754816584289,w_only_int8,0,0.22257080674171448,1.0,0.0,,,0.9989205002784729,0.9830601215362549,
UCE,Gogh_s1.0,down_blocks.0.attentions.0.transformer_blocks.0.attn2.to_v.weight,0.0009461754816584289,smoothquant_a50,1,0.204345703125,0.979656457901001,0.4466105103492737,0.2510347068309784,1.0,,,0.01124566700309515
UCE,Gogh_s1.0,down_blocks.0.attentions.0.transformer_blocks.0.attn2.to_v.weight,0.0009461754816584289,smoothquant_a50,4,0.20459594950079918,0.5564602613449097,0.08545735478401184,0.15207819640636444,1.0,,,0.01124566700309515
UCE,Gogh_s1.0,down_blocks.0.attentions.0.transformer_blocks.0.attn2.to_v.weight,0.0009461754816584289,smoothquant_a50,16,0.20469080563634634,0.27188998460769653,0.02869059331715107,0.09359577298164368,1.0,,,0.01124566700309515
UCE,Gogh_s1.0,down_blocks.0.attentions.0.transformer_blocks.0.attn2.to_v.weight,0.0009461754816584289,smoothquant_a75,1,0.21366780996322632,1.0618031024932861,0.6377522945404053,0.27480942010879517,1.0,,,0.01124566700309515
UCE,Gogh_s1.0,down_blocks.0.attentions.0.transformer_blocks.0.attn2.to_v.weight,0.0009461754816584289,smoothquant_a75,4,0.21287740021944046,0.6213377714157104,0.17387288808822632,0.17145545780658722,1.0,,,0.01124566700309515
UCE,Gogh_s1.0,down_blocks.0.attentions.0.transformer_blocks.0.attn2.to_v.weight,0.0009461754816584289,smoothquant_a75,16,0.21260935440659523,0.3060154914855957,0.06463216245174408,0.10680104792118073,1.0,,,0.01124566700309515
UCE,Gogh_s1.0,down_blocks.0.attentions.0.transformer_blocks.0.attn2.to_v.weight,0.0009461754816584289,smoothquant_a85,1,0.21861979365348816,1.1151573657989502,0.7210408449172974,0.2898808419704437,1.0,,,0.01124566700309515
UCE,Gogh_s1.0,down_blocks.0.attentions.0.transformer_blocks.0.attn2.to_v.weight,0.0009461754816584289,smoothquant_a85,4,0.2178599052131176,0.6682090163230896,0.23016357421875,0.18524815142154694,1.0,,,0.01124566700309515
UCE,Gogh_s1.0,down_blocks.0.attentions.0.transformer_blocks.0.attn2.to_v.weight,0.0009461754816584289,smoothquant_a85,16,0.21756668016314507,0.34348979592323303,0.09449055790901184,0.11942679435014725,1.0,,,0.01124566700309515
UCE,Gogh_s1.0,down_blocks.0.attentions.0.transformer_blocks.0.attn2.to_v.weight,0.0009461754816584289,awq_a50,1,0.22567138075828552,1.0342991352081299,0.642749011516571,0.26611393690109253,1.0,,,0.01124566700309515
UCE,Gogh_s1.0,down_blocks.0.attentions.0.transformer_blocks.0.attn2.to_v.weight,0.0009461754816584289,awq_a50,4,0.2252400703728199,0.5988206267356873,0.12308349460363388,0.1634221374988556,1.0,,,0.01124566700309515
UCE,Gogh_s1.0,down_blocks.0.attentions.0.transformer_blocks.0.attn2.to_v.weight,0.0009461754816584289,awq_a50,16,0.22515436727553606,0.2935011386871338,0.03983968123793602,0.10254785418510437,1.0,,,0.01124566700309515
UCE,Gogh_s1.0,down_blocks.0.attentions.1.transformer_blocks.0.attn2.to_k.weight,0.0022915482986718416,w_only_int8,0,0.24585774540901184,1.0,0.0,,,0.9974423050880432,0.9770100712776184,
UCE,Gogh_s1.0,down_blocks.0.attentions.1.transformer_blocks.0.attn2.to_k.weight,0.0022915482986718416,smoothquant_a50,1,0.24258626997470856,1.0100480318069458,0.5173258185386658,0.2958979904651642,1.0,,,0.010961850173771381
UCE,Gogh_s1.0,down_blocks.0.attentions.1.transformer_blocks.0.attn2.to_k.weight,0.0022915482986718416,smoothquant_a50,4,0.2423197440803051,0.6791337728500366,0.19625243544578552,0.20594057440757751,1.0,,,0.010961850173771381
UCE,Gogh_s1.0,down_blocks.0.attentions.1.transformer_blocks.0.attn2.to_k.weight,0.0022915482986718416,smoothquant_a50,16,0.24139404203742743,0.3545301854610443,0.09578857570886612,0.13965554535388947,1.0,,,0.010961850173771381
UCE,Gogh_s1.0,down_blocks.0.attentions.1.transformer_blocks.0.attn2.to_k.weight,0.0022915482986718416,smoothquant_a75,1,0.31757813692092896,1.3865869045257568,0.9343912601470947,0.3853533864021301,1.0,,,0.010961850173771381
UCE,Gogh_s1.0,down_blocks.0.attentions.1.transformer_blocks.0.attn2.to_k.weight,0.0022915482986718416,smoothquant_a75,4,0.316110223531723,0.9974362850189209,0.49822998046875,0.284160852432251,1.0,,,0.010961850173771381
UCE,Gogh_s1.0,down_blocks.0.attentions.1.transformer_blocks.0.attn2.to_k.weight,0.0022915482986718416,smoothquant_a75,16,0.31445897184312344,0.53227698802948,0.23968099057674408,0.2011728435754776,1.0,,,0.010961850173771381
UCE,Gogh_s1.0,down_blocks.0.attentions.1.transformer_blocks.0.attn2.to_k.weight,0.0022915482986718416,smoothquant_a85,1,0.3511596620082855,1.6346039772033691,0.9680338501930237,0.4278238117694855,1.0,,,0.010961850173771381
UCE,Gogh_s1.0,down_blocks.0.attentions.1.transformer_blocks.0.attn2.to_k.weight,0.0022915482986718416,smoothquant_a85,4,0.3504445403814316,1.1837437152862549,0.6054036617279053,0.32192885875701904,1.0,,,0.010961850173771381
UCE,Gogh_s1.0,down_blocks.0.attentions.1.transformer_blocks.0.attn2.to_k.weight,0.0022915482986718416,smoothquant_a85,16,0.34882939606904984,0.6533868312835693,0.32187092304229736,0.2331364005804062,1.0,,,0.010961850173771381
UCE,Gogh_s1.0,down_blocks.0.attentions.1.transformer_blocks.0.attn2.to_k.weight,0.0022915482986718416,awq_a50,1,0.305908203125,1.3838411569595337,0.9326212406158447,0.36401379108428955,1.0,,,0.010961850173771381
UCE,Gogh_s1.0,down_blocks.0.attentions.1.transformer_blocks.0.attn2.to_k.weight,0.0022915482986718416,awq_a50,4,0.30471598356962204,0.9613096714019775,0.47186279296875,0.2654174864292145,1.0,,,0.010961850173771381
UCE,Gogh_s1.0,down_blocks.0.attentions.1.transformer_blocks.0.attn2.to_k.weight,0.0022915482986718416,awq_a50,16,0.30403696931898594,0.530332088470459,0.2491862028837204,0.19266951084136963,0.9999997466802597,,,0.010961850173771381
UCE,Gogh_s1.0,down_blocks.0.attentions.1.transformer_blocks.0.attn2.to_v.weight,0.0006904733600094914,w_only_int8,0,0.21791991591453552,1.0,0.0,,,0.9982157945632935,0.9750263690948486,
UCE,Gogh_s1.0,down_blocks.0.attentions.1.transformer_blocks.0.attn2.to_v.weight,0.0006904733600094914,smoothquant_a50,1,0.19274495542049408,0.9856128692626953,0.47210693359375,0.25018054246902466,1.0,,,0.01026635430753231
UCE,Gogh_s1.0,down_blocks.0.attentions.1.transformer_blocks.0.attn2.to_v.weight,0.0006904733600094914,smoothquant_a50,4,0.19125162810087204,0.5526722073554993,0.1032511368393898,0.15494640171527863,1.0,,,0.01026635430753231
UCE,Gogh_s1.0,down_blocks.0.attentions.1.transformer_blocks.0.attn2.to_v.weight,0.0006904733600094914,smoothquant_a50,16,0.19102833978831768,0.2727578580379486,0.03338623046875,0.09629052132368088,1.0,,,0.01026635430753231
UCE,Gogh_s1.0,down_blocks.0.attentions.1.transformer_blocks.0.attn2.to_v.weight,0.0006904733600094914,smoothquant_a75,1,0.20281982421875,1.108854055404663,0.7004557251930237,0.2947043478488922,1.0,,,0.01026635430753231
UCE,Gogh_s1.0,down_blocks.0.attentions.1.transformer_blocks.0.attn2.to_v.weight,0.0006904733600094914,smoothquant_a75,4,0.20064087212085724,0.6872944235801697,0.24279378354549408,0.1942032426595688,1.0,,,0.01026635430753231
UCE,Gogh_s1.0,down_blocks.0.attentions.1.transformer_blocks.0.attn2.to_v.weight,0.0006904733600094914,smoothquant_a75,16,0.20023880060762167,0.35943904519081116,0.10358479619026184,0.13043425977230072,1.0,,,0.01026635430753231
UCE,Gogh_s1.0,down_blocks.0.attentions.1.transformer_blocks.0.attn2.to_v.weight,0.0006904733600094914,smoothquant_a85,1,0.21298421919345856,1.2423148155212402,0.8131510615348816,0.3226962387561798,1.0,,,0.01026635430753231
UCE,Gogh_s1.0,down_blocks.0.attentions.1.transformer_blocks.0.attn2.to_v.weight,0.0006904733600094914,smoothquant_a85,4,0.21226400136947632,0.7995458841323853,0.3472941219806671,0.22033455967903137,1.0,,,0.01026635430753231
UCE,Gogh_s1.0,down_blocks.0.attentions.1.transformer_blocks.0.attn2.to_v.weight,0.0006904733600094914,smoothquant_a85,16,0.2111668922007084,0.4253864884376526,0.16275228559970856,0.15209202468395233,1.0,,,0.01026635430753231
UCE,Gogh_s1.0,down_blocks.0.attentions.1.transformer_blocks.0.attn2.to_v.weight,0.0006904733600094914,awq_a50,1,0.22277018427848816,1.0588831901550293,0.701855480670929,0.28565362095832825,1.0,,,0.01026635430753231
UCE,Gogh_s1.0,down_blocks.0.attentions.1.transformer_blocks.0.attn2.to_v.weight,0.0006904733600094914,awq_a50,4,0.22224019467830658,0.6529262661933899,0.1762898713350296,0.1876475065946579,1.0,,,0.01026635430753231
UCE,Gogh_s1.0,down_blocks.0.attentions.1.transformer_blocks.0.attn2.to_v.weight,0.0006904733600094914,awq_a50,16,0.22207056730985641,0.3205111622810364,0.06599528342485428,0.125646710395813,1.0,,,0.01026635430753231
UCE,Gogh_s1.0,down_blocks.1.attentions.0.transformer_blocks.0.attn2.to_k.weight,0.00296032871119678,w_only_int8,0,0.19118855893611908,1.0,0.0,,,0.9992353916168213,0.9882039427757263,
UCE,Gogh_s1.0,down_blocks.1.attentions.0.transformer_blocks.0.attn2.to_k.weight,0.00296032871119678,smoothquant_a50,1,0.1889546662569046,1.02181077003479,0.5655619502067566,0.2305164635181427,1.0,,,0.011177345179021358
UCE,Gogh_s1.0,down_blocks.1.attentions.0.transformer_blocks.0.attn2.to_k.weight,0.00296032871119678,smoothquant_a50,4,0.18846435472369194,0.5918721556663513,0.12605184316635132,0.14100614190101624,1.0,,,0.011177345179021358
UCE,Gogh_s1.0,down_blocks.1.attentions.0.transformer_blocks.0.attn2.to_k.weight,0.00296032871119678,smoothquant_a50,16,0.18843587208539248,0.28109732270240784,0.04560750350356102,0.08551044017076492,1.0,,,0.011177345179021358
UCE,Gogh_s1.0,down_blocks.1.attentions.0.transformer_blocks.0.attn2.to_k.weight,0.00296032871119678,smoothquant_a75,1,0.20243936777114868,1.1257797479629517,0.7499837279319763,0.2585504651069641,1.0,,,0.011177345179021358
UCE,Gogh_s1.0,down_blocks.1.attentions.0.transformer_blocks.0.attn2.to_k.weight,0.00296032871119678,smoothquant_a75,4,0.20189259946346283,0.6875406503677368,0.241302490234375,0.16658975183963776,1.0,,,0.011177345179021358
UCE,Gogh_s1.0,down_blocks.1.attentions.0.transformer_blocks.0.attn2.to_k.weight,0.00296032871119678,smoothquant_a75,16,0.20117772463709116,0.32254165410995483,0.07917683571577072,0.1000211164355278,1.0,,,0.011177345179021358
UCE,Gogh_s1.0,down_blocks.1.attentions.0.transformer_blocks.0.attn2.to_k.weight,0.00296032871119678,smoothquant_a85,1,0.20702718198299408,1.2090075016021729,0.815386950969696,0.2757721245288849,1.0,,,0.011177345179021358
UCE,Gogh_s1.0,down_blocks.1.attentions.0.transformer_blocks.0.attn2.to_k.weight,0.00296032871119678,smoothquant_a85,4,0.20883992314338684,0.752985954284668,0.3105367124080658,0.18188977241516113,1.0,,,0.011177345179021358
UCE,Gogh_s1.0,down_blocks.1.attentions.0.transformer_blocks.0.attn2.to_k.weight,0.00296032871119678,smoothquant_a85,16,0.2079049414023757,0.3550160527229309,0.10611572116613388,0.11063872277736664,1.0,,,0.011177345179021358
UCE,Gogh_s1.0,down_blocks.1.attentions.0.transformer_blocks.0.attn2.to_k.weight,0.00296032871119678,awq_a50,1,0.1944173127412796,1.0461970567703247,0.678631603717804,0.23773396015167236,1.0,,,0.011177345179021358
UCE,Gogh_s1.0,down_blocks.1.attentions.0.transformer_blocks.0.attn2.to_k.weight,0.00296032871119678,awq_a50,4,0.1944117210805416,0.624534010887146,0.15286865830421448,0.14751572906970978,1.0,,,0.011177345179021358
UCE,Gogh_s1.0,down_blocks.1.attentions.0.transformer_blocks.0.attn2.to_k.weight,0.00296032871119678,awq_a50,16,0.1943908678367734,0.29267725348472595,0.0500284843146801,0.08842069655656815,0.9999993667006493,,,0.011177345179021358
UCE,Gogh_s1.0,down_blocks.1.attentions.0.transformer_blocks.0.attn2.to_v.weight,0.0010891867568716407,w_only_int8,0,0.20345458388328552,1.0,0.0,,,0.9992506504058838,0.9854597449302673,
UCE,Gogh_s1.0,down_blocks.1.attentions.0.transformer_blocks.0.attn2.to_v.weight,0.0010891867568716407,smoothquant_a50,1,0.19011840224266052,0.9813985228538513,0.44924113154411316,0.23534546792507172,1.0,,,0.011734343133866787
UCE,Gogh_s1.0,down_blocks.1.attentions.0.transformer_blocks.0.attn2.to_v.weight,0.0010891867568716407,smoothquant_a50,4,0.1899714134633541,0.5414122343063354,0.0638427734375,0.13846568763256073,1.0,,,0.011734343133866787
UCE,Gogh_s1.0,down_blocks.1.attentions.0.transformer_blocks.0.attn2.to_v.weight,0.0010891867568716407,smoothquant_a50,16,0.1900455467402935,0.2606659233570099,0.01579793356359005,0.0828741118311882,1.0,,,0.011734343133866787
UCE,Gogh_s1.0,down_blocks.1.attentions.0.transformer_blocks.0.attn2.to_v.weight,0.0010891867568716407,smoothquant_a75,1,0.1815999299287796,1.0386439561843872,0.601104736328125,0.24915331602096558,1.0,,,0.011734343133866787
UCE,Gogh_s1.0,down_blocks.1.attentions.0.transformer_blocks.0.attn2.to_v.weight,0.0010891867568716407,smoothquant_a75,4,0.18187103047966957,0.5791652202606201,0.11709798127412796,0.14928372204303741,1.0,,,0.011734343133866787
UCE,Gogh_s1.0,down_blocks.1.attentions.0.transformer_blocks.0.attn2.to_v.weight,0.0010891867568716407,smoothquant_a75,16,0.18179829884320498,0.2880304455757141,0.0329793281853199,0.09114403277635574,1.0,,,0.011734343133866787
UCE,Gogh_s1.0,down_blocks.1.attentions.0.transformer_blocks.0.attn2.to_v.weight,0.0010891867568716407,smoothquant_a85,1,0.1822306364774704,1.0821473598480225,0.6867533326148987,0.2598188519477844,1.0,,,0.011734343133866787
UCE,Gogh_s1.0,down_blocks.1.attentions.0.transformer_blocks.0.attn2.to_v.weight,0.0010891867568716407,smoothquant_a85,4,0.18195495754480362,0.6239060759544373,0.17076009511947632,0.15977664291858673,1.0,,,0.011734343133866787
UCE,Gogh_s1.0,down_blocks.1.attentions.0.transformer_blocks.0.attn2.to_v.weight,0.0010891867568716407,smoothquant_a85,16,0.1813489282503724,0.3159450590610504,0.05511474609375,0.09974583238363266,1.0,,,0.011734343133866787
UCE,Gogh_s1.0,down_blocks.1.attentions.0.transformer_blocks.0.attn2.to_v.weight,0.0010891867568716407,awq_a50,1,0.20088908076286316,1.0178821086883545,0.5870584845542908,0.24423152208328247,1.0,,,0.011734343133866787
UCE,Gogh_s1.0,down_blocks.1.attentions.0.transformer_blocks.0.attn2.to_v.weight,0.0010891867568716407,awq_a50,4,0.2011515311896801,0.5701361298561096,0.068389892578125,0.1451312154531479,0.9999994933605194,,,0.011734343133866787
UCE,Gogh_s1.0,down_blocks.1.attentions.0.transformer_blocks.0.attn2.to_v.weight,0.0010891867568716407,awq_a50,16,0.20101064071059227,0.27296096086502075,0.015063476748764515,0.08724480867385864,0.9999986067414284,,,0.011734343133866787
UCE,Gogh_s1.0,down_blocks.1.attentions.1.transformer_blocks.0.attn2.to_k.weight,0.0024824051652103662,w_only_int8,0,0.19806519150733948,1.0,0.0,,,0.9987648129463196,0.9867647290229797,
UCE,Gogh_s1.0,down_blocks.1.attentions.1.transformer_blocks.0.attn2.to_k.weight,0.0024824051652103662,smoothquant_a50,1,0.20213623344898224,1.0793923139572144,0.6773824095726013,0.25161731243133545,1.0,,,0.011851347982883453
UCE,Gogh_s1.0,down_blocks.1.attentions.1.transformer_blocks.0.attn2.to_k.weight,0.0024824051652103662,smoothquant_a50,4,0.20163726806640625,0.6699565649032593,0.20737101137638092,0.16291071474552155,1.0,,,0.011851347982883453
UCE,Gogh_s1.0,down_blocks.1.attentions.1.transformer_blocks.0.attn2.to_k.weight,0.0024824051652103662,smoothquant_a50,16,0.20120569877326488,0.32064008712768555,0.06673380732536316,0.10162173956632614,1.0,,,0.011851347982883453
UCE,Gogh_s1.0,down_blocks.1.attentions.1.transformer_blocks.0.attn2.to_k.weight,0.0024824051652103662,smoothquant_a75,1,0.23775634169578552,1.3493317365646362,0.8679443597793579,0.30254116654396057,1.0,,,0.011851347982883453
UCE,Gogh_s1.0,down_blocks.1.attentions.1.transformer_blocks.0.attn2.to_k.weight,0.0024824051652103662,smoothquant_a75,4,0.23751983419060707,0.8672686815261841,0.409637451171875,0.20845045149326324,1.0,,,0.011851347982883453
UCE,Gogh_s1.0,down_blocks.1.attentions.1.transformer_blocks.0.attn2.to_k.weight,0.0024824051652103662,smoothquant_a75,16,0.2366063417866826,0.41498488187789917,0.15356241166591644,0.13221412897109985,1.0,,,0.011851347982883453
UCE,Gogh_s1.0,down_blocks.1.attentions.1.transformer_blocks.0.attn2.to_k.weight,0.0024824051652103662,smoothquant_a85,1,0.2553914487361908,1.5321338176727295,0.9114481806755066,0.329825758934021,1.0,,,0.011851347982883453
UCE,Gogh_s1.0,down_blocks.1.attentions.1.transformer_blocks.0.attn2.to_k.weight,0.0024824051652103662,smoothquant_a85,4,0.25530140846967697,0.9817600250244141,0.4889668822288513,0.23249031603336334,1.0,,,0.011851347982883453
UCE,Gogh_s1.0,down_blocks.1.attentions.1.transformer_blocks.0.attn2.to_k.weight,0.0024824051652103662,smoothquant_a85,16,0.2538238512352109,0.4778890609741211,0.20401611924171448,0.15044379234313965,1.0,,,0.011851347982883453
UCE,Gogh_s1.0,down_blocks.1.attentions.1.transformer_blocks.0.attn2.to_k.weight,0.0024824051652103662,awq_a50,1,0.22237548232078552,1.1644442081451416,0.8212300539016724,0.27146437764167786,1.0,,,0.011851347982883453
UCE,Gogh_s1.0,down_blocks.1.attentions.1.transformer_blocks.0.attn2.to_k.weight,0.0024824051652103662,awq_a50,4,0.22204844281077385,0.7631142139434814,0.309539794921875,0.1814887374639511,1.0,,,0.011851347982883453
UCE,Gogh_s1.0,down_blocks.1.attentions.1.transformer_blocks.0.attn2.to_k.weight,0.0024824051652103662,awq_a50,16,0.22150128707289696,0.36802682280540466,0.11754557490348816,0.11581923812627792,0.9999998733401299,,,0.011851347982883453
UCE,Gogh_s1.0,down_blocks.1.attentions.1.transformer_blocks.0.attn2.to_v.weight,0.0009173168218694627,w_only_int8,0,0.20287881791591644,1.0,0.0,,,0.9997009038925171,0.9851186871528625,
UCE,Gogh_s1.0,down_blocks.1.attentions.1.transformer_blocks.0.attn2.to_v.weight,0.0009173168218694627,smoothquant_a50,1,0.18401692807674408,0.9534518718719482,0.404327392578125,0.23019489645957947,1.0,,,0.01126318983733654
UCE,Gogh_s1.0,down_blocks.1.attentions.1.transformer_blocks.0.attn2.to_v.weight,0.0009173168218694627,smoothquant_a50,4,0.18429870903491974,0.5319646596908569,0.07403564453125,0.13743539154529572,1.0,,,0.01126318983733654
UCE,Gogh_s1.0,down_blocks.1.attentions.1.transformer_blocks.0.attn2.to_v.weight,0.0009173168218694627,smoothquant_a50,16,0.18389918096363544,0.26149624586105347,0.01919962652027607,0.08366376161575317,1.0,,,0.01126318983733654
UCE,Gogh_s1.0,down_blocks.1.attentions.1.transformer_blocks.0.attn2.to_v.weight,0.0009173168218694627,smoothquant_a75,1,0.18252156674861908,1.0367916822433472,0.5794677734375,0.2515621781349182,1.0,,,0.01126318983733654
UCE,Gogh_s1.0,down_blocks.1.attentions.1.transformer_blocks.0.attn2.to_v.weight,0.0009173168218694627,smoothquant_a75,4,0.18254801630973816,0.6016749739646912,0.1464131623506546,0.15497012436389923,1.0,,,0.01126318983733654
UCE,Gogh_s1.0,down_blocks.1.attentions.1.transformer_blocks.0.attn2.to_v.weight,0.0009173168218694627,smoothquant_a75,16,0.18247311934828758,0.3018483817577362,0.04635213315486908,0.09646998345851898,1.0,,,0.01126318983733654
UCE,Gogh_s1.0,down_blocks.1.attentions.1.transformer_blocks.0.attn2.to_v.weight,0.0009173168218694627,smoothquant_a85,1,0.18420206010341644,1.0955027341842651,0.6817342042922974,0.2665790319442749,1.0,,,0.01126318983733654
UCE,Gogh_s1.0,down_blocks.1.attentions.1.transformer_blocks.0.attn2.to_v.weight,0.0009173168218694627,smoothquant_a85,4,0.1845347061753273,0.6544297337532043,0.20623983442783356,0.1683323085308075,1.0,,,0.01126318983733654
UCE,Gogh_s1.0,down_blocks.1.attentions.1.transformer_blocks.0.attn2.to_v.weight,0.0009173168218694627,smoothquant_a85,16,0.1839110031723976,0.33460548520088196,0.0748189315199852,0.10672290623188019,1.0,,,0.01126318983733654
UCE,Gogh_s1.0,down_blocks.1.attentions.1.transformer_blocks.0.attn2.to_v.weight,0.0009173168218694627,awq_a50,1,0.20256754755973816,1.0204347372055054,0.594696044921875,0.24817048013210297,1.0,,,0.01126318983733654
UCE,Gogh_s1.0,down_blocks.1.attentions.1.transformer_blocks.0.attn2.to_v.weight,0.0009173168218694627,awq_a50,4,0.20227304846048355,0.583996593952179,0.08747965842485428,0.15088512003421783,1.0,,,0.01126318983733654
UCE,Gogh_s1.0,down_blocks.1.attentions.1.transformer_blocks.0.attn2.to_v.weight,0.0009173168218694627,awq_a50,16,0.20192680321633816,0.28212690353393555,0.02538045309484005,0.09370628744363785,0.9999998733401299,,,0.01126318983733654
UCE,Gogh_s1.0,down_blocks.2.attentions.0.transformer_blocks.0.attn2.to_k.weight,0.002365392865613103,w_only_int8,0,0.18404845893383026,1.0,0.0,,,0.9994356632232666,0.9885128140449524,
UCE,Gogh_s1.0,down_blocks.2.attentions.0.transformer_blocks.0.attn2.to_k.weight,0.002365392865613103,smoothquant_a50,1,0.18002115190029144,1.0312684774398804,0.6049519777297974,0.22544808685779572,1.0,,,0.010745620355010033
UCE,Gogh_s1.0,down_blocks.2.attentions.0.transformer_blocks.0.attn2.to_k.weight,0.002365392865613103,smoothquant_a50,4,0.18010762333869934,0.5826514959335327,0.10628052055835724,0.13473300635814667,1.0,,,0.010745620355010033
UCE,Gogh_s1.0,down_blocks.2.attentions.0.transformer_blocks.0.attn2.to_k.weight,0.002365392865613103,smoothquant_a50,16,0.17997245583683252,0.2799060344696045,0.03099670447409153,0.08166443556547165,1.0,,,0.010745620355010033
UCE,Gogh_s1.0,down_blocks.2.attentions.0.transformer_blocks.0.attn2.to_k.weight,0.002365392865613103,smoothquant_a75,1,0.1917978972196579,1.1174545288085938,0.7514485716819763,0.24857354164123535,1.0,,,0.010745620355010033
UCE,Gogh_s1.0,down_blocks.2.attentions.0.transformer_blocks.0.attn2.to_k.weight,0.002365392865613103,smoothquant_a75,4,0.19198252633213997,0.6659644246101379,0.21786294877529144,0.15617720782756805,1.0,,,0.010745620355010033
UCE,Gogh_s1.0,down_blocks.2.attentions.0.transformer_blocks.0.attn2.to_k.weight,0.002365392865613103,smoothquant_a75,16,0.1913052899762988,0.31615138053894043,0.06174926832318306,0.09329904615879059,1.0,,,0.010745620355010033
UCE,Gogh_s1.0,down_blocks.2.attentions.0.transformer_blocks.0.attn2.to_k.weight,0.002365392865613103,smoothquant_a85,1,0.19789734482765198,1.1938482522964478,0.8135894536972046,0.26553961634635925,1.0,,,0.010745620355010033
UCE,Gogh_s1.0,down_blocks.2.attentions.0.transformer_blocks.0.attn2.to_k.weight,0.002365392865613103,smoothquant_a85,4,0.19771016761660576,0.7362092137336731,0.29348957538604736,0.1725355088710785,1.0,,,0.010745620355010033
UCE,Gogh_s1.0,down_blocks.2.attentions.0.transformer_blocks.0.attn2.to_k.weight,0.002365392865613103,smoothquant_a85,16,0.19679584633558989,0.34824424982070923,0.08975016325712204,0.10362040251493454,1.0,,,0.010745620355010033
UCE,Gogh_s1.0,down_blocks.2.attentions.0.transformer_blocks.0.attn2.to_k.weight,0.002365392865613103,awq_a50,1,0.1870676726102829,1.0425196886062622,0.6737640500068665,0.23120155930519104,1.0,,,0.010745620355010033
UCE,Gogh_s1.0,down_blocks.2.attentions.0.transformer_blocks.0.attn2.to_k.weight,0.002365392865613103,awq_a50,4,0.18713582679629326,0.6163690686225891,0.14196065068244934,0.14225906133651733,0.9999997466802597,,,0.010745620355010033
UCE,Gogh_s1.0,down_blocks.2.attentions.0.transformer_blocks.0.attn2.to_k.weight,0.002365392865613103,awq_a50,16,0.18688570894300938,0.28914910554885864,0.03518371656537056,0.08424903452396393,0.9999996833503246,,,0.010745620355010033
UCE,Gogh_s1.0,down_blocks.2.attentions.0.transformer_blocks.0.attn2.to_v.weight,0.001491078524850309,w_only_int8,0,0.1998087614774704,1.0,0.0,,,0.9990314841270447,0.9868156313896179,
UCE,Gogh_s1.0,down_blocks.2.attentions.0.transformer_blocks.0.attn2.to_v.weight,0.001491078524850309,smoothquant_a50,1,0.18771769106388092,0.9884019494056702,0.46546223759651184,0.22960342466831207,1.0,,,0.01111681293696165
UCE,Gogh_s1.0,down_blocks.2.attentions.0.transformer_blocks.0.attn2.to_v.weight,0.001491078524850309,smoothquant_a50,4,0.18757425621151924,0.5392013192176819,0.06531371921300888,0.13416966795921326,1.0,,,0.01111681293696165
UCE,Gogh_s1.0,down_blocks.2.attentions.0.transformer_blocks.0.attn2.to_v.weight,0.001491078524850309,smoothquant_a50,16,0.1875102361664176,0.2614686191082001,0.01678568497300148,0.08073518425226212,1.0,,,0.01111681293696165
UCE,Gogh_s1.0,down_blocks.2.attentions.0.transformer_blocks.0.attn2.to_v.weight,0.001491078524850309,smoothquant_a75,1,0.18722432851791382,1.0326303243637085,0.5887685418128967,0.24075311422348022,1.0,,,0.01111681293696165
UCE,Gogh_s1.0,down_blocks.2.attentions.0.transformer_blocks.0.attn2.to_v.weight,0.001491078524850309,smoothquant_a75,4,0.1871287003159523,0.5633142590522766,0.10187683254480362,0.14154581725597382,1.0,,,0.01111681293696165
UCE,Gogh_s1.0,down_blocks.2.attentions.0.transformer_blocks.0.attn2.to_v.weight,0.001491078524850309,smoothquant_a75,16,0.18671137373894453,0.2743873596191406,0.02599487267434597,0.08411174267530441,1.0,,,0.01111681293696165
UCE,Gogh_s1.0,down_blocks.2.attentions.0.transformer_blocks.0.attn2.to_v.weight,0.001491078524850309,smoothquant_a85,1,0.18422850966453552,1.0607352256774902,0.6490844488143921,0.24774125218391418,1.0,,,0.01111681293696165
UCE,Gogh_s1.0,down_blocks.2.attentions.0.transformer_blocks.0.attn2.to_v.weight,0.001491078524850309,smoothquant_a85,4,0.18474400788545609,0.5830649733543396,0.12801004946231842,0.14674913883209229,1.0,,,0.01111681293696165
UCE,Gogh_s1.0,down_blocks.2.attentions.0.transformer_blocks.0.attn2.to_v.weight,0.001491078524850309,smoothquant_a85,16,0.18485921248793602,0.28437891602516174,0.03444010391831398,0.08748537302017212,1.0,,,0.01111681293696165
UCE,Gogh_s1.0,down_blocks.2.attentions.0.transformer_blocks.0.attn2.to_v.weight,0.001491078524850309,awq_a50,1,0.19498494267463684,1.0098011493682861,0.5481832027435303,0.23385755717754364,1.0,,,0.01111681293696165
UCE,Gogh_s1.0,down_blocks.2.attentions.0.transformer_blocks.0.attn2.to_v.weight,0.001491078524850309,awq_a50,4,0.19489441066980362,0.55194091796875,0.0547434501349926,0.13599112629890442,0.9999997466802597,,,0.01111681293696165
UCE,Gogh_s1.0,down_blocks.2.attentions.0.transformer_blocks.0.attn2.to_v.weight,0.001491078524850309,awq_a50,16,0.19483280181884766,0.2665642499923706,0.011098225601017475,0.08187921345233917,0.9999998100101948,,,0.01111681293696165
UCE,Gogh_s1.0,down_blocks.2.attentions.1.transformer_blocks.0.attn2.to_k.weight,0.0024522405583411455,w_only_int8,0,0.19502359628677368,1.0,0.0,,,0.9988982081413269,0.9871857166290283,
UCE,Gogh_s1.0,down_blocks.2.attentions.1.transformer_blocks.0.attn2.to_k.weight,0.0024522405583411455,smoothquant_a50,1,0.18964537978172302,1.0240137577056885,0.5797129273414612,0.23218142986297607,1.0,,,0.011800945736467838
UCE,Gogh_s1.0,down_blocks.2.attentions.1.transformer_blocks.0.attn2.to_k.weight,0.0024522405583411455,smoothquant_a50,4,0.1896158866584301,0.5671745538711548,0.08765767514705658,0.13742731511592865,1.0,,,0.011800945736467838
UCE,Gogh_s1.0,down_blocks.2.attentions.1.transformer_blocks.0.attn2.to_k.weight,0.0024522405583411455,smoothquant_a50,16,0.18933283351361752,0.2745201289653778,0.02351888082921505,0.08338132500648499,1.0,,,0.011800945736467838
UCE,Gogh_s1.0,down_blocks.2.attentions.1.transformer_blocks.0.attn2.to_k.weight,0.0024522405583411455,smoothquant_a75,1,0.19777323305606842,1.0819494724273682,0.7026448845863342,0.25055834650993347,1.0,,,0.011800945736467838
UCE,Gogh_s1.0,down_blocks.2.attentions.1.transformer_blocks.0.attn2.to_k.weight,0.0024522405583411455,smoothquant_a75,4,0.19779739156365395,0.6200922131538391,0.17111001908779144,0.15386022627353668,1.0,,,0.011800945736467838
UCE,Gogh_s1.0,down_blocks.2.attentions.1.transformer_blocks.0.attn2.to_k.weight,0.0024522405583411455,smoothquant_a75,16,0.19759260769933462,0.2934141755104065,0.04070841521024704,0.08997692167758942,1.0,,,0.011800945736467838
UCE,Gogh_s1.0,down_blocks.2.attentions.1.transformer_blocks.0.attn2.to_k.weight,0.0024522405583411455,smoothquant_a85,1,0.20106811821460724,1.131230354309082,0.7614166140556335,0.26428917050361633,1.0,,,0.011800945736467838
UCE,Gogh_s1.0,down_blocks.2.attentions.1.transformer_blocks.0.attn2.to_k.weight,0.0024522405583411455,smoothquant_a85,4,0.2009841948747635,0.6753813624382019,0.23311766982078552,0.16762064397335052,1.0,,,0.011800945736467838
UCE,Gogh_s1.0,down_blocks.2.attentions.1.transformer_blocks.0.attn2.to_k.weight,0.0024522405583411455,smoothquant_a85,16,0.200572713278234,0.3141815960407257,0.05769551545381546,0.09705200046300888,1.0,,,0.011800945736467838
UCE,Gogh_s1.0,down_blocks.2.attentions.1.transformer_blocks.0.attn2.to_k.weight,0.0024522405583411455,awq_a50,1,0.19627074897289276,1.0326664447784424,0.6416890621185303,0.2387915700674057,1.0,,,0.011800945736467838
UCE,Gogh_s1.0,down_blocks.2.attentions.1.transformer_blocks.0.attn2.to_k.weight,0.0024522405583411455,awq_a50,4,0.19665222242474556,0.5990562438964844,0.12151183933019638,0.14571546018123627,1.0,,,0.011800945736467838
UCE,Gogh_s1.0,down_blocks.2.attentions.1.transformer_blocks.0.attn2.to_k.weight,0.0024522405583411455,awq_a50,16,0.1965091722086072,0.2824549674987793,0.026947021484375,0.0858766958117485,1.0,,,0.011800945736467838
UCE,Gogh_s1.0,down_blocks.2.attentions.1.transformer_blocks.0.attn2.to_v.weight,0.0014650510856881738,w_only_int8,0,0.20984497666358948,1.0,0.0,,,0.9995236396789551,0.9854924082756042,
UCE,Gogh_s1.0,down_blocks.2.attentions.1.transformer_blocks.0.attn2.to_v.weight,0.0014650510856881738,smoothquant_a50,1,0.19765116274356842,0.997185230255127,0.4920969605445862,0.24130244553089142,1.0,,,0.011903700418770313
UCE,Gogh_s1.0,down_blocks.2.attentions.1.transformer_blocks.0.attn2.to_v.weight,0.0014650510856881738,smoothquant_a50,4,0.19785156100988388,0.548024594783783,0.07788289338350296,0.1422186940908432,1.0,,,0.011903700418770313
UCE,Gogh_s1.0,down_blocks.2.attentions.1.transformer_blocks.0.attn2.to_v.weight,0.0014650510856881738,smoothquant_a50,16,0.19799270760267973,0.2667006254196167,0.023193359375,0.08665893226861954,1.0,,,0.011903700418770313
UCE,Gogh_s1.0,down_blocks.2.attentions.1.transformer_blocks.0.attn2.to_v.weight,0.0014650510856881738,smoothquant_a75,1,0.1955108642578125,1.0320401191711426,0.5869303345680237,0.25074541568756104,1.0,,,0.011903700418770313
UCE,Gogh_s1.0,down_blocks.2.attentions.1.transformer_blocks.0.attn2.to_v.weight,0.0014650510856881738,smoothquant_a75,4,0.19546712189912796,0.561224639415741,0.10214843600988388,0.14729876816272736,1.0,,,0.011903700418770313
UCE,Gogh_s1.0,down_blocks.2.attentions.1.transformer_blocks.0.attn2.to_v.weight,0.0014650510856881738,smoothquant_a75,16,0.1957563403993845,0.27531442046165466,0.03069559670984745,0.08893794566392899,1.0,,,0.011903700418770313
UCE,Gogh_s1.0,down_blocks.2.attentions.1.transformer_blocks.0.attn2.to_v.weight,0.0014650510856881738,smoothquant_a85,1,0.19402770698070526,1.0526188611984253,0.6334767937660217,0.2559055685997009,1.0,,,0.011903700418770313
UCE,Gogh_s1.0,down_blocks.2.attentions.1.transformer_blocks.0.attn2.to_v.weight,0.0014650510856881738,smoothquant_a85,4,0.19359690323472023,0.5744070410728455,0.12012328952550888,0.15123136341571808,1.0,,,0.011903700418770313
UCE,Gogh_s1.0,down_blocks.2.attentions.1.transformer_blocks.0.attn2.to_v.weight,0.0014650510856881738,smoothquant_a85,16,0.19363002944737673,0.2844878137111664,0.03783874586224556,0.09196615219116211,1.0,,,0.011903700418770313
UCE,Gogh_s1.0,down_blocks.2.attentions.1.transformer_blocks.0.attn2.to_v.weight,0.0014650510856881738,awq_a50,1,0.20405477285385132,1.0097565650939941,0.5492746829986572,0.24350254237651825,1.0,,,0.011903700418770313
UCE,Gogh_s1.0,down_blocks.2.attentions.1.transformer_blocks.0.attn2.to_v.weight,0.0014650510856881738,awq_a50,4,0.20415319129824638,0.5488337874412537,0.04717305675148964,0.14147768914699554,0.9999997466802597,,,0.011903700418770313
UCE,Gogh_s1.0,down_blocks.2.attentions.1.transformer_blocks.0.attn2.to_v.weight,0.0014650510856881738,awq_a50,16,0.20436916314065456,0.2664737403392792,0.009328206069767475,0.08571381866931915,0.9999998100101948,,,0.011903700418770313
UCE,Gogh_s1.0,up_blocks.1.attentions.0.transformer_blocks.0.attn2.to_k.weight,0.002656749915331602,w_only_int8,0,0.19368387758731842,1.0,0.0,,,0.9996961951255798,0.9874076843261719,
UCE,Gogh_s1.0,up_blocks.1.attentions.0.transformer_blocks.0.attn2.to_k.weight,0.002656749915331602,smoothquant_a50,1,0.18700765073299408,1.0116709470748901,0.5440419316291809,0.22898763418197632,1.0,,,0.011729284189641476
UCE,Gogh_s1.0,up_blocks.1.attentions.0.transformer_blocks.0.attn2.to_k.weight,0.002656749915331602,smoothquant_a50,4,0.18727289885282516,0.5524799227714539,0.0708109512925148,0.134310781955719,1.0,,,0.011729284189641476
UCE,Gogh_s1.0,up_blocks.1.attentions.0.transformer_blocks.0.attn2.to_k.weight,0.002656749915331602,smoothquant_a50,16,0.18720220029354095,0.2661825716495514,0.01889648474752903,0.0809103474020958,1.0,,,0.011729284189641476
UCE,Gogh_s1.0,up_blocks.1.attentions.0.transformer_blocks.0.attn2.to_k.weight,0.002656749915331602,smoothquant_a75,1,0.19453735649585724,1.0549736022949219,0.6531219482421875,0.241401806473732,1.0,,,0.011729284189641476
UCE,Gogh_s1.0,up_blocks.1.attentions.0.transformer_blocks.0.attn2.to_k.weight,0.002656749915331602,smoothquant_a75,4,0.19477081298828125,0.5843088626861572,0.12676188349723816,0.1447702795267105,1.0,,,0.011729284189641476
UCE,Gogh_s1.0,up_blocks.1.attentions.0.transformer_blocks.0.attn2.to_k.weight,0.002656749915331602,smoothquant_a75,16,0.1942050950601697,0.2764796018600464,0.02751668356359005,0.08440880477428436,1.0,,,0.011729284189641476
UCE,Gogh_s1.0,up_blocks.1.attentions.0.transformer_blocks.0.attn2.to_k.weight,0.002656749915331602,smoothquant_a85,1,0.19563598930835724,1.0881576538085938,0.706591784954071,0.25064799189567566,1.0,,,0.011729284189641476
UCE,Gogh_s1.0,up_blocks.1.attentions.0.transformer_blocks.0.attn2.to_k.weight,0.002656749915331602,smoothquant_a85,4,0.19548416137695312,0.6176731586456299,0.1714223176240921,0.1538946032524109,1.0,,,0.011729284189641476
UCE,Gogh_s1.0,up_blocks.1.attentions.0.transformer_blocks.0.attn2.to_k.weight,0.002656749915331602,smoothquant_a85,16,0.19488404598087072,0.290701687335968,0.03721415251493454,0.08919517695903778,1.0,,,0.011729284189641476
UCE,Gogh_s1.0,up_blocks.1.attentions.0.transformer_blocks.0.attn2.to_k.weight,0.002656749915331602,awq_a50,1,0.19135843217372894,1.0181117057800293,0.5851094722747803,0.23170597851276398,1.0,,,0.011729284189641476
UCE,Gogh_s1.0,up_blocks.1.attentions.0.transformer_blocks.0.attn2.to_k.weight,0.002656749915331602,awq_a50,4,0.19127654656767845,0.5694291591644287,0.0808766707777977,0.13809522986412048,0.9999997466802597,,,0.011729284189641476
UCE,Gogh_s1.0,up_blocks.1.attentions.0.transformer_blocks.0.attn2.to_k.weight,0.002656749915331602,awq_a50,16,0.1912518171593547,0.2710000276565552,0.01721394807100296,0.08206434547901154,0.9999993033707142,,,0.011729284189641476
UCE,Gogh_s1.0,up_blocks.1.attentions.0.transformer_blocks.0.attn2.to_v.weight,0.0018659229390323162,w_only_int8,0,0.2079620361328125,1.0,0.0,,,0.999480664730072,0.9855057597160339,
UCE,Gogh_s1.0,up_blocks.1.attentions.0.transformer_blocks.0.attn2.to_v.weight,0.0018659229390323162,smoothquant_a50,1,0.19098713994026184,0.995104193687439,0.4842946231365204,0.23864403367042542,1.0,,,0.010665825568139553
UCE,Gogh_s1.0,up_blocks.1.attentions.0.transformer_blocks.0.attn2.to_v.weight,0.0018659229390323162,smoothquant_a50,4,0.19110285490751266,0.5404994487762451,0.06162821501493454,0.1393047273159027,1.0,,,0.010665825568139553
UCE,Gogh_s1.0,up_blocks.1.attentions.0.transformer_blocks.0.attn2.to_v.weight,0.0018659229390323162,smoothquant_a50,16,0.19095764216035604,0.2645952105522156,0.014728800393640995,0.08450670540332794,1.0,,,0.010665825568139553
UCE,Gogh_s1.0,up_blocks.1.attentions.0.transformer_blocks.0.attn2.to_v.weight,0.0018659229390323162,smoothquant_a75,1,0.19147643446922302,1.0249725580215454,0.5739156007766724,0.24562965333461761,1.0,,,0.010665825568139553
UCE,Gogh_s1.0,up_blocks.1.attentions.0.transformer_blocks.0.attn2.to_v.weight,0.0018659229390323162,smoothquant_a75,4,0.19104690104722977,0.5484172701835632,0.07801005244255066,0.14207673072814941,1.0,,,0.010665825568139553
UCE,Gogh_s1.0,up_blocks.1.attentions.0.transformer_blocks.0.attn2.to_v.weight,0.0018659229390323162,smoothquant_a75,16,0.19120998308062553,0.26904258131980896,0.01675618439912796,0.08474063128232956,1.0,,,0.010665825568139553
UCE,Gogh_s1.0,up_blocks.1.attentions.0.transformer_blocks.0.attn2.to_v.weight,0.0018659229390323162,smoothquant_a85,1,0.19241537153720856,1.0415080785751343,0.6141387820243835,0.24877628684043884,1.0,,,0.010665825568139553
UCE,Gogh_s1.0,up_blocks.1.attentions.0.transformer_blocks.0.attn2.to_v.weight,0.0018659229390323162,smoothquant_a85,4,0.1922101341187954,0.5550166368484497,0.0885772705078125,0.14388100802898407,1.0,,,0.010665825568139553
UCE,Gogh_s1.0,up_blocks.1.attentions.0.transformer_blocks.0.attn2.to_v.weight,0.0018659229390323162,smoothquant_a85,16,0.19204063434153795,0.2724755108356476,0.01916605606675148,0.0855233371257782,1.0,,,0.010665825568139553
UCE,Gogh_s1.0,up_blocks.1.attentions.0.transformer_blocks.0.attn2.to_v.weight,0.0018659229390323162,awq_a50,1,0.20331014692783356,1.0080972909927368,0.5414652228355408,0.2420465350151062,1.0,,,0.010665825568139553
UCE,Gogh_s1.0,up_blocks.1.attentions.0.transformer_blocks.0.attn2.to_v.weight,0.0018659229390323162,awq_a50,4,0.20295944437384605,0.5443992018699646,0.0426584891974926,0.13997623324394226,0.9999994933605194,,,0.010665825568139553
UCE,Gogh_s1.0,up_blocks.1.attentions.0.transformer_blocks.0.attn2.to_v.weight,0.0018659229390323162,awq_a50,16,0.20308882556855679,0.2670096158981323,0.008084106259047985,0.08517361432313919,0.9999993033707142,,,0.010665825568139553
UCE,Gogh_s1.0,up_blocks.1.attentions.1.transformer_blocks.0.attn2.to_k.weight,0.0026767514646053314,w_only_int8,0,0.2000478059053421,1.0,0.0,,,0.9994946122169495,0.9861915707588196,
UCE,Gogh_s1.0,up_blocks.1.attentions.1.transformer_blocks.0.attn2.to_k.weight,0.0026767514646053314,smoothquant_a50,1,0.19440308213233948,1.014417290687561,0.5486724972724915,0.23813451826572418,1.0,,,0.01156239677220583
UCE,Gogh_s1.0,up_blocks.1.attentions.1.transformer_blocks.0.attn2.to_k.weight,0.0026767514646053314,smoothquant_a50,4,0.19485067203640938,0.5504939556121826,0.07022196799516678,0.13909944891929626,1.0,,,0.01156239677220583
UCE,Gogh_s1.0,up_blocks.1.attentions.1.transformer_blocks.0.attn2.to_k.weight,0.0026767514646053314,smoothquant_a50,16,0.194896443746984,0.2681829333305359,0.02049967460334301,0.08502744138240814,1.0,,,0.01156239677220583
UCE,Gogh_s1.0,up_blocks.1.attentions.1.transformer_blocks.0.attn2.to_k.weight,0.0026767514646053314,smoothquant_a75,1,0.20171712338924408,1.053972840309143,0.6479451656341553,0.2504362165927887,1.0,,,0.01156239677220583
UCE,Gogh_s1.0,up_blocks.1.attentions.1.transformer_blocks.0.attn2.to_k.weight,0.0026767514646053314,smoothquant_a75,4,0.20169779658317566,0.5796431303024292,0.12043558806180954,0.1496766358613968,1.0,,,0.01156239677220583
UCE,Gogh_s1.0,up_blocks.1.attentions.1.transformer_blocks.0.attn2.to_k.weight,0.0026767514646053314,smoothquant_a75,16,0.20144697837531567,0.27711454033851624,0.02921549417078495,0.08849639445543289,1.0,,,0.01156239677220583
UCE,Gogh_s1.0,up_blocks.1.attentions.1.transformer_blocks.0.attn2.to_k.weight,0.0026767514646053314,smoothquant_a85,1,0.20302632451057434,1.0856233835220337,0.7012186646461487,0.25942257046699524,1.0,,,0.01156239677220583
UCE,Gogh_s1.0,up_blocks.1.attentions.1.transformer_blocks.0.attn2.to_k.weight,0.0026767514646053314,smoothquant_a85,4,0.20311787724494934,0.6082565784454346,0.1609293669462204,0.15841567516326904,1.0,,,0.01156239677220583
UCE,Gogh_s1.0,up_blocks.1.attentions.1.transformer_blocks.0.attn2.to_k.weight,0.0026767514646053314,smoothquant_a85,16,0.20251922495663166,0.28967735171318054,0.0380910225212574,0.09303639084100723,1.0,,,0.01156239677220583
UCE,Gogh_s1.0,up_blocks.1.attentions.1.transformer_blocks.0.attn2.to_k.weight,0.0026767514646053314,awq_a50,1,0.19899800419807434,1.0182167291641235,0.5860728025436401,0.2400885373353958,1.0,,,0.01156239677220583
UCE,Gogh_s1.0,up_blocks.1.attentions.1.transformer_blocks.0.attn2.to_k.weight,0.0026767514646053314,awq_a50,4,0.19873708114027977,0.5640713572502136,0.07732442021369934,0.1422753930091858,1.0,,,0.01156239677220583
UCE,Gogh_s1.0,up_blocks.1.attentions.1.transformer_blocks.0.attn2.to_k.weight,0.0026767514646053314,awq_a50,16,0.1985708875581622,0.26942920684814453,0.01848449744284153,0.08535561710596085,0.9999998733401299,,,0.01156239677220583
UCE,Gogh_s1.0,up_blocks.1.attentions.1.transformer_blocks.0.attn2.to_v.weight,0.002055887132883072,w_only_int8,0,0.21560974419116974,1.0,0.0,,,0.9992155432701111,0.9846214652061462,
UCE,Gogh_s1.0,up_blocks.1.attentions.1.transformer_blocks.0.attn2.to_v.weight,0.002055887132883072,smoothquant_a50,1,0.19583943486213684,0.9863781929016113,0.4566548764705658,0.24303145706653595,1.0,,,0.011541050858795643
UCE,Gogh_s1.0,up_blocks.1.attentions.1.transformer_blocks.0.attn2.to_v.weight,0.002055887132883072,smoothquant_a50,4,0.1955823227763176,0.5366712212562561,0.05721944198012352,0.14241328835487366,1.0,,,0.011541050858795643
UCE,Gogh_s1.0,up_blocks.1.attentions.1.transformer_blocks.0.attn2.to_v.weight,0.002055887132883072,smoothquant_a50,16,0.19564889185130596,0.259499728679657,0.013585408218204975,0.08578331023454666,1.0,,,0.011541050858795643
UCE,Gogh_s1.0,up_blocks.1.attentions.1.transformer_blocks.0.attn2.to_v.weight,0.002055887132883072,smoothquant_a75,1,0.19895730912685394,1.0179798603057861,0.5548258423805237,0.25059089064598083,1.0,,,0.011541050858795643
UCE,Gogh_s1.0,up_blocks.1.attentions.1.transformer_blocks.0.attn2.to_v.weight,0.002055887132883072,smoothquant_a75,4,0.1986740119755268,0.5440745949745178,0.070404052734375,0.14533314108848572,1.0,,,0.011541050858795643
UCE,Gogh_s1.0,up_blocks.1.attentions.1.transformer_blocks.0.attn2.to_v.weight,0.002055887132883072,smoothquant_a75,16,0.1986186346039176,0.2634994685649872,0.014170329086482525,0.0857948288321495,1.0,,,0.011541050858795643
UCE,Gogh_s1.0,up_blocks.1.attentions.1.transformer_blocks.0.attn2.to_v.weight,0.002055887132883072,smoothquant_a85,1,0.20049844682216644,1.0348811149597168,0.5993662476539612,0.2538984417915344,1.0,,,0.011541050858795643
UCE,Gogh_s1.0,up_blocks.1.attentions.1.transformer_blocks.0.attn2.to_v.weight,0.002055887132883072,smoothquant_a85,4,0.20030517131090164,0.550116240978241,0.08042297512292862,0.14688435196876526,1.0,,,0.011541050858795643
UCE,Gogh_s1.0,up_blocks.1.attentions.1.transformer_blocks.0.attn2.to_v.weight,0.002055887132883072,smoothquant_a85,16,0.20027179643511772,0.26760029792785645,0.015535482205450535,0.08646249771118164,1.0,,,0.011541050858795643
UCE,Gogh_s1.0,up_blocks.1.attentions.1.transformer_blocks.0.attn2.to_v.weight,0.002055887132883072,awq_a50,1,0.21050719916820526,1.0087974071502686,0.5453440546989441,0.24843595921993256,1.0,,,0.011541050858795643
UCE,Gogh_s1.0,up_blocks.1.attentions.1.transformer_blocks.0.attn2.to_v.weight,0.002055887132883072,awq_a50,4,0.2105311080813408,0.5492942929267883,0.04552408680319786,0.14498992264270782,1.0,,,0.011541050858795643
UCE,Gogh_s1.0,up_blocks.1.attentions.1.transformer_blocks.0.attn2.to_v.weight,0.002055887132883072,awq_a50,16,0.21055762097239494,0.26606881618499756,0.007901000790297985,0.0875459536910057,0.9999996200203896,,,0.011541050858795643
UCE,Gogh_s1.0,up_blocks.1.attentions.2.transformer_blocks.0.attn2.to_k.weight,0.0028068667743355036,w_only_int8,0,0.1908416748046875,1.0,0.0,,,0.9989656805992126,0.9875981211662292,
UCE,Gogh_s1.0,up_blocks.1.attentions.2.transformer_blocks.0.attn2.to_k.weight,0.0028068667743355036,smoothquant_a50,1,0.18639221787452698,1.0183781385421753,0.5646759271621704,0.2284693568944931,1.0,,,0.011584925465285778
UCE,Gogh_s1.0,up_blocks.1.attentions.2.transformer_blocks.0.attn2.to_k.weight,0.0028068667743355036,smoothquant_a50,4,0.18634974211454391,0.5633912086486816,0.08195393532514572,0.13476763665676117,1.0,,,0.011584925465285778
UCE,Gogh_s1.0,up_blocks.1.attentions.2.transformer_blocks.0.attn2.to_k.weight,0.0028068667743355036,smoothquant_a50,16,0.18629156704992056,0.2700236141681671,0.02199503593146801,0.0812738686800003,1.0,,,0.011584925465285778
UCE,Gogh_s1.0,up_blocks.1.attentions.2.transformer_blocks.0.attn2.to_k.weight,0.0028068667743355036,smoothquant_a75,1,0.19437052309513092,1.0693897008895874,0.6821848750114441,0.2428322434425354,1.0,,,0.011584925465285778
UCE,Gogh_s1.0,up_blocks.1.attentions.2.transformer_blocks.0.attn2.to_k.weight,0.0028068667743355036,smoothquant_a75,4,0.1941279098391533,0.5993035435676575,0.14291483163833618,0.1464625746011734,1.0,,,0.011584925465285778
UCE,Gogh_s1.0,up_blocks.1.attentions.2.transformer_blocks.0.attn2.to_k.weight,0.0028068667743355036,smoothquant_a75,16,0.19383246172219515,0.28555259108543396,0.03516744077205658,0.08661017566919327,1.0,,,0.011584925465285778
UCE,Gogh_s1.0,up_blocks.1.attentions.2.transformer_blocks.0.attn2.to_k.weight,0.0028068667743355036,smoothquant_a85,1,0.19580689072608948,1.1082587242126465,0.7373412847518921,0.2522573173046112,1.0,,,0.011584925465285778
UCE,Gogh_s1.0,up_blocks.1.attentions.2.transformer_blocks.0.attn2.to_k.weight,0.0028068667743355036,smoothquant_a85,4,0.19546814262866974,0.6353758573532104,0.18931986391544342,0.15574651956558228,1.0,,,0.011584925465285778
UCE,Gogh_s1.0,up_blocks.1.attentions.2.transformer_blocks.0.attn2.to_k.weight,0.0028068667743355036,smoothquant_a85,16,0.19509474374353886,0.30166634917259216,0.0471852608025074,0.09196987748146057,1.0,,,0.011584925465285778
UCE,Gogh_s1.0,up_blocks.1.attentions.2.transformer_blocks.0.attn2.to_k.weight,0.0028068667743355036,awq_a50,1,0.19034932553768158,1.0240172147750854,0.6096018552780151,0.2311604619026184,1.0,,,0.011584925465285778
UCE,Gogh_s1.0,up_blocks.1.attentions.2.transformer_blocks.0.attn2.to_k.weight,0.0028068667743355036,awq_a50,4,0.19024836272001266,0.5722635388374329,0.08763936161994934,0.13733170926570892,1.0,,,0.011584925465285778
UCE,Gogh_s1.0,up_blocks.1.attentions.2.transformer_blocks.0.attn2.to_k.weight,0.0028068667743355036,awq_a50,16,0.19023685436695814,0.2754482626914978,0.02126871794462204,0.08272643387317657,0.9999999366700649,,,0.011584925465285778
UCE,Gogh_s1.0,up_blocks.1.attentions.2.transformer_blocks.0.attn2.to_v.weight,0.0019390955567359924,w_only_int8,0,0.21240030229091644,1.0,0.0,,,0.9992499947547913,0.9851654767990112,
UCE,Gogh_s1.0,up_blocks.1.attentions.2.transformer_blocks.0.attn2.to_v.weight,0.0019390955567359924,smoothquant_a50,1,0.19130554795265198,0.9714422821998596,0.4202463924884796,0.2370920330286026,1.0,,,0.011543650180101395
UCE,Gogh_s1.0,up_blocks.1.attentions.2.transformer_blocks.0.attn2.to_v.weight,0.0019390955567359924,smoothquant_a50,4,0.19155731424689293,0.5226675271987915,0.05348917469382286,0.13760292530059814,1.0,,,0.011543650180101395
UCE,Gogh_s1.0,up_blocks.1.attentions.2.transformer_blocks.0.attn2.to_v.weight,0.0019390955567359924,smoothquant_a50,16,0.19142392463982105,0.2554647922515869,0.013584391213953495,0.08343374729156494,1.0,,,0.011543650180101395
UCE,Gogh_s1.0,up_blocks.1.attentions.2.transformer_blocks.0.attn2.to_v.weight,0.0019390955567359924,smoothquant_a75,1,0.19561360776424408,1.0088615417480469,0.5257171392440796,0.2453392893075943,1.0,,,0.011543650180101395
UCE,Gogh_s1.0,up_blocks.1.attentions.2.transformer_blocks.0.attn2.to_v.weight,0.0019390955567359924,smoothquant_a75,4,0.19591547548770905,0.534376323223114,0.06707458198070526,0.140930637717247,1.0,,,0.011543650180101395
UCE,Gogh_s1.0,up_blocks.1.attentions.2.transformer_blocks.0.attn2.to_v.weight,0.0019390955567359924,smoothquant_a75,16,0.196050644852221,0.26102617383003235,0.014545694924890995,0.08381324261426926,1.0,,,0.011543650180101395
UCE,Gogh_s1.0,up_blocks.1.attentions.2.transformer_blocks.0.attn2.to_v.weight,0.0019390955567359924,smoothquant_a85,1,0.19873961806297302,1.030341386795044,0.5825245976448059,0.2500172555446625,1.0,,,0.011543650180101395
UCE,Gogh_s1.0,up_blocks.1.attentions.2.transformer_blocks.0.attn2.to_v.weight,0.0019390955567359924,smoothquant_a85,4,0.19896595925092697,0.5432097911834717,0.08026123046875,0.1438671052455902,1.0,,,0.011543650180101395
UCE,Gogh_s1.0,up_blocks.1.attentions.2.transformer_blocks.0.attn2.to_v.weight,0.0019390955567359924,smoothquant_a85,16,0.1991019556298852,0.2668265402317047,0.01663309708237648,0.08512602001428604,1.0,,,0.011543650180101395
UCE,Gogh_s1.0,up_blocks.1.attentions.2.transformer_blocks.0.attn2.to_v.weight,0.0019390955567359924,awq_a50,1,0.20712891221046448,1.0071067810058594,0.5362823605537415,0.24449759721755981,1.0,,,0.011543650180101395
UCE,Gogh_s1.0,up_blocks.1.attentions.2.transformer_blocks.0.attn2.to_v.weight,0.0019390955567359924,awq_a50,4,0.2074078880250454,0.5499240159988403,0.04538167268037796,0.14269593358039856,0.9999997466802597,,,0.011543650180101395
UCE,Gogh_s1.0,up_blocks.1.attentions.2.transformer_blocks.0.attn2.to_v.weight,0.0019390955567359924,awq_a50,16,0.20738073904067278,0.2655099332332611,0.00839335098862648,0.08636435866355896,0.9999998733401299,,,0.011543650180101395
UCE,Gogh_s1.0,up_blocks.2.attentions.0.transformer_blocks.0.attn2.to_k.weight,0.0033767251297831535,w_only_int8,0,0.17923787236213684,1.0,0.0,,,0.9988237619400024,0.988976240158081,
UCE,Gogh_s1.0,up_blocks.2.attentions.0.transformer_blocks.0.attn2.to_k.weight,0.0033767251297831535,smoothquant_a50,1,0.1741129606962204,1.0238308906555176,0.5721781253814697,0.2169627845287323,1.0,,,0.01291076559573412
UCE,Gogh_s1.0,up_blocks.2.attentions.0.transformer_blocks.0.attn2.to_k.weight,0.0033767251297831535,smoothquant_a50,4,0.17401733621954918,0.6020407676696777,0.12080485373735428,0.13451845943927765,1.0,,,0.01291076559573412
UCE,Gogh_s1.0,up_blocks.2.attentions.0.transformer_blocks.0.attn2.to_k.weight,0.0033767251297831535,smoothquant_a50,16,0.17382354754954576,0.28749218583106995,0.03375244140625,0.08220798522233963,1.0,,,0.01291076559573412
UCE,Gogh_s1.0,up_blocks.2.attentions.0.transformer_blocks.0.attn2.to_k.weight,0.0033767251297831535,smoothquant_a75,1,0.19549356400966644,1.1984269618988037,0.804272472858429,0.2554508447647095,1.0,,,0.01291076559573412
UCE,Gogh_s1.0,up_blocks.2.attentions.0.transformer_blocks.0.attn2.to_k.weight,0.0033767251297831535,smoothquant_a75,4,0.19527994468808174,0.7481992244720459,0.29893189668655396,0.16841843724250793,1.0,,,0.01291076559573412
UCE,Gogh_s1.0,up_blocks.2.attentions.0.transformer_blocks.0.attn2.to_k.weight,0.0033767251297831535,smoothquant_a75,16,0.19405390415340662,0.3527342677116394,0.09311726689338684,0.1022159531712532,1.0,,,0.01291076559573412
UCE,Gogh_s1.0,up_blocks.2.attentions.0.transformer_blocks.0.attn2.to_k.weight,0.0033767251297831535,smoothquant_a85,1,0.20809325575828552,1.3294013738632202,0.8735982179641724,0.2778722047805786,1.0,,,0.01291076559573412
UCE,Gogh_s1.0,up_blocks.2.attentions.0.transformer_blocks.0.attn2.to_k.weight,0.0033767251297831535,smoothquant_a85,4,0.20778757333755493,0.8441159129142761,0.3873738646507263,0.1883103847503662,1.0,,,0.01291076559573412
UCE,Gogh_s1.0,up_blocks.2.attentions.0.transformer_blocks.0.attn2.to_k.weight,0.0033767251297831535,smoothquant_a85,16,0.2059970861300826,0.401363343000412,0.13218383491039276,0.11550799757242203,1.0,,,0.01291076559573412
UCE,Gogh_s1.0,up_blocks.2.attentions.0.transformer_blocks.0.attn2.to_k.weight,0.0033767251297831535,awq_a50,1,0.19096679985523224,1.0942541360855103,0.75592041015625,0.23794454336166382,1.0,,,0.01291076559573412
UCE,Gogh_s1.0,up_blocks.2.attentions.0.transformer_blocks.0.attn2.to_k.weight,0.0033767251297831535,awq_a50,4,0.19100799784064293,0.6997767090797424,0.23441976308822632,0.15493878722190857,0.9999994933605194,,,0.01291076559573412
UCE,Gogh_s1.0,up_blocks.2.attentions.0.transformer_blocks.0.attn2.to_k.weight,0.0033767251297831535,awq_a50,16,0.19065882358700037,0.3290276825428009,0.07213745266199112,0.09400644153356552,0.9999992400407791,,,0.01291076559573412
UCE,Gogh_s1.0,up_blocks.2.attentions.0.transformer_blocks.0.attn2.to_v.weight,0.002696810755878687,w_only_int8,0,0.208221435546875,1.0,0.0,,,0.9990488886833191,0.9856055974960327,
UCE,Gogh_s1.0,up_blocks.2.attentions.0.transformer_blocks.0.attn2.to_v.weight,0.002696810755878687,smoothquant_a50,1,0.18539835512638092,0.938892662525177,0.34251099824905396,0.22705431282520294,1.0,,,0.010847155004739761
UCE,Gogh_s1.0,up_blocks.2.attentions.0.transformer_blocks.0.attn2.to_v.weight,0.002696810755878687,smoothquant_a50,4,0.18530375137925148,0.515878438949585,0.04518025740981102,0.1332976073026657,1.0,,,0.010847155004739761
UCE,Gogh_s1.0,up_blocks.2.attentions.0.transformer_blocks.0.attn2.to_v.weight,0.002696810755878687,smoothquant_a50,16,0.18526026513427496,0.2518123388290405,0.011525471694767475,0.08071587234735489,1.0,,,0.010847155004739761
UCE,Gogh_s1.0,up_blocks.2.attentions.0.transformer_blocks.0.attn2.to_v.weight,0.002696810755878687,smoothquant_a75,1,0.19690145552158356,1.0074597597122192,0.5206298828125,0.24252305924892426,1.0,,,0.010847155004739761
UCE,Gogh_s1.0,up_blocks.2.attentions.0.transformer_blocks.0.attn2.to_v.weight,0.002696810755878687,smoothquant_a75,4,0.1966654434800148,0.5491405725479126,0.07862956076860428,0.14185644686222076,1.0,,,0.010847155004739761
UCE,Gogh_s1.0,up_blocks.2.attentions.0.transformer_blocks.0.attn2.to_v.weight,0.002696810755878687,smoothquant_a75,16,0.19662729930132627,0.26616260409355164,0.01700846292078495,0.08378037065267563,1.0,,,0.010847155004739761
UCE,Gogh_s1.0,up_blocks.2.attentions.0.transformer_blocks.0.attn2.to_v.weight,0.002696810755878687,smoothquant_a85,1,0.2014567106962204,1.0413044691085815,0.6072367429733276,0.2506668269634247,1.0,,,0.010847155004739761
UCE,Gogh_s1.0,up_blocks.2.attentions.0.transformer_blocks.0.attn2.to_v.weight,0.002696810755878687,smoothquant_a85,4,0.2015380896627903,0.5653623342514038,0.10059814155101776,0.14688362181186676,1.0,,,0.010847155004739761
UCE,Gogh_s1.0,up_blocks.2.attentions.0.transformer_blocks.0.attn2.to_v.weight,0.002696810755878687,smoothquant_a85,16,0.20170656871050596,0.2752150595188141,0.021484375,0.08649592101573944,1.0,,,0.010847155004739761
UCE,Gogh_s1.0,up_blocks.2.attentions.0.transformer_blocks.0.attn2.to_v.weight,0.002696810755878687,awq_a50,1,0.20517781376838684,1.0191450119018555,0.5946004390716553,0.24326035380363464,1.0,,,0.010847155004739761
UCE,Gogh_s1.0,up_blocks.2.attentions.0.transformer_blocks.0.attn2.to_v.weight,0.002696810755878687,awq_a50,4,0.20519765093922615,0.5655136108398438,0.06149495393037796,0.1435507982969284,1.0,,,0.010847155004739761
UCE,Gogh_s1.0,up_blocks.2.attentions.0.transformer_blocks.0.attn2.to_v.weight,0.002696810755878687,awq_a50,16,0.20527102146297693,0.2747911512851715,0.01206868514418602,0.08752495050430298,0.9999996200203896,,,0.010847155004739761
UCE,Gogh_s1.0,up_blocks.2.attentions.1.transformer_blocks.0.attn2.to_k.weight,0.0025610507000237703,w_only_int8,0,0.1979573518037796,1.0,0.0,,,0.9988628029823303,0.9866636991500854,
UCE,Gogh_s1.0,up_blocks.2.attentions.1.transformer_blocks.0.attn2.to_k.weight,0.0025610507000237703,smoothquant_a50,1,0.19654947519302368,1.030754566192627,0.588055431842804,0.2439028024673462,1.0,,,0.010838058777153492
UCE,Gogh_s1.0,up_blocks.2.attentions.1.transformer_blocks.0.attn2.to_k.weight,0.0025610507000237703,smoothquant_a50,4,0.19617309421300888,0.5990840792655945,0.13358764350414276,0.15052443742752075,1.0,,,0.010838058777153492
UCE,Gogh_s1.0,up_blocks.2.attentions.1.transformer_blocks.0.attn2.to_k.weight,0.0025610507000237703,smoothquant_a50,16,0.19606335926800966,0.2855270504951477,0.0437825508415699,0.09153317660093307,1.0,,,0.010838058777153492
UCE,Gogh_s1.0,up_blocks.2.attentions.1.transformer_blocks.0.attn2.to_k.weight,0.0025610507000237703,smoothquant_a75,1,0.21378988027572632,1.1392393112182617,0.7667317986488342,0.2762907147407532,1.0,,,0.010838058777153492
UCE,Gogh_s1.0,up_blocks.2.attentions.1.transformer_blocks.0.attn2.to_k.weight,0.0025610507000237703,smoothquant_a75,4,0.21398722380399704,0.7075140476226807,0.2631734311580658,0.1807941198348999,1.0,,,0.010838058777153492
UCE,Gogh_s1.0,up_blocks.2.attentions.1.transformer_blocks.0.attn2.to_k.weight,0.0025610507000237703,smoothquant_a75,16,0.21353963296860456,0.3256058096885681,0.08049723505973816,0.10793785005807877,1.0,,,0.010838058777153492
UCE,Gogh_s1.0,up_blocks.2.attentions.1.transformer_blocks.0.attn2.to_k.weight,0.0025610507000237703,smoothquant_a85,1,0.22274576127529144,1.23792564868927,0.8392130732536316,0.2971823513507843,1.0,,,0.010838058777153492
UCE,Gogh_s1.0,up_blocks.2.attentions.1.transformer_blocks.0.attn2.to_k.weight,0.0025610507000237703,smoothquant_a85,4,0.22256825864315033,0.7963013052940369,0.34556275606155396,0.20121683180332184,1.0,,,0.010838058777153492
UCE,Gogh_s1.0,up_blocks.2.attentions.1.transformer_blocks.0.attn2.to_k.weight,0.0025610507000237703,smoothquant_a85,16,0.22144953347742558,0.36471959948539734,0.11010538786649704,0.12053892761468887,1.0,,,0.010838058777153492
UCE,Gogh_s1.0,up_blocks.2.attentions.1.transformer_blocks.0.attn2.to_k.weight,0.0025610507000237703,awq_a50,1,0.20611979067325592,1.062893033027649,0.7237080931663513,0.25738391280174255,1.0,,,0.010838058777153492
UCE,Gogh_s1.0,up_blocks.2.attentions.1.transformer_blocks.0.attn2.to_k.weight,0.0025610507000237703,awq_a50,4,0.2058207206428051,0.6708139777183533,0.20261840522289276,0.16593924164772034,0.9999994933605194,,,0.010838058777153492
UCE,Gogh_s1.0,up_blocks.2.attentions.1.transformer_blocks.0.attn2.to_k.weight,0.0025610507000237703,awq_a50,16,0.20542195532470942,0.30984628200531006,0.06515909731388092,0.09996742010116577,0.9999988600611687,,,0.010838058777153492
UCE,Gogh_s1.0,up_blocks.2.attentions.1.transformer_blocks.0.attn2.to_v.weight,0.0016700266860425472,w_only_int8,0,0.22153523564338684,1.0,0.0,,,0.9990736246109009,0.9829134941101074,
UCE,Gogh_s1.0,up_blocks.2.attentions.1.transformer_blocks.0.attn2.to_v.weight,0.0016700266860425472,smoothquant_a50,1,0.19858399033546448,0.9422234892845154,0.36770427227020264,0.24578309059143066,1.0,,,0.010272523388266563
UCE,Gogh_s1.0,up_blocks.2.attentions.1.transformer_blocks.0.attn2.to_v.weight,0.0016700266860425472,smoothquant_a50,4,0.19832560420036316,0.5204408168792725,0.06473185122013092,0.1456815004348755,1.0,,,0.010272523388266563
UCE,Gogh_s1.0,up_blocks.2.attentions.1.transformer_blocks.0.attn2.to_v.weight,0.0016700266860425472,smoothquant_a50,16,0.19819246977567673,0.25461670756340027,0.01925455778837204,0.08867577463388443,1.0,,,0.010272523388266563
UCE,Gogh_s1.0,up_blocks.2.attentions.1.transformer_blocks.0.attn2.to_v.weight,0.0016700266860425472,smoothquant_a75,1,0.2054545134305954,1.0052508115768433,0.5133707523345947,0.26153358817100525,1.0,,,0.010272523388266563
UCE,Gogh_s1.0,up_blocks.2.attentions.1.transformer_blocks.0.attn2.to_v.weight,0.0016700266860425472,smoothquant_a75,4,0.20445658639073372,0.5560827255249023,0.09697672724723816,0.15576820075511932,1.0,,,0.010272523388266563
UCE,Gogh_s1.0,up_blocks.2.attentions.1.transformer_blocks.0.attn2.to_v.weight,0.0016700266860425472,smoothquant_a75,16,0.20427589677274227,0.2717435657978058,0.02877197228372097,0.0941011905670166,1.0,,,0.010272523388266563
UCE,Gogh_s1.0,up_blocks.2.attentions.1.transformer_blocks.0.attn2.to_v.weight,0.0016700266860425472,smoothquant_a85,1,0.20968423783779144,1.0388654470443726,0.5948588252067566,0.26974406838417053,1.0,,,0.010272523388266563
UCE,Gogh_s1.0,up_blocks.2.attentions.1.transformer_blocks.0.attn2.to_v.weight,0.0016700266860425472,smoothquant_a85,4,0.20842336118221283,0.5759723782539368,0.11896565556526184,0.16118888556957245,1.0,,,0.010272523388266563
UCE,Gogh_s1.0,up_blocks.2.attentions.1.transformer_blocks.0.attn2.to_v.weight,0.0016700266860425472,smoothquant_a85,16,0.20861600246280432,0.28423070907592773,0.03614502027630806,0.09791947901248932,1.0,,,0.010272523388266563
UCE,Gogh_s1.0,up_blocks.2.attentions.1.transformer_blocks.0.attn2.to_v.weight,0.0016700266860425472,awq_a50,1,0.21930542588233948,1.0153517723083496,0.5724548101425171,0.26107335090637207,1.0,,,0.010272523388266563
UCE,Gogh_s1.0,up_blocks.2.attentions.1.transformer_blocks.0.attn2.to_v.weight,0.0016700266860425472,awq_a50,4,0.21873728558421135,0.5676813721656799,0.06475016474723816,0.1555596888065338,1.0,,,0.010272523388266563
UCE,Gogh_s1.0,up_blocks.2.attentions.1.transformer_blocks.0.attn2.to_v.weight,0.0016700266860425472,awq_a50,16,0.21851717587560415,0.27651214599609375,0.01581420935690403,0.09564883261919022,0.9999998733401299,,,0.010272523388266563
UCE,Gogh_s1.0,up_blocks.2.attentions.2.transformer_blocks.0.attn2.to_k.weight,0.0026691968087106943,w_only_int8,0,0.19252115488052368,1.0,0.0,,,0.9992964863777161,0.9876903891563416,
UCE,Gogh_s1.0,up_blocks.2.attentions.2.transformer_blocks.0.attn2.to_k.weight,0.0026691968087106943,smoothquant_a50,1,0.1906229704618454,1.0278986692428589,0.5801452398300171,0.23581255972385406,1.0,,,0.011140645481646061
UCE,Gogh_s1.0,up_blocks.2.attentions.2.transformer_blocks.0.attn2.to_k.weight,0.0026691968087106943,smoothquant_a50,4,0.19065755605697632,0.6009781956672668,0.13755086064338684,0.1452549695968628,1.0,,,0.011140645481646061
UCE,Gogh_s1.0,up_blocks.2.attentions.2.transformer_blocks.0.attn2.to_k.weight,0.0026691968087106943,smoothquant_a50,16,0.19022598303854465,0.2835761308670044,0.04757283627986908,0.08795078098773956,1.0,,,0.011140645481646061
UCE,Gogh_s1.0,up_blocks.2.attentions.2.transformer_blocks.0.attn2.to_k.weight,0.0026691968087106943,smoothquant_a75,1,0.20759887993335724,1.1332907676696777,0.7547953128814697,0.2642769515514374,1.0,,,0.011140645481646061
UCE,Gogh_s1.0,up_blocks.2.attentions.2.transformer_blocks.0.attn2.to_k.weight,0.0026691968087106943,smoothquant_a75,4,0.20736287161707878,0.6921927332878113,0.25359293818473816,0.17061473429203033,1.0,,,0.011140645481646061
UCE,Gogh_s1.0,up_blocks.2.attentions.2.transformer_blocks.0.attn2.to_k.weight,0.0026691968087106943,smoothquant_a75,16,0.2066567735746503,0.32042765617370605,0.07965698093175888,0.10114248096942902,1.0,,,0.011140645481646061
UCE,Gogh_s1.0,up_blocks.2.attentions.2.transformer_blocks.0.attn2.to_k.weight,0.0026691968087106943,smoothquant_a85,1,0.214752197265625,1.2071287631988525,0.8145507574081421,0.280421644449234,1.0,,,0.011140645481646061
UCE,Gogh_s1.0,up_blocks.2.attentions.2.transformer_blocks.0.attn2.to_k.weight,0.0026691968087106943,smoothquant_a85,4,0.21526743844151497,0.7562647461891174,0.3144470155239105,0.18542680144309998,1.0,,,0.011140645481646061
UCE,Gogh_s1.0,up_blocks.2.attentions.2.transformer_blocks.0.attn2.to_k.weight,0.0026691968087106943,smoothquant_a85,16,0.21383667085319757,0.34973809123039246,0.10183919221162796,0.11048471927642822,1.0,,,0.011140645481646061
UCE,Gogh_s1.0,up_blocks.2.attentions.2.transformer_blocks.0.attn2.to_k.weight,0.0026691968087106943,awq_a50,1,0.19811198115348816,1.0464587211608887,0.6800171136856079,0.24180597066879272,1.0,,,0.011140645481646061
UCE,Gogh_s1.0,up_blocks.2.attentions.2.transformer_blocks.0.attn2.to_k.weight,0.0026691968087106943,awq_a50,4,0.19752807915210724,0.6298826932907104,0.1604410856962204,0.1506214737892151,1.0,,,0.011140645481646061
UCE,Gogh_s1.0,up_blocks.2.attentions.2.transformer_blocks.0.attn2.to_k.weight,0.0026691968087106943,awq_a50,16,0.19727846886962652,0.29515716433525085,0.04891764372587204,0.09002846479415894,0.9999997466802597,,,0.011140645481646061
UCE,Gogh_s1.0,up_blocks.2.attentions.2.transformer_blocks.0.attn2.to_v.weight,0.001565770129673183,w_only_int8,0,0.2160542756319046,1.0,0.0,,,0.998489260673523,0.9845960140228271,
UCE,Gogh_s1.0,up_blocks.2.attentions.2.transformer_blocks.0.attn2.to_v.weight,0.001565770129673183,smoothquant_a50,1,0.18257039785385132,0.911052942276001,0.30517578125,0.22879447042942047,1.0,,,0.01108225341886282
UCE,Gogh_s1.0,up_blocks.2.attentions.2.transformer_blocks.0.attn2.to_v.weight,0.001565770129673183,smoothquant_a50,4,0.1824742667376995,0.4936242699623108,0.04607544094324112,0.1333581507205963,1.0,,,0.01108225341886282
UCE,Gogh_s1.0,up_blocks.2.attentions.2.transformer_blocks.0.attn2.to_v.weight,0.001565770129673183,smoothquant_a50,16,0.18267275486141443,0.24329471588134766,0.013519287109375,0.08116745948791504,1.0,,,0.01108225341886282
UCE,Gogh_s1.0,up_blocks.2.attentions.2.transformer_blocks.0.attn2.to_v.weight,0.001565770129673183,smoothquant_a75,1,0.19245809316635132,0.9866808652877808,0.4660481810569763,0.2458525449037552,1.0,,,0.01108225341886282
UCE,Gogh_s1.0,up_blocks.2.attentions.2.transformer_blocks.0.attn2.to_v.weight,0.001565770129673183,smoothquant_a75,4,0.19230295717716217,0.5403414964675903,0.07455240935087204,0.14481617510318756,1.0,,,0.01108225341886282
UCE,Gogh_s1.0,up_blocks.2.attentions.2.transformer_blocks.0.attn2.to_v.weight,0.001565770129673183,smoothquant_a75,16,0.19296353589743376,0.2671108543872833,0.02072346955537796,0.08739958703517914,1.0,,,0.01108225341886282
UCE,Gogh_s1.0,up_blocks.2.attentions.2.transformer_blocks.0.attn2.to_v.weight,0.001565770129673183,smoothquant_a85,1,0.19889730215072632,1.0260608196258545,0.5652120113372803,0.2547100782394409,1.0,,,0.01108225341886282
UCE,Gogh_s1.0,up_blocks.2.attentions.2.transformer_blocks.0.attn2.to_v.weight,0.001565770129673183,smoothquant_a85,4,0.1978510543704033,0.5637118220329285,0.10006510466337204,0.15066349506378174,1.0,,,0.01108225341886282
UCE,Gogh_s1.0,up_blocks.2.attentions.2.transformer_blocks.0.attn2.to_v.weight,0.001565770129673183,smoothquant_a85,16,0.1982690179720521,0.27615833282470703,0.02699381485581398,0.09036314487457275,1.0,,,0.01108225341886282
UCE,Gogh_s1.0,up_blocks.2.attentions.2.transformer_blocks.0.attn2.to_v.weight,0.001565770129673183,awq_a50,1,0.2112223356962204,1.0129117965698242,0.5652262568473816,0.24995620548725128,1.0,,,0.01108225341886282
UCE,Gogh_s1.0,up_blocks.2.attentions.2.transformer_blocks.0.attn2.to_v.weight,0.001565770129673183,awq_a50,4,0.21109161525964737,0.5599879622459412,0.05587158352136612,0.14778202772140503,1.0,,,0.01108225341886282
UCE,Gogh_s1.0,up_blocks.2.attentions.2.transformer_blocks.0.attn2.to_v.weight,0.001565770129673183,awq_a50,16,0.2113114669919014,0.2732839584350586,0.014469400979578495,0.09061958640813828,0.9999997466802597,,,0.01108225341886282
UCE,Gogh_s1.0,up_blocks.3.attentions.0.transformer_blocks.0.attn2.to_k.weight,0.0027554621919989586,w_only_int8,0,0.2454427033662796,1.0,0.0,,,0.9980917572975159,0.9775633215904236,
UCE,Gogh_s1.0,up_blocks.3.attentions.0.transformer_blocks.0.attn2.to_k.weight,0.0027554621919989586,smoothquant_a50,1,0.23522542417049408,0.9135003685951233,0.35767823457717896,0.2725982964038849,1.0,,,0.007812264375388622
UCE,Gogh_s1.0,up_blocks.3.attentions.0.transformer_blocks.0.attn2.to_k.weight,0.0027554621919989586,smoothquant_a50,4,0.2346038818359375,0.6368153691291809,0.15510253608226776,0.19101954996585846,1.0,,,0.007812264375388622
UCE,Gogh_s1.0,up_blocks.3.attentions.0.transformer_blocks.0.attn2.to_k.weight,0.0027554621919989586,smoothquant_a50,16,0.23392181377857924,0.35143718123435974,0.09070231020450592,0.13335081934928894,1.0,,,0.007812264375388622
UCE,Gogh_s1.0,up_blocks.3.attentions.0.transformer_blocks.0.attn2.to_k.weight,0.0027554621919989586,smoothquant_a75,1,0.3307657837867737,1.3704208135604858,0.9588826298713684,0.37473249435424805,1.0,,,0.007812264375388622
UCE,Gogh_s1.0,up_blocks.3.attentions.0.transformer_blocks.0.attn2.to_k.weight,0.0027554621919989586,smoothquant_a75,4,0.329986572265625,1.0117641687393188,0.5085856318473816,0.2756335437297821,1.0,,,0.007812264375388622
UCE,Gogh_s1.0,up_blocks.3.attentions.0.transformer_blocks.0.attn2.to_k.weight,0.0027554621919989586,smoothquant_a75,16,0.32848638109862804,0.5633485317230225,0.2517049014568329,0.19685733318328857,1.0,,,0.007812264375388622
UCE,Gogh_s1.0,up_blocks.3.attentions.0.transformer_blocks.0.attn2.to_k.weight,0.0027554621919989586,smoothquant_a85,1,0.3745523989200592,1.6464099884033203,0.9781087040901184,0.4215729236602783,1.0,,,0.007812264375388622
UCE,Gogh_s1.0,up_blocks.3.attentions.0.transformer_blocks.0.attn2.to_k.weight,0.0027554621919989586,smoothquant_a85,4,0.3748158738017082,1.22299325466156,0.6265869140625,0.31657934188842773,1.0,,,0.007812264375388622
UCE,Gogh_s1.0,up_blocks.3.attentions.0.transformer_blocks.0.attn2.to_k.weight,0.0027554621919989586,smoothquant_a85,16,0.37340570986270905,0.6912484765052795,0.34197998046875,0.22955307364463806,1.0,,,0.007812264375388622
UCE,Gogh_s1.0,up_blocks.3.attentions.0.transformer_blocks.0.attn2.to_k.weight,0.0027554621919989586,awq_a50,1,0.32349854707717896,1.433964729309082,0.9686279296875,0.37043753266334534,1.0,,,0.007812264375388622
UCE,Gogh_s1.0,up_blocks.3.attentions.0.transformer_blocks.0.attn2.to_k.weight,0.0027554621919989586,awq_a50,4,0.32350464165210724,1.070416808128357,0.5460652709007263,0.27506130933761597,1.0,,,0.007812264375388622
UCE,Gogh_s1.0,up_blocks.3.attentions.0.transformer_blocks.0.attn2.to_k.weight,0.0027554621919989586,awq_a50,16,0.3233161922544241,0.613141655921936,0.29462483525276184,0.2021644413471222,1.0,,,0.007812264375388622
UCE,Gogh_s1.0,up_blocks.3.attentions.0.transformer_blocks.0.attn2.to_v.weight,0.0007357541471719742,w_only_int8,0,0.20114339888095856,1.0,0.0,,,0.9994779825210571,0.9807195067405701,
UCE,Gogh_s1.0,up_blocks.3.attentions.0.transformer_blocks.0.attn2.to_v.weight,0.0007357541471719742,smoothquant_a50,1,0.1861979216337204,0.975845217704773,0.4480549991130829,0.2283991128206253,1.0,,,0.0077993785962462425
UCE,Gogh_s1.0,up_blocks.3.attentions.0.transformer_blocks.0.attn2.to_v.weight,0.0007357541471719742,smoothquant_a50,4,0.18558654934167862,0.5445190668106079,0.08724772185087204,0.13879574835300446,1.0,,,0.0077993785962462425
UCE,Gogh_s1.0,up_blocks.3.attentions.0.transformer_blocks.0.attn2.to_v.weight,0.0007357541471719742,smoothquant_a50,16,0.18540700245648623,0.26863351464271545,0.02696940116584301,0.08614954352378845,1.0,,,0.0077993785962462425
UCE,Gogh_s1.0,up_blocks.3.attentions.0.transformer_blocks.0.attn2.to_v.weight,0.0007357541471719742,smoothquant_a75,1,0.20501708984375,1.14622962474823,0.7432901859283447,0.2771567404270172,1.0,,,0.0077993785962462425
UCE,Gogh_s1.0,up_blocks.3.attentions.0.transformer_blocks.0.attn2.to_v.weight,0.0007357541471719742,smoothquant_a75,4,0.20624898001551628,0.7089881896972656,0.2576456665992737,0.18101994693279266,1.0,,,0.0077993785962462425
UCE,Gogh_s1.0,up_blocks.3.attentions.0.transformer_blocks.0.attn2.to_v.weight,0.0007357541471719742,smoothquant_a75,16,0.2058685291558504,0.3501986563205719,0.08553873747587204,0.11475114524364471,1.0,,,0.0077993785962462425
UCE,Gogh_s1.0,up_blocks.3.attentions.0.transformer_blocks.0.attn2.to_v.weight,0.0007357541471719742,smoothquant_a85,1,0.22215169668197632,1.3388493061065674,0.8461588621139526,0.31181231141090393,1.0,,,0.0077993785962462425
UCE,Gogh_s1.0,up_blocks.3.attentions.0.transformer_blocks.0.attn2.to_v.weight,0.0007357541471719742,smoothquant_a85,4,0.22208760678768158,0.8541626334190369,0.3956542909145355,0.21237121522426605,1.0,,,0.0077993785962462425
UCE,Gogh_s1.0,up_blocks.3.attentions.0.transformer_blocks.0.attn2.to_v.weight,0.0007357541471719742,smoothquant_a85,16,0.22041574865579605,0.42599940299987793,0.15160726010799408,0.1373957395553589,1.0,,,0.0077993785962462425
UCE,Gogh_s1.0,up_blocks.3.attentions.0.transformer_blocks.0.attn2.to_v.weight,0.0007357541471719742,awq_a50,1,0.22079671919345856,1.1114383935928345,0.7622477412223816,0.281133770942688,1.0,,,0.0077993785962462425
UCE,Gogh_s1.0,up_blocks.3.attentions.0.transformer_blocks.0.attn2.to_v.weight,0.0007357541471719742,awq_a50,4,0.22058410570025444,0.7164596915245056,0.2562215030193329,0.18810783326625824,1.0,,,0.0077993785962462425
UCE,Gogh_s1.0,up_blocks.3.attentions.0.transformer_blocks.0.attn2.to_v.weight,0.0007357541471719742,awq_a50,16,0.22002944722771645,0.346163272857666,0.09060872346162796,0.12379749119281769,1.0,,,0.0077993785962462425
UCE,Gogh_s1.0,up_blocks.3.attentions.1.transformer_blocks.0.attn2.to_k.weight,0.0027991370297968388,w_only_int8,0,0.23001302778720856,1.0,0.0,,,0.9989567995071411,0.9795712232589722,
UCE,Gogh_s1.0,up_blocks.3.attentions.1.transformer_blocks.0.attn2.to_k.weight,0.0027991370297968388,smoothquant_a50,1,0.22710774838924408,0.9659865498542786,0.4475463926792145,0.27583348751068115,1.0,,,0.00926355179399252
UCE,Gogh_s1.0,up_blocks.3.attentions.1.transformer_blocks.0.attn2.to_k.weight,0.0027991370297968388,smoothquant_a50,4,0.22698161005973816,0.680233359336853,0.20938314497470856,0.1911977082490921,1.0,,,0.00926355179399252
UCE,Gogh_s1.0,up_blocks.3.attentions.1.transformer_blocks.0.attn2.to_k.weight,0.0027991370297968388,smoothquant_a50,16,0.2267405204474926,0.38734179735183716,0.13202311098575592,0.1342400312423706,1.0,,,0.00926355179399252
UCE,Gogh_s1.0,up_blocks.3.attentions.1.transformer_blocks.0.attn2.to_k.weight,0.0027991370297968388,smoothquant_a75,1,0.31649982929229736,1.413988471031189,0.957995593547821,0.37223905324935913,1.0,,,0.00926355179399252
UCE,Gogh_s1.0,up_blocks.3.attentions.1.transformer_blocks.0.attn2.to_k.weight,0.0027991370297968388,smoothquant_a75,4,0.3151082322001457,1.0631622076034546,0.5423583984375,0.2743091881275177,1.0,,,0.00926355179399252
UCE,Gogh_s1.0,up_blocks.3.attentions.1.transformer_blocks.0.attn2.to_k.weight,0.0027991370297968388,smoothquant_a75,16,0.31418863870203495,0.6143873929977417,0.3002075254917145,0.197416290640831,1.0,,,0.00926355179399252
UCE,Gogh_s1.0,up_blocks.3.attentions.1.transformer_blocks.0.attn2.to_k.weight,0.0027991370297968388,smoothquant_a85,1,0.3592692017555237,1.6977336406707764,0.9805826544761658,0.4187811017036438,1.0,,,0.00926355179399252
UCE,Gogh_s1.0,up_blocks.3.attentions.1.transformer_blocks.0.attn2.to_k.weight,0.0027991370297968388,smoothquant_a85,4,0.3586629256606102,1.284725546836853,0.6524210572242737,0.3146047294139862,1.0,,,0.00926355179399252
UCE,Gogh_s1.0,up_blocks.3.attentions.1.transformer_blocks.0.attn2.to_k.weight,0.0027991370297968388,smoothquant_a85,16,0.3571975715458393,0.7561270594596863,0.3861043155193329,0.22980676591396332,1.0,,,0.00926355179399252
UCE,Gogh_s1.0,up_blocks.3.attentions.1.transformer_blocks.0.attn2.to_k.weight,0.0027991370297968388,awq_a50,1,0.2998819947242737,1.4325454235076904,0.9595621824264526,0.35030272603034973,1.0,,,0.00926355179399252
UCE,Gogh_s1.0,up_blocks.3.attentions.1.transformer_blocks.0.attn2.to_k.weight,0.0027991370297968388,awq_a50,4,0.2999257445335388,1.0503005981445312,0.5337606072425842,0.2564876973628998,1.0,,,0.00926355179399252
UCE,Gogh_s1.0,up_blocks.3.attentions.1.transformer_blocks.0.attn2.to_k.weight,0.0027991370297968388,awq_a50,16,0.2989947013556957,0.5972970724105835,0.28387451171875,0.18337193131446838,1.0,,,0.00926355179399252
UCE,Gogh_s1.0,up_blocks.3.attentions.1.transformer_blocks.0.attn2.to_v.weight,0.0009437641710974276,w_only_int8,0,0.2103068083524704,1.0,0.0,,,0.9976058602333069,0.981250524520874,
UCE,Gogh_s1.0,up_blocks.3.attentions.1.transformer_blocks.0.attn2.to_v.weight,0.0009437641710974276,smoothquant_a50,1,0.18288573622703552,0.9352958798408508,0.3629801571369171,0.23056542873382568,1.0,,,0.008850113488733768
UCE,Gogh_s1.0,up_blocks.3.attentions.1.transformer_blocks.0.attn2.to_v.weight,0.0009437641710974276,smoothquant_a50,4,0.18402913212776184,0.5084947347640991,0.05896402895450592,0.13661502301692963,1.0,,,0.008850113488733768
UCE,Gogh_s1.0,up_blocks.3.attentions.1.transformer_blocks.0.attn2.to_v.weight,0.0009437641710974276,smoothquant_a50,16,0.1840306594967842,0.25156980752944946,0.01904296875,0.08469042927026749,1.0,,,0.008850113488733768
UCE,Gogh_s1.0,up_blocks.3.attentions.1.transformer_blocks.0.attn2.to_v.weight,0.0009437641710974276,smoothquant_a75,1,0.19604898989200592,1.0974271297454834,0.6851643919944763,0.273427277803421,1.0,,,0.008850113488733768
UCE,Gogh_s1.0,up_blocks.3.attentions.1.transformer_blocks.0.attn2.to_v.weight,0.0009437641710974276,smoothquant_a75,4,0.19767557457089424,0.6330892443656921,0.18675944209098816,0.17085392773151398,1.0,,,0.008850113488733768
UCE,Gogh_s1.0,up_blocks.3.attentions.1.transformer_blocks.0.attn2.to_v.weight,0.0009437641710974276,smoothquant_a75,16,0.19805577397346497,0.317661851644516,0.0638224259018898,0.10887335240840912,1.0,,,0.008850113488733768
UCE,Gogh_s1.0,up_blocks.3.attentions.1.transformer_blocks.0.attn2.to_v.weight,0.0009437641710974276,smoothquant_a85,1,0.2117716521024704,1.2339047193527222,0.803149402141571,0.30223211646080017,1.0,,,0.008850113488733768
UCE,Gogh_s1.0,up_blocks.3.attentions.1.transformer_blocks.0.attn2.to_v.weight,0.0009437641710974276,smoothquant_a85,4,0.21269633248448372,0.7248917818069458,0.2851196229457855,0.19467593729496002,1.0,,,0.008850113488733768
UCE,Gogh_s1.0,up_blocks.3.attentions.1.transformer_blocks.0.attn2.to_v.weight,0.0009437641710974276,smoothquant_a85,16,0.2128120418637991,0.3638816475868225,0.1078084334731102,0.12562152743339539,1.0,,,0.008850113488733768
UCE,Gogh_s1.0,up_blocks.3.attentions.1.transformer_blocks.0.attn2.to_v.weight,0.0009437641710974276,awq_a50,1,0.21827799081802368,1.086193323135376,0.7498006224632263,0.2782037854194641,1.0,,,0.008850113488733768
UCE,Gogh_s1.0,up_blocks.3.attentions.1.transformer_blocks.0.attn2.to_v.weight,0.0009437641710974276,awq_a50,4,0.2183176688849926,0.6482484340667725,0.18500569462776184,0.17701996862888336,1.0,,,0.008850113488733768
UCE,Gogh_s1.0,up_blocks.3.attentions.1.transformer_blocks.0.attn2.to_v.weight,0.0009437641710974276,awq_a50,16,0.21851476095616817,0.3209342062473297,0.06967366486787796,0.11669830977916718,0.9999994896352291,,,0.008850113488733768
UCE,Gogh_s1.0,up_blocks.3.attentions.2.transformer_blocks.0.attn2.to_k.weight,0.0024812521878629923,w_only_int8,0,0.2454020231962204,1.0,0.0,,,0.9983453750610352,0.9768992066383362,
UCE,Gogh_s1.0,up_blocks.3.attentions.2.transformer_blocks.0.attn2.to_k.weight,0.0024812521878629923,smoothquant_a50,1,0.23813477158546448,0.9578789472579956,0.44054362177848816,0.28505608439445496,1.0,,,0.0117684630677104
UCE,Gogh_s1.0,up_blocks.3.attentions.2.transformer_blocks.0.attn2.to_k.weight,0.0024812521878629923,smoothquant_a50,4,0.23796488717198372,0.679076611995697,0.22303873300552368,0.2028493881225586,1.0,,,0.0117684630677104
UCE,Gogh_s1.0,up_blocks.3.attentions.2.transformer_blocks.0.attn2.to_k.weight,0.0024812521878629923,smoothquant_a50,16,0.23741251789033413,0.37270796298980713,0.14387206733226776,0.1384827047586441,1.0,,,0.0117684630677104
UCE,Gogh_s1.0,up_blocks.3.attentions.2.transformer_blocks.0.attn2.to_k.weight,0.0024812521878629923,smoothquant_a75,1,0.33240967988967896,1.427914023399353,0.9570149779319763,0.3891642391681671,1.0,,,0.0117684630677104
UCE,Gogh_s1.0,up_blocks.3.attentions.2.transformer_blocks.0.attn2.to_k.weight,0.0024812521878629923,smoothquant_a75,4,0.3325032591819763,1.0708801746368408,0.5492798089981079,0.289543479681015,1.0,,,0.0117684630677104
UCE,Gogh_s1.0,up_blocks.3.attentions.2.transformer_blocks.0.attn2.to_k.weight,0.0024812521878629923,smoothquant_a75,16,0.3311833720654249,0.6171809434890747,0.30192869901657104,0.2061743587255478,1.0,,,0.0117684630677104
UCE,Gogh_s1.0,up_blocks.3.attentions.2.transformer_blocks.0.attn2.to_k.weight,0.0024812521878629923,smoothquant_a85,1,0.37871092557907104,1.7106645107269287,0.9801473021507263,0.4377456307411194,1.0,,,0.0117684630677104
UCE,Gogh_s1.0,up_blocks.3.attentions.2.transformer_blocks.0.attn2.to_k.weight,0.0024812521878629923,smoothquant_a85,4,0.37844034284353256,1.2952059507369995,0.6581339240074158,0.3305166959762573,1.0,,,0.0117684630677104
UCE,Gogh_s1.0,up_blocks.3.attentions.2.transformer_blocks.0.attn2.to_k.weight,0.0024812521878629923,smoothquant_a85,16,0.3768651317805052,0.7678771615028381,0.3923380672931671,0.24099645018577576,1.0,,,0.0117684630677104
UCE,Gogh_s1.0,up_blocks.3.attentions.2.transformer_blocks.0.attn2.to_k.weight,0.0024812521878629923,awq_a50,1,0.3172973692417145,1.4425523281097412,0.972900390625,0.3738712668418884,1.0,,,0.0117684630677104
UCE,Gogh_s1.0,up_blocks.3.attentions.2.transformer_blocks.0.attn2.to_k.weight,0.0024812521878629923,awq_a50,4,0.3175954148173332,1.076523780822754,0.5514729619026184,0.27538809180259705,0.9999969601631165,,,0.0117684630677104
UCE,Gogh_s1.0,up_blocks.3.attentions.2.transformer_blocks.0.attn2.to_k.weight,0.0024812521878629923,awq_a50,16,0.31736424565315247,0.6288442611694336,0.30952149629592896,0.20079508423805237,1.0,,,0.0117684630677104
UCE,Gogh_s1.0,up_blocks.3.attentions.2.transformer_blocks.0.attn2.to_v.weight,0.000913298106752336,w_only_int8,0,0.21669107675552368,1.0,0.0,,,0.9984899759292603,0.9809576272964478,
UCE,Gogh_s1.0,up_blocks.3.attentions.2.transformer_blocks.0.attn2.to_v.weight,0.000913298106752336,smoothquant_a50,1,0.18074136972427368,0.8928346633911133,0.3104614317417145,0.22640761733055115,1.0,,,0.010061061941087246
UCE,Gogh_s1.0,up_blocks.3.attentions.2.transformer_blocks.0.attn2.to_v.weight,0.000913298106752336,smoothquant_a50,4,0.18089701607823372,0.5041471123695374,0.06027831882238388,0.13861125707626343,1.0,,,0.010061061941087246
UCE,Gogh_s1.0,up_blocks.3.attentions.2.transformer_blocks.0.attn2.to_v.weight,0.000913298106752336,smoothquant_a50,16,0.18032659124583006,0.2534761428833008,0.01906331442296505,0.08730955421924591,1.0,,,0.010061061941087246
UCE,Gogh_s1.0,up_blocks.3.attentions.2.transformer_blocks.0.attn2.to_v.weight,0.000913298106752336,smoothquant_a75,1,0.19930826127529144,1.0838956832885742,0.6593465209007263,0.27343007922172546,1.0,,,0.010061061941087246
UCE,Gogh_s1.0,up_blocks.3.attentions.2.transformer_blocks.0.attn2.to_v.weight,0.000913298106752336,smoothquant_a75,4,0.19947611540555954,0.6535882353782654,0.19398193061351776,0.17741809785366058,1.0,,,0.010061061941087246
UCE,Gogh_s1.0,up_blocks.3.attentions.2.transformer_blocks.0.attn2.to_v.weight,0.000913298106752336,smoothquant_a75,16,0.19892450887709856,0.3475468158721924,0.07151692360639572,0.1188281774520874,1.0,,,0.010061061941087246
UCE,Gogh_s1.0,up_blocks.3.attentions.2.transformer_blocks.0.attn2.to_v.weight,0.000913298106752336,smoothquant_a85,1,0.21507975459098816,1.2379869222640991,0.7886637449264526,0.3005606234073639,1.0,,,0.010061061941087246
UCE,Gogh_s1.0,up_blocks.3.attentions.2.transformer_blocks.0.attn2.to_v.weight,0.000913298106752336,smoothquant_a85,4,0.21528422459959984,0.7500155568122864,0.3035929501056671,0.2002895623445511,1.0,,,0.010061061941087246
UCE,Gogh_s1.0,up_blocks.3.attentions.2.transformer_blocks.0.attn2.to_v.weight,0.000913298106752336,smoothquant_a85,16,0.2149734515696764,0.4053937494754791,0.13074544072151184,0.13745249807834625,1.0,,,0.010061061941087246
UCE,Gogh_s1.0,up_blocks.3.attentions.2.transformer_blocks.0.attn2.to_v.weight,0.000913298106752336,awq_a50,1,0.23020833730697632,1.0860658884048462,0.7389811277389526,0.28357747197151184,1.0,,,0.010061061941087246
UCE,Gogh_s1.0,up_blocks.3.attentions.2.transformer_blocks.0.attn2.to_v.weight,0.000913298106752336,awq_a50,4,0.22952473908662796,0.6844109892845154,0.21525879204273224,0.1870274543762207,1.0,,,0.010061061941087246
UCE,Gogh_s1.0,up_blocks.3.attentions.2.transformer_blocks.0.attn2.to_v.weight,0.000913298106752336,awq_a50,16,0.22957662027329206,0.3568843603134155,0.09860839694738388,0.12978005409240723,0.9999989867210388,,,0.010061061941087246
UCE,Gogh_s1.0,mid_block.attentions.0.transformer_blocks.0.attn2.to_k.weight,0.0021842792630195618,w_only_int8,0,0.18505859375,1.0,0.0,,,0.9994460344314575,0.9880052804946899,
UCE,Gogh_s1.0,mid_block.attentions.0.transformer_blocks.0.attn2.to_k.weight,0.0021842792630195618,smoothquant_a50,1,0.18377991020679474,1.038390874862671,0.6181671023368835,0.22782036662101746,1.0,,,0.0124003104865551
UCE,Gogh_s1.0,mid_block.attentions.0.transformer_blocks.0.attn2.to_k.weight,0.0021842792630195618,smoothquant_a50,4,0.18324508890509605,0.5933325886726379,0.11879069358110428,0.13766451179981232,1.0,,,0.0124003104865551
UCE,Gogh_s1.0,mid_block.attentions.0.transformer_blocks.0.attn2.to_k.weight,0.0021842792630195618,smoothquant_a50,16,0.18297888431698084,0.2825924754142761,0.02877909317612648,0.08242404460906982,1.0,,,0.0124003104865551
UCE,Gogh_s1.0,mid_block.attentions.0.transformer_blocks.0.attn2.to_k.weight,0.0021842792630195618,smoothquant_a75,1,0.20162048935890198,1.1390949487686157,0.7732136845588684,0.2547951340675354,1.0,,,0.0124003104865551
UCE,Gogh_s1.0,mid_block.attentions.0.transformer_blocks.0.attn2.to_k.weight,0.0021842792630195618,smoothquant_a75,4,0.2008768729865551,0.6916185021400452,0.24689026176929474,0.16285578906536102,1.0,,,0.0124003104865551
UCE,Gogh_s1.0,mid_block.attentions.0.transformer_blocks.0.attn2.to_k.weight,0.0021842792630195618,smoothquant_a75,16,0.20007546804845333,0.3169849216938019,0.06158345565199852,0.09355004876852036,1.0,,,0.0124003104865551
UCE,Gogh_s1.0,mid_block.attentions.0.transformer_blocks.0.attn2.to_k.weight,0.0021842792630195618,smoothquant_a85,1,0.21221618354320526,1.2239928245544434,0.8313191533088684,0.27439621090888977,1.0,,,0.0124003104865551
UCE,Gogh_s1.0,mid_block.attentions.0.transformer_blocks.0.attn2.to_k.weight,0.0021842792630195618,smoothquant_a85,4,0.21180114895105362,0.7656568288803101,0.3241994082927704,0.180770605802536,1.0,,,0.0124003104865551
UCE,Gogh_s1.0,mid_block.attentions.0.transformer_blocks.0.attn2.to_k.weight,0.0021842792630195618,smoothquant_a85,16,0.21033064648509026,0.3473793864250183,0.08907674252986908,0.10313144326210022,1.0,,,0.0124003104865551
UCE,Gogh_s1.0,mid_block.attentions.0.transformer_blocks.0.attn2.to_k.weight,0.0021842792630195618,awq_a50,1,0.19600220024585724,1.056841254234314,0.7038462162017822,0.24000917375087738,1.0,,,0.0124003104865551
UCE,Gogh_s1.0,mid_block.attentions.0.transformer_blocks.0.attn2.to_k.weight,0.0021842792630195618,awq_a50,4,0.19563598930835724,0.6430457234382629,0.18386027216911316,0.15117810666561127,1.0,,,0.0124003104865551
UCE,Gogh_s1.0,mid_block.attentions.0.transformer_blocks.0.attn2.to_k.weight,0.0021842792630195618,awq_a50,16,0.19512246549129486,0.2994939088821411,0.04707438126206398,0.08905014395713806,0.9999994933605194,,,0.0124003104865551
UCE,Gogh_s1.0,mid_block.attentions.0.transformer_blocks.0.attn2.to_v.weight,0.0019159012008458376,w_only_int8,0,0.20021158456802368,1.0,0.0,,,0.9993979930877686,0.9866948127746582,
UCE,Gogh_s1.0,mid_block.attentions.0.transformer_blocks.0.attn2.to_v.weight,0.0019159012008458376,smoothquant_a50,1,0.18944701552391052,1.016014814376831,0.5512024164199829,0.23634377121925354,1.0,,,0.01162748783826828
UCE,Gogh_s1.0,mid_block.attentions.0.transformer_blocks.0.attn2.to_v.weight,0.0019159012008458376,smoothquant_a50,4,0.18957672268152237,0.5629507899284363,0.09396056830883026,0.1392737776041031,1.0,,,0.01162748783826828
UCE,Gogh_s1.0,mid_block.attentions.0.transformer_blocks.0.attn2.to_v.weight,0.0019159012008458376,smoothquant_a50,16,0.18951225373893976,0.27428576350212097,0.02977396734058857,0.08490952104330063,1.0,,,0.01162748783826828
UCE,Gogh_s1.0,mid_block.attentions.0.transformer_blocks.0.attn2.to_v.weight,0.0019159012008458376,smoothquant_a75,1,0.19020995497703552,1.0535176992416382,0.6435577273368835,0.2467801570892334,1.0,,,0.01162748783826828
UCE,Gogh_s1.0,mid_block.attentions.0.transformer_blocks.0.attn2.to_v.weight,0.0019159012008458376,smoothquant_a75,4,0.19031346589326859,0.5847451090812683,0.13174234330654144,0.14615660905838013,1.0,,,0.01162748783826828
UCE,Gogh_s1.0,mid_block.attentions.0.transformer_blocks.0.attn2.to_v.weight,0.0019159012008458376,smoothquant_a75,16,0.19007835537195206,0.2874572277069092,0.04555969312787056,0.08893892914056778,1.0,,,0.01162748783826828
UCE,Gogh_s1.0,mid_block.attentions.0.transformer_blocks.0.attn2.to_v.weight,0.0019159012008458376,smoothquant_a85,1,0.18979492783546448,1.07649827003479,0.6843922734260559,0.2529241144657135,1.0,,,0.01162748783826828
UCE,Gogh_s1.0,mid_block.attentions.0.transformer_blocks.0.attn2.to_v.weight,0.0019159012008458376,smoothquant_a85,4,0.18969548493623734,0.5969811081886292,0.15150858461856842,0.1503501534461975,1.0,,,0.01162748783826828
UCE,Gogh_s1.0,mid_block.attentions.0.transformer_blocks.0.attn2.to_v.weight,0.0019159012008458376,smoothquant_a85,16,0.18916632235050201,0.29555341601371765,0.05505676195025444,0.09189162403345108,1.0,,,0.01162748783826828
UCE,Gogh_s1.0,mid_block.attentions.0.transformer_blocks.0.attn2.to_v.weight,0.0019159012008458376,awq_a50,1,0.19482015073299408,1.0119980573654175,0.5609680414199829,0.2340707927942276,1.0,,,0.01162748783826828
UCE,Gogh_s1.0,mid_block.attentions.0.transformer_blocks.0.attn2.to_v.weight,0.0019159012008458376,awq_a50,4,0.19462839514017105,0.5479554533958435,0.04868469387292862,0.1351565420627594,1.0,,,0.01162748783826828
UCE,Gogh_s1.0,mid_block.attentions.0.transformer_blocks.0.attn2.to_v.weight,0.0019159012008458376,awq_a50,16,0.19453086704015732,0.26732179522514343,0.009975179098546505,0.08182942122220993,0.9999996833503246,,,0.01162748783826828
UCE,Gogh_s2.0,down_blocks.0.attentions.0.transformer_blocks.0.attn2.to_k.weight,0.0029298351146280766,w_only_int8,0,0.20918375253677368,1.0,0.0,,,0.9989326000213623,0.9858005046844482,
UCE,Gogh_s2.0,down_blocks.0.attentions.0.transformer_blocks.0.attn2.to_k.weight,0.0029298351146280766,smoothquant_a50,1,0.20921631157398224,1.0334268808364868,0.5881307125091553,0.25545698404312134,1.0,,,0.009901112876832485
UCE,Gogh_s2.0,down_blocks.0.attentions.0.transformer_blocks.0.attn2.to_k.weight,0.0029298351146280766,smoothquant_a50,4,0.20944519340991974,0.6410276889801025,0.17191162705421448,0.1648043841123581,1.0,,,0.009901112876832485
UCE,Gogh_s2.0,down_blocks.0.attentions.0.transformer_blocks.0.attn2.to_k.weight,0.0029298351146280766,smoothquant_a50,16,0.20949706993997097,0.31775712966918945,0.08477376401424408,0.10724205523729324,1.0,,,0.009901112876832485
UCE,Gogh_s2.0,down_blocks.0.attentions.0.transformer_blocks.0.attn2.to_k.weight,0.0029298351146280766,smoothquant_a75,1,0.23677977919578552,1.254578948020935,0.8298095464706421,0.30557671189308167,1.0,,,0.009901112876832485
UCE,Gogh_s2.0,down_blocks.0.attentions.0.transformer_blocks.0.attn2.to_k.weight,0.0029298351146280766,smoothquant_a75,4,0.2367045059800148,0.8068327903747559,0.35641682147979736,0.20881778001785278,1.0,,,0.009901112876832485
UCE,Gogh_s2.0,down_blocks.0.attentions.0.transformer_blocks.0.attn2.to_k.weight,0.0029298351146280766,smoothquant_a75,16,0.23653081245720387,0.41390857100486755,0.17093099653720856,0.14035123586654663,1.0,,,0.009901112876832485
UCE,Gogh_s2.0,down_blocks.0.attentions.0.transformer_blocks.0.attn2.to_k.weight,0.0029298351146280766,smoothquant_a85,1,0.2537434995174408,1.419501543045044,0.8859700560569763,0.33438950777053833,1.0,,,0.009901112876832485
UCE,Gogh_s2.0,down_blocks.0.attentions.0.transformer_blocks.0.attn2.to_k.weight,0.0029298351146280766,smoothquant_a85,4,0.2526692748069763,0.9124557375907898,0.4426635801792145,0.234017476439476,1.0,,,0.009901112876832485
UCE,Gogh_s2.0,down_blocks.0.attentions.0.transformer_blocks.0.attn2.to_k.weight,0.0029298351146280766,smoothquant_a85,16,0.25167338363826275,0.47776687145233154,0.22299398481845856,0.16017577052116394,1.0,,,0.009901112876832485
UCE,Gogh_s2.0,down_blocks.0.attentions.0.transformer_blocks.0.attn2.to_k.weight,0.0029298351146280766,awq_a50,1,0.2276814728975296,1.108756422996521,0.7773519158363342,0.274464875459671,1.0,,,0.009901112876832485
UCE,Gogh_s2.0,down_blocks.0.attentions.0.transformer_blocks.0.attn2.to_k.weight,0.0029298351146280766,awq_a50,4,0.22749633714556694,0.7200736403465271,0.2616983950138092,0.1812608391046524,1.0,,,0.009901112876832485
UCE,Gogh_s2.0,down_blocks.0.attentions.0.transformer_blocks.0.attn2.to_k.weight,0.0029298351146280766,awq_a50,16,0.22731704730540514,0.35850703716278076,0.12237955629825592,0.11824429780244827,0.9999997466802597,,,0.009901112876832485
UCE,Gogh_s2.0,down_blocks.0.attentions.0.transformer_blocks.0.attn2.to_v.weight,0.0009550355607643723,w_only_int8,0,0.22059325873851776,1.0,0.0,,,0.9987870454788208,0.9833450317382812,
UCE,Gogh_s2.0,down_blocks.0.attentions.0.transformer_blocks.0.attn2.to_v.weight,0.0009550355607643723,smoothquant_a50,1,0.2026570588350296,0.979656457901001,0.4466105103492737,0.24910219013690948,1.0,,,0.011119993403553963
UCE,Gogh_s2.0,down_blocks.0.attentions.0.transformer_blocks.0.attn2.to_v.weight,0.0009550355607643723,smoothquant_a50,4,0.20294596254825592,0.5564602613449097,0.08545735478401184,0.15083134174346924,1.0,,,0.011119993403553963
UCE,Gogh_s2.0,down_blocks.0.attentions.0.transformer_blocks.0.attn2.to_v.weight,0.0009550355607643723,smoothquant_a50,16,0.20302836038172245,0.27188998460769653,0.02869059331715107,0.09280159324407578,1.0,,,0.011119993403553963
UCE,Gogh_s2.0,down_blocks.0.attentions.0.transformer_blocks.0.attn2.to_v.weight,0.0009550355607643723,smoothquant_a75,1,0.21185709536075592,1.0618031024932861,0.6377522945404053,0.27277740836143494,1.0,,,0.011119993403553963
UCE,Gogh_s2.0,down_blocks.0.attentions.0.transformer_blocks.0.attn2.to_v.weight,0.0009550355607643723,smoothquant_a75,4,0.21113281697034836,0.6213377714157104,0.17387288808822632,0.17009539902210236,1.0,,,0.011119993403553963
UCE,Gogh_s2.0,down_blocks.0.attentions.0.transformer_blocks.0.attn2.to_v.weight,0.0009550355607643723,smoothquant_a75,16,0.21084950864315033,0.3060154914855957,0.06463216245174408,0.10591708868741989,1.0,,,0.011119993403553963
UCE,Gogh_s2.0,down_blocks.0.attentions.0.transformer_blocks.0.attn2.to_v.weight,0.0009550355607643723,smoothquant_a85,1,0.2166951447725296,1.1151573657989502,0.7210408449172974,0.28778937458992004,1.0,,,0.011119993403553963
UCE,Gogh_s2.0,down_blocks.0.attentions.0.transformer_blocks.0.attn2.to_v.weight,0.0009550355607643723,smoothquant_a85,4,0.21597188338637352,0.6682090163230896,0.23016357421875,0.18381386995315552,1.0,,,0.011119993403553963
UCE,Gogh_s2.0,down_blocks.0.attentions.0.transformer_blocks.0.attn2.to_v.weight,0.0009550355607643723,smoothquant_a85,16,0.21565297432243824,0.34348979592323303,0.09449055790901184,0.11845197528600693,1.0,,,0.011119993403553963
UCE,Gogh_s2.0,down_blocks.0.attentions.0.transformer_blocks.0.attn2.to_v.weight,0.0009550355607643723,awq_a50,1,0.22382812201976776,1.0342991352081299,0.642749011516571,0.2641056776046753,1.0,,,0.011119993403553963
UCE,Gogh_s2.0,down_blocks.0.attentions.0.transformer_blocks.0.attn2.to_v.weight,0.0009550355607643723,awq_a50,4,0.22345377504825592,0.5988206267356873,0.12308349460363388,0.16210345923900604,1.0,,,0.011119993403553963
UCE,Gogh_s2.0,down_blocks.0.attentions.0.transformer_blocks.0.attn2.to_v.weight,0.0009550355607643723,awq_a50,16,0.2233479805290699,0.2935011386871338,0.03983968123793602,0.1016884297132492,1.0,,,0.011119993403553963
UCE,Gogh_s2.0,down_blocks.0.attentions.1.transformer_blocks.0.attn2.to_k.weight,0.0023152069188654423,w_only_int8,0,0.24375814199447632,1.0,0.0,,,0.9976696372032166,0.9774738550186157,
UCE,Gogh_s2.0,down_blocks.0.attentions.1.transformer_blocks.0.attn2.to_k.weight,0.0023152069188654423,smoothquant_a50,1,0.24034830927848816,1.0100480318069458,0.5173258185386658,0.2935129702091217,1.0,,,0.010839469730854034
UCE,Gogh_s2.0,down_blocks.0.attentions.1.transformer_blocks.0.attn2.to_k.weight,0.0023152069188654423,smoothquant_a50,4,0.24017537385225296,0.6791337728500366,0.19625243544578552,0.20418047904968262,1.0,,,0.010839469730854034
UCE,Gogh_s2.0,down_blocks.0.attentions.1.transformer_blocks.0.attn2.to_k.weight,0.0023152069188654423,smoothquant_a50,16,0.23931045643985271,0.3545301854610443,0.09578857570886612,0.1384168565273285,1.0,,,0.010839469730854034
UCE,Gogh_s2.0,down_blocks.0.attentions.1.transformer_blocks.0.attn2.to_k.weight,0.0023152069188654423,smoothquant_a75,1,0.31515300273895264,1.3865869045257568,0.9343912601470947,0.3826327323913574,1.0,,,0.010839469730854034
UCE,Gogh_s2.0,down_blocks.0.attentions.1.transformer_blocks.0.attn2.to_k.weight,0.0023152069188654423,smoothquant_a75,4,0.3136942610144615,0.9974362850189209,0.49822998046875,0.2819952070713043,1.0,,,0.010839469730854034
UCE,Gogh_s2.0,down_blocks.0.attentions.1.transformer_blocks.0.attn2.to_k.weight,0.0023152069188654423,smoothquant_a75,16,0.31210581585764885,0.53227698802948,0.23968099057674408,0.19955013692378998,1.0,,,0.010839469730854034
UCE,Gogh_s2.0,down_blocks.0.attentions.1.transformer_blocks.0.attn2.to_k.weight,0.0023152069188654423,smoothquant_a85,1,0.3486124575138092,1.6346039772033691,0.9680338501930237,0.42501628398895264,1.0,,,0.010839469730854034
UCE,Gogh_s2.0,down_blocks.0.attentions.1.transformer_blocks.0.attn2.to_k.weight,0.0023152069188654423,smoothquant_a85,4,0.3479604050517082,1.1837437152862549,0.6054036617279053,0.31959637999534607,1.0,,,0.010839469730854034
UCE,Gogh_s2.0,down_blocks.0.attentions.1.transformer_blocks.0.attn2.to_k.weight,0.0023152069188654423,smoothquant_a85,16,0.3462898228317499,0.6533868312835693,0.32187092304229736,0.23135016858577728,1.0,,,0.010839469730854034
UCE,Gogh_s2.0,down_blocks.0.attentions.1.transformer_blocks.0.attn2.to_k.weight,0.0023152069188654423,awq_a50,1,0.3030232787132263,1.3838411569595337,0.9326212406158447,0.3613370358943939,1.0,,,0.010839469730854034
UCE,Gogh_s2.0,down_blocks.0.attentions.1.transformer_blocks.0.attn2.to_k.weight,0.0023152069188654423,awq_a50,4,0.30207622051239014,0.9613096714019775,0.47186279296875,0.263310045003891,1.0,,,0.010839469730854034
UCE,Gogh_s2.0,down_blocks.0.attentions.1.transformer_blocks.0.attn2.to_k.weight,0.0023152069188654423,awq_a50,16,0.30140635184943676,0.530332088470459,0.2491862028837204,0.1910649985074997,0.9999997466802597,,,0.010839469730854034
UCE,Gogh_s2.0,down_blocks.0.attentions.1.transformer_blocks.0.attn2.to_v.weight,0.0006973262643441558,w_only_int8,0,0.2158610075712204,1.0,0.0,,,0.9983784556388855,0.9755961298942566,
UCE,Gogh_s2.0,down_blocks.0.attentions.1.transformer_blocks.0.attn2.to_v.weight,0.0006973262643441558,smoothquant_a50,1,0.19106444716453552,0.9856128692626953,0.47210693359375,0.24817869067192078,1.0,,,0.010157469660043716
UCE,Gogh_s2.0,down_blocks.0.attentions.1.transformer_blocks.0.attn2.to_v.weight,0.0006973262643441558,smoothquant_a50,4,0.189605712890625,0.5526722073554993,0.1032511368393898,0.15362828969955444,1.0,,,0.010157469660043716
UCE,Gogh_s2.0,down_blocks.0.attentions.1.transformer_blocks.0.attn2.to_v.weight,0.0006973262643441558,smoothquant_a50,16,0.18924713227897882,0.2727578580379486,0.03338623046875,0.09543688595294952,1.0,,,0.010157469660043716
UCE,Gogh_s2.0,down_blocks.0.attentions.1.transformer_blocks.0.attn2.to_v.weight,0.0006973262643441558,smoothquant_a75,1,0.20090332627296448,1.108854055404663,0.7004557251930237,0.29252728819847107,1.0,,,0.010157469660043716
UCE,Gogh_s2.0,down_blocks.0.attentions.1.transformer_blocks.0.attn2.to_v.weight,0.0006973262643441558,smoothquant_a75,4,0.1988372839987278,0.6872944235801697,0.24279378354549408,0.19266271591186523,1.0,,,0.010157469660043716
UCE,Gogh_s2.0,down_blocks.0.attentions.1.transformer_blocks.0.attn2.to_v.weight,0.0006973262643441558,smoothquant_a75,16,0.19845962524414062,0.35943904519081116,0.10358479619026184,0.12936009466648102,1.0,,,0.010157469660043716
UCE,Gogh_s2.0,down_blocks.0.attentions.1.transformer_blocks.0.attn2.to_v.weight,0.0006973262643441558,smoothquant_a85,1,0.21108397841453552,1.2423148155212402,0.8131510615348816,0.32041898369789124,1.0,,,0.010157469660043716
UCE,Gogh_s2.0,down_blocks.0.attentions.1.transformer_blocks.0.attn2.to_v.weight,0.0006973262643441558,smoothquant_a85,4,0.21047261357307434,0.7995458841323853,0.3472941219806671,0.21866272389888763,1.0,,,0.010157469660043716
UCE,Gogh_s2.0,down_blocks.0.attentions.1.transformer_blocks.0.attn2.to_v.weight,0.0006973262643441558,smoothquant_a85,16,0.20938415545970201,0.4253864884376526,0.16275228559970856,0.15089239180088043,1.0,,,0.010157469660043716
UCE,Gogh_s2.0,down_blocks.0.attentions.1.transformer_blocks.0.attn2.to_v.weight,0.0006973262643441558,awq_a50,1,0.22118733823299408,1.0588831901550293,0.701855480670929,0.2835814952850342,1.0,,,0.010157469660043716
UCE,Gogh_s2.0,down_blocks.0.attentions.1.transformer_blocks.0.attn2.to_v.weight,0.0006973262643441558,awq_a50,4,0.22053629532456398,0.6529262661933899,0.1762898713350296,0.18621259927749634,1.0,,,0.010157469660043716
UCE,Gogh_s2.0,down_blocks.0.attentions.1.transformer_blocks.0.attn2.to_v.weight,0.0006973262643441558,awq_a50,16,0.22033665888011456,0.3205111622810364,0.06599528342485428,0.124671071767807,1.0,,,0.010157469660043716
UCE,Gogh_s2.0,down_blocks.1.attentions.0.transformer_blocks.0.attn2.to_k.weight,0.002984836231917143,w_only_int8,0,0.18961995840072632,1.0,0.0,,,0.9993048906326294,0.9883722066879272,
UCE,Gogh_s2.0,down_blocks.1.attentions.0.transformer_blocks.0.attn2.to_k.weight,0.002984836231917143,smoothquant_a50,1,0.18746744096279144,1.02181077003479,0.5655619502067566,0.22893749177455902,1.0,,,0.011076631024479866
UCE,Gogh_s2.0,down_blocks.1.attentions.0.transformer_blocks.0.attn2.to_k.weight,0.002984836231917143,smoothquant_a50,4,0.18703053519129753,0.5918721556663513,0.12605184316635132,0.13998813927173615,1.0,,,0.011076631024479866
UCE,Gogh_s2.0,down_blocks.1.attentions.0.transformer_blocks.0.attn2.to_k.weight,0.002984836231917143,smoothquant_a50,16,0.18702341709285975,0.28109732270240784,0.04560750350356102,0.08486776798963547,1.0,,,0.011076631024479866
UCE,Gogh_s2.0,down_blocks.1.attentions.0.transformer_blocks.0.attn2.to_k.weight,0.002984836231917143,smoothquant_a75,1,0.20108643174171448,1.1257797479629517,0.7499837279319763,0.25684672594070435,1.0,,,0.011076631024479866
UCE,Gogh_s2.0,down_blocks.1.attentions.0.transformer_blocks.0.attn2.to_k.weight,0.002984836231917143,smoothquant_a75,4,0.20054728165268898,0.6875406503677368,0.241302490234375,0.16542378067970276,1.0,,,0.011076631024479866
UCE,Gogh_s2.0,down_blocks.1.attentions.0.transformer_blocks.0.attn2.to_k.weight,0.002984836231917143,smoothquant_a75,16,0.19977645762264729,0.32254165410995483,0.07917683571577072,0.0992918610572815,1.0,,,0.011076631024479866
UCE,Gogh_s2.0,down_blocks.1.attentions.0.transformer_blocks.0.attn2.to_k.weight,0.002984836231917143,smoothquant_a85,1,0.2054443359375,1.2090075016021729,0.815386950969696,0.27399972081184387,1.0,,,0.011076631024479866
UCE,Gogh_s2.0,down_blocks.1.attentions.0.transformer_blocks.0.attn2.to_k.weight,0.002984836231917143,smoothquant_a85,4,0.20736033096909523,0.752985954284668,0.3105367124080658,0.18064281344413757,1.0,,,0.011076631024479866
UCE,Gogh_s2.0,down_blocks.1.attentions.0.transformer_blocks.0.attn2.to_k.weight,0.002984836231917143,smoothquant_a85,16,0.20641924440860748,0.3550160527229309,0.10611572116613388,0.10984484851360321,1.0,,,0.011076631024479866
UCE,Gogh_s2.0,down_blocks.1.attentions.0.transformer_blocks.0.attn2.to_k.weight,0.002984836231917143,awq_a50,1,0.19299520552158356,1.0461970567703247,0.678631603717804,0.23611296713352203,1.0,,,0.011076631024479866
UCE,Gogh_s2.0,down_blocks.1.attentions.0.transformer_blocks.0.attn2.to_k.weight,0.002984836231917143,awq_a50,4,0.19295654073357582,0.624534010887146,0.15286865830421448,0.14644911885261536,1.0,,,0.011076631024479866
UCE,Gogh_s2.0,down_blocks.1.attentions.0.transformer_blocks.0.attn2.to_k.weight,0.002984836231917143,awq_a50,16,0.19295616168528795,0.29267725348472595,0.0500284843146801,0.0877600684762001,0.9999993667006493,,,0.011076631024479866
UCE,Gogh_s2.0,down_blocks.1.attentions.0.transformer_blocks.0.attn2.to_v.weight,0.0010983512038365006,w_only_int8,0,0.20160725712776184,1.0,0.0,,,0.9994050860404968,0.9856669306755066,
UCE,Gogh_s2.0,down_blocks.1.attentions.0.transformer_blocks.0.attn2.to_v.weight,0.0010983512038365006,smoothquant_a50,1,0.18855386972427368,0.9813985228538513,0.44924113154411316,0.23370414972305298,1.0,,,0.011625963263213634
UCE,Gogh_s2.0,down_blocks.1.attentions.0.transformer_blocks.0.attn2.to_v.weight,0.0010983512038365006,smoothquant_a50,4,0.18842162936925888,0.5414122343063354,0.0638427734375,0.13744212687015533,1.0,,,0.011625963263213634
UCE,Gogh_s2.0,down_blocks.1.attentions.0.transformer_blocks.0.attn2.to_v.weight,0.0010983512038365006,smoothquant_a50,16,0.18841362092643976,0.2606659233570099,0.01579793356359005,0.08224213868379593,1.0,,,0.011625963263213634
UCE,Gogh_s2.0,down_blocks.1.attentions.0.transformer_blocks.0.attn2.to_v.weight,0.0010983512038365006,smoothquant_a75,1,0.18020223081111908,1.0386439561843872,0.601104736328125,0.24745067954063416,1.0,,,0.011625963263213634
UCE,Gogh_s2.0,down_blocks.1.attentions.0.transformer_blocks.0.attn2.to_v.weight,0.0010983512038365006,smoothquant_a75,4,0.1804245002567768,0.5791652202606201,0.11709798127412796,0.14820311963558197,1.0,,,0.011625963263213634
UCE,Gogh_s2.0,down_blocks.1.attentions.0.transformer_blocks.0.attn2.to_v.weight,0.0010983512038365006,smoothquant_a75,16,0.18036155588924885,0.2880304455757141,0.0329793281853199,0.09045811742544174,1.0,,,0.011625963263213634
UCE,Gogh_s2.0,down_blocks.1.attentions.0.transformer_blocks.0.attn2.to_v.weight,0.0010983512038365006,smoothquant_a85,1,0.18070068955421448,1.0821473598480225,0.6867533326148987,0.25807249546051025,1.0,,,0.011625963263213634
UCE,Gogh_s2.0,down_blocks.1.attentions.0.transformer_blocks.0.attn2.to_v.weight,0.0010983512038365006,smoothquant_a85,4,0.1805058792233467,0.6239060759544373,0.17076009511947632,0.15863820910453796,1.0,,,0.011625963263213634
UCE,Gogh_s2.0,down_blocks.1.attentions.0.transformer_blocks.0.attn2.to_v.weight,0.0010983512038365006,smoothquant_a85,16,0.17985292989760637,0.3159450590610504,0.05511474609375,0.09900151193141937,1.0,,,0.011625963263213634
UCE,Gogh_s2.0,down_blocks.1.attentions.0.transformer_blocks.0.attn2.to_v.weight,0.0010983512038365006,awq_a50,1,0.19905191659927368,1.0178821086883545,0.5870584845542908,0.2425391972064972,1.0,,,0.011625963263213634
UCE,Gogh_s2.0,down_blocks.1.attentions.0.transformer_blocks.0.attn2.to_v.weight,0.0010983512038365006,awq_a50,4,0.1994420327246189,0.5701361298561096,0.068389892578125,0.14406712353229523,0.9999994933605194,,,0.011625963263213634
UCE,Gogh_s2.0,down_blocks.1.attentions.0.transformer_blocks.0.attn2.to_v.weight,0.0010983512038365006,awq_a50,16,0.19934209156781435,0.27296096086502075,0.015063476748764515,0.08658097684383392,0.9999986067414284,,,0.011625963263213634
UCE,Gogh_s2.0,down_blocks.1.attentions.1.transformer_blocks.0.attn2.to_k.weight,0.00250512664206326,w_only_int8,0,0.19650675356388092,1.0,0.0,,,0.9988870024681091,0.9869831800460815,
UCE,Gogh_s2.0,down_blocks.1.attentions.1.transformer_blocks.0.attn2.to_k.weight,0.00250512664206326,smoothquant_a50,1,0.2004597932100296,1.0793923139572144,0.6773824095726013,0.2497369349002838,1.0,,,0.011727685108780861
UCE,Gogh_s2.0,down_blocks.1.attentions.1.transformer_blocks.0.attn2.to_k.weight,0.00250512664206326,smoothquant_a50,4,0.19998931884765625,0.6699565649032593,0.20737101137638092,0.16162477433681488,1.0,,,0.011727685108780861
UCE,Gogh_s2.0,down_blocks.1.attentions.1.transformer_blocks.0.attn2.to_k.weight,0.00250512664206326,smoothquant_a50,16,0.19959131721407175,0.32064008712768555,0.06673380732536316,0.10078562051057816,1.0,,,0.011727685108780861
UCE,Gogh_s2.0,down_blocks.1.attentions.1.transformer_blocks.0.attn2.to_k.weight,0.00250512664206326,smoothquant_a75,1,0.23581746220588684,1.3493317365646362,0.8679443597793579,0.3004279136657715,1.0,,,0.011727685108780861
UCE,Gogh_s2.0,down_blocks.1.attentions.1.transformer_blocks.0.attn2.to_k.weight,0.00250512664206326,smoothquant_a75,4,0.23569844290614128,0.8672686815261841,0.409637451171875,0.20690299570560455,1.0,,,0.011727685108780861
UCE,Gogh_s2.0,down_blocks.1.attentions.1.transformer_blocks.0.attn2.to_k.weight,0.00250512664206326,smoothquant_a75,16,0.23479080013930798,0.41498488187789917,0.15356241166591644,0.1311778873205185,1.0,,,0.011727685108780861
UCE,Gogh_s2.0,down_blocks.1.attentions.1.transformer_blocks.0.attn2.to_k.weight,0.00250512664206326,smoothquant_a85,1,0.25369060039520264,1.5321338176727295,0.9114481806755066,0.32761695981025696,1.0,,,0.011727685108780861
UCE,Gogh_s2.0,down_blocks.1.attentions.1.transformer_blocks.0.attn2.to_k.weight,0.00250512664206326,smoothquant_a85,4,0.2534123733639717,0.9817600250244141,0.4889668822288513,0.23082518577575684,1.0,,,0.011727685108780861
UCE,Gogh_s2.0,down_blocks.1.attentions.1.transformer_blocks.0.attn2.to_k.weight,0.00250512664206326,smoothquant_a85,16,0.25191129092127085,0.4778890609741211,0.20401611924171448,0.14929986000061035,1.0,,,0.011727685108780861
UCE,Gogh_s2.0,down_blocks.1.attentions.1.transformer_blocks.0.attn2.to_k.weight,0.00250512664206326,awq_a50,1,0.2206013947725296,1.1644442081451416,0.8212300539016724,0.26949387788772583,1.0,,,0.011727685108780861
UCE,Gogh_s2.0,down_blocks.1.attentions.1.transformer_blocks.0.attn2.to_k.weight,0.00250512664206326,awq_a50,4,0.22030334547162056,0.7631142139434814,0.309539794921875,0.18009604513645172,1.0,,,0.011727685108780861
UCE,Gogh_s2.0,down_blocks.1.attentions.1.transformer_blocks.0.attn2.to_k.weight,0.00250512664206326,awq_a50,16,0.21973495464771986,0.36802682280540466,0.11754557490348816,0.11488959193229675,0.9999998733401299,,,0.011727685108780861
UCE,Gogh_s2.0,down_blocks.1.attentions.1.transformer_blocks.0.attn2.to_v.weight,0.0009255586774088442,w_only_int8,0,0.20100504159927368,1.0,0.0,,,0.9997139573097229,0.985343337059021,
UCE,Gogh_s2.0,down_blocks.1.attentions.1.transformer_blocks.0.attn2.to_v.weight,0.0009255586774088442,smoothquant_a50,1,0.18274332582950592,0.9534518718719482,0.404327392578125,0.22845210134983063,1.0,,,0.011143461801111698
UCE,Gogh_s2.0,down_blocks.1.attentions.1.transformer_blocks.0.attn2.to_v.weight,0.0009255586774088442,smoothquant_a50,4,0.18281809240579605,0.5319646596908569,0.07403564453125,0.136338472366333,1.0,,,0.011143461801111698
UCE,Gogh_s2.0,down_blocks.1.attentions.1.transformer_blocks.0.attn2.to_v.weight,0.0009255586774088442,smoothquant_a50,16,0.18237520661205053,0.26149624586105347,0.01919962652027607,0.08297115564346313,1.0,,,0.011143461801111698
UCE,Gogh_s2.0,down_blocks.1.attentions.1.transformer_blocks.0.attn2.to_v.weight,0.0009255586774088442,smoothquant_a75,1,0.18107299506664276,1.0367916822433472,0.5794677734375,0.24970856308937073,1.0,,,0.011143461801111698
UCE,Gogh_s2.0,down_blocks.1.attentions.1.transformer_blocks.0.attn2.to_v.weight,0.0009255586774088442,smoothquant_a75,4,0.18097788468003273,0.6016749739646912,0.1464131623506546,0.15376076102256775,1.0,,,0.011143461801111698
UCE,Gogh_s2.0,down_blocks.1.attentions.1.transformer_blocks.0.attn2.to_v.weight,0.0009255586774088442,smoothquant_a75,16,0.18089497741311789,0.3018483817577362,0.04635213315486908,0.09568994492292404,1.0,,,0.011143461801111698
UCE,Gogh_s2.0,down_blocks.1.attentions.1.transformer_blocks.0.attn2.to_v.weight,0.0009255586774088442,smoothquant_a85,1,0.18251749873161316,1.0955027341842651,0.6817342042922974,0.2646702527999878,1.0,,,0.011143461801111698
UCE,Gogh_s2.0,down_blocks.1.attentions.1.transformer_blocks.0.attn2.to_v.weight,0.0009255586774088442,smoothquant_a85,4,0.18287556990981102,0.6544297337532043,0.20623983442783356,0.16705122590065002,1.0,,,0.011143461801111698
UCE,Gogh_s2.0,down_blocks.1.attentions.1.transformer_blocks.0.attn2.to_v.weight,0.0009255586774088442,smoothquant_a85,16,0.18228060379624367,0.33460548520088196,0.0748189315199852,0.10588281601667404,1.0,,,0.011143461801111698
UCE,Gogh_s2.0,down_blocks.1.attentions.1.transformer_blocks.0.attn2.to_v.weight,0.0009255586774088442,awq_a50,1,0.20080973207950592,1.0204347372055054,0.594696044921875,0.2463429570198059,1.0,,,0.011143461801111698
UCE,Gogh_s2.0,down_blocks.1.attentions.1.transformer_blocks.0.attn2.to_v.weight,0.0009255586774088442,awq_a50,4,0.2005009949207306,0.583996593952179,0.08747965842485428,0.1497061550617218,1.0,,,0.011143461801111698
UCE,Gogh_s2.0,down_blocks.1.attentions.1.transformer_blocks.0.attn2.to_v.weight,0.0009255586774088442,awq_a50,16,0.20018730033189058,0.28212690353393555,0.02538045309484005,0.09294964373111725,0.9999998733401299,,,0.011143461801111698
UCE,Gogh_s2.0,down_blocks.2.attentions.0.transformer_blocks.0.attn2.to_k.weight,0.0023863622918725014,w_only_int8,0,0.18243713676929474,1.0,0.0,,,0.9992516040802002,0.988681972026825,
UCE,Gogh_s2.0,down_blocks.2.attentions.0.transformer_blocks.0.attn2.to_k.weight,0.0023863622918725014,smoothquant_a50,1,0.17838846147060394,1.0312684774398804,0.6049519777297974,0.22377532720565796,1.0,,,0.010632678866386414
UCE,Gogh_s2.0,down_blocks.2.attentions.0.transformer_blocks.0.attn2.to_k.weight,0.0023863622918725014,smoothquant_a50,4,0.17853495106101036,0.5826514959335327,0.10628052055835724,0.13367614150047302,1.0,,,0.010632678866386414
UCE,Gogh_s2.0,down_blocks.2.attentions.0.transformer_blocks.0.attn2.to_k.weight,0.0023863622918725014,smoothquant_a50,16,0.17840290069580078,0.2799060344696045,0.03099670447409153,0.08100378513336182,1.0,,,0.010632678866386414
UCE,Gogh_s2.0,down_blocks.2.attentions.0.transformer_blocks.0.attn2.to_k.weight,0.0023863622918725014,smoothquant_a75,1,0.19023437798023224,1.1174545288085938,0.7514485716819763,0.246791809797287,1.0,,,0.010632678866386414
UCE,Gogh_s2.0,down_blocks.2.attentions.0.transformer_blocks.0.attn2.to_k.weight,0.0023863622918725014,smoothquant_a75,4,0.19038009643554688,0.6659644246101379,0.21786294877529144,0.15499624609947205,1.0,,,0.010632678866386414
UCE,Gogh_s2.0,down_blocks.2.attentions.0.transformer_blocks.0.attn2.to_k.weight,0.0023863622918725014,smoothquant_a75,16,0.18971360567957163,0.31615138053894043,0.06174926832318306,0.092565156519413,1.0,,,0.010632678866386414
UCE,Gogh_s2.0,down_blocks.2.attentions.0.transformer_blocks.0.attn2.to_k.weight,0.0023863622918725014,smoothquant_a85,1,0.19633890688419342,1.1938482522964478,0.8135894536972046,0.2636790871620178,1.0,,,0.010632678866386414
UCE,Gogh_s2.0,down_blocks.2.attentions.0.transformer_blocks.0.attn2.to_k.weight,0.0023863622918725014,smoothquant_a85,4,0.19613952562212944,0.7362092137336731,0.29348957538604736,0.1712559163570404,1.0,,,0.010632678866386414
UCE,Gogh_s2.0,down_blocks.2.attentions.0.transformer_blocks.0.attn2.to_k.weight,0.0023863622918725014,smoothquant_a85,16,0.19523499812930822,0.34824424982070923,0.08975016325712204,0.10281895101070404,1.0,,,0.010632678866386414
UCE,Gogh_s2.0,down_blocks.2.attentions.0.transformer_blocks.0.attn2.to_k.weight,0.0023863622918725014,awq_a50,1,0.18547871708869934,1.0425196886062622,0.6737640500068665,0.22949980199337006,1.0,,,0.010632678866386414
UCE,Gogh_s2.0,down_blocks.2.attentions.0.transformer_blocks.0.attn2.to_k.weight,0.0023863622918725014,awq_a50,4,0.18560918048024178,0.6163690686225891,0.14196065068244934,0.14115530252456665,0.9999997466802597,,,0.010632678866386414
UCE,Gogh_s2.0,down_blocks.2.attentions.0.transformer_blocks.0.attn2.to_k.weight,0.0023863622918725014,awq_a50,16,0.18534819316118956,0.28914910554885864,0.03518371656537056,0.08357040584087372,0.9999996833503246,,,0.010632678866386414
UCE,Gogh_s2.0,down_blocks.2.attentions.0.transformer_blocks.0.attn2.to_v.weight,0.0015040746657177806,w_only_int8,0,0.19820353388786316,1.0,0.0,,,0.9989928603172302,0.987027108669281,
UCE,Gogh_s2.0,down_blocks.2.attentions.0.transformer_blocks.0.attn2.to_v.weight,0.0015040746657177806,smoothquant_a50,1,0.18610331416130066,0.9884019494056702,0.46546223759651184,0.2279384732246399,1.0,,,0.011007977649569511
UCE,Gogh_s2.0,down_blocks.2.attentions.0.transformer_blocks.0.attn2.to_v.weight,0.0015040746657177806,smoothquant_a50,4,0.18601786345243454,0.5392013192176819,0.06531371921300888,0.133133202791214,1.0,,,0.011007977649569511
UCE,Gogh_s2.0,down_blocks.2.attentions.0.transformer_blocks.0.attn2.to_v.weight,0.0015040746657177806,smoothquant_a50,16,0.18591715581715107,0.2614686191082001,0.01678568497300148,0.08008768409490585,1.0,,,0.011007977649569511
UCE,Gogh_s2.0,down_blocks.2.attentions.0.transformer_blocks.0.attn2.to_v.weight,0.0015040746657177806,smoothquant_a75,1,0.1856689453125,1.0326303243637085,0.5887685418128967,0.23902627825737,1.0,,,0.011007977649569511
UCE,Gogh_s2.0,down_blocks.2.attentions.0.transformer_blocks.0.attn2.to_v.weight,0.0015040746657177806,smoothquant_a75,4,0.18551305308938026,0.5633142590522766,0.10187683254480362,0.14046043157577515,1.0,,,0.011007977649569511
UCE,Gogh_s2.0,down_blocks.2.attentions.0.transformer_blocks.0.attn2.to_v.weight,0.0015040746657177806,smoothquant_a75,16,0.18514137249439955,0.2743873596191406,0.02599487267434597,0.08343997597694397,1.0,,,0.011007977649569511
UCE,Gogh_s2.0,down_blocks.2.attentions.0.transformer_blocks.0.attn2.to_v.weight,0.0015040746657177806,smoothquant_a85,1,0.18261006474494934,1.0607352256774902,0.6490844488143921,0.24598224461078644,1.0,,,0.011007977649569511
UCE,Gogh_s2.0,down_blocks.2.attentions.0.transformer_blocks.0.attn2.to_v.weight,0.0015040746657177806,smoothquant_a85,4,0.18316065147519112,0.5830649733543396,0.12801004946231842,0.14563246071338654,1.0,,,0.011007977649569511
UCE,Gogh_s2.0,down_blocks.2.attentions.0.transformer_blocks.0.attn2.to_v.weight,0.0015040746657177806,smoothquant_a85,16,0.18326352443546057,0.28437891602516174,0.03444010391831398,0.08679109811782837,1.0,,,0.011007977649569511
UCE,Gogh_s2.0,down_blocks.2.attentions.0.transformer_blocks.0.attn2.to_v.weight,0.0015040746657177806,awq_a50,1,0.19322815537452698,1.0098011493682861,0.5481832027435303,0.23216663300991058,1.0,,,0.011007977649569511
UCE,Gogh_s2.0,down_blocks.2.attentions.0.transformer_blocks.0.attn2.to_v.weight,0.0015040746657177806,awq_a50,4,0.1932072974741459,0.55194091796875,0.0547434501349926,0.13494069874286652,0.9999997466802597,,,0.011007977649569511
UCE,Gogh_s2.0,down_blocks.2.attentions.0.transformer_blocks.0.attn2.to_v.weight,0.0015040746657177806,awq_a50,16,0.19312330894172192,0.2665642499923706,0.011098225601017475,0.08122289180755615,0.9999998100101948,,,0.011007977649569511
UCE,Gogh_s2.0,down_blocks.2.attentions.1.transformer_blocks.0.attn2.to_k.weight,0.0024730388540774584,w_only_int8,0,0.1935577392578125,1.0,0.0,,,0.9989339113235474,0.9873746037483215,
UCE,Gogh_s2.0,down_blocks.2.attentions.1.transformer_blocks.0.attn2.to_k.weight,0.0024730388540774584,smoothquant_a50,1,0.18811646103858948,1.0240137577056885,0.5797129273414612,0.23053766787052155,1.0,,,0.01168873906135559
UCE,Gogh_s2.0,down_blocks.2.attentions.1.transformer_blocks.0.attn2.to_k.weight,0.0024730388540774584,smoothquant_a50,4,0.18805745244026184,0.5671745538711548,0.08765767514705658,0.13639472424983978,1.0,,,0.01168873906135559
UCE,Gogh_s2.0,down_blocks.2.attentions.1.transformer_blocks.0.attn2.to_k.weight,0.0024730388540774584,smoothquant_a50,16,0.1877901703119278,0.2745201289653778,0.02351888082921505,0.08273245394229889,1.0,,,0.01168873906135559
UCE,Gogh_s2.0,down_blocks.2.attentions.1.transformer_blocks.0.attn2.to_k.weight,0.0024730388540774584,smoothquant_a75,1,0.19619649648666382,1.0819494724273682,0.7026448845863342,0.24883179366588593,1.0,,,0.01168873906135559
UCE,Gogh_s2.0,down_blocks.2.attentions.1.transformer_blocks.0.attn2.to_k.weight,0.0024730388540774584,smoothquant_a75,4,0.1961463950574398,0.6200922131538391,0.17111001908779144,0.15273195505142212,1.0,,,0.01168873906135559
UCE,Gogh_s2.0,down_blocks.2.attentions.1.transformer_blocks.0.attn2.to_k.weight,0.0024730388540774584,smoothquant_a75,16,0.19594802893698215,0.2934141755104065,0.04070841521024704,0.08928468078374863,1.0,,,0.01168873906135559
UCE,Gogh_s2.0,down_blocks.2.attentions.1.transformer_blocks.0.attn2.to_k.weight,0.0024730388540774584,smoothquant_a85,1,0.19955851137638092,1.131230354309082,0.7614166140556335,0.2625039219856262,1.0,,,0.01168873906135559
UCE,Gogh_s2.0,down_blocks.2.attentions.1.transformer_blocks.0.attn2.to_k.weight,0.0024730388540774584,smoothquant_a85,4,0.19941635057330132,0.6753813624382019,0.23311766982078552,0.16641421616077423,1.0,,,0.01168873906135559
UCE,Gogh_s2.0,down_blocks.2.attentions.1.transformer_blocks.0.attn2.to_k.weight,0.0024730388540774584,smoothquant_a85,16,0.19897651486098766,0.3141815960407257,0.05769551545381546,0.09631438553333282,1.0,,,0.01168873906135559
UCE,Gogh_s2.0,down_blocks.2.attentions.1.transformer_blocks.0.attn2.to_k.weight,0.0024730388540774584,awq_a50,1,0.1946970671415329,1.0326664447784424,0.6416890621185303,0.2371157854795456,1.0,,,0.01168873906135559
UCE,Gogh_s2.0,down_blocks.2.attentions.1.transformer_blocks.0.attn2.to_k.weight,0.0024730388540774584,awq_a50,4,0.19508972391486168,0.5990562438964844,0.12151183933019638,0.1446315348148346,1.0,,,0.01168873906135559
UCE,Gogh_s2.0,down_blocks.2.attentions.1.transformer_blocks.0.attn2.to_k.weight,0.0024730388540774584,awq_a50,16,0.19496758747845888,0.2824549674987793,0.026947021484375,0.08521217852830887,1.0,,,0.01168873906135559
UCE,Gogh_s2.0,down_blocks.2.attentions.1.transformer_blocks.0.attn2.to_v.weight,0.0014773070579394698,w_only_int8,0,0.20833536982536316,1.0,0.0,,,0.9994664192199707,0.9856979846954346,
UCE,Gogh_s2.0,down_blocks.2.attentions.1.transformer_blocks.0.attn2.to_v.weight,0.0014773070579394698,smoothquant_a50,1,0.19606629014015198,0.997185230255127,0.4920969605445862,0.23965027928352356,1.0,,,0.011794590391218662
UCE,Gogh_s2.0,down_blocks.2.attentions.1.transformer_blocks.0.attn2.to_v.weight,0.0014773070579394698,smoothquant_a50,4,0.19627202674746513,0.548024594783783,0.07788289338350296,0.14117740094661713,1.0,,,0.011794590391218662
UCE,Gogh_s2.0,down_blocks.2.attentions.1.transformer_blocks.0.attn2.to_v.weight,0.0014773070579394698,smoothquant_a50,16,0.19640941824764013,0.2667006254196167,0.023193359375,0.0860019400715828,1.0,,,0.011794590391218662
UCE,Gogh_s2.0,down_blocks.2.attentions.1.transformer_blocks.0.attn2.to_v.weight,0.0014773070579394698,smoothquant_a75,1,0.19391988217830658,1.0320401191711426,0.5869303345680237,0.24904762208461761,1.0,,,0.011794590391218662
UCE,Gogh_s2.0,down_blocks.2.attentions.1.transformer_blocks.0.attn2.to_v.weight,0.0014773070579394698,smoothquant_a75,4,0.19390029832720757,0.561224639415741,0.10214843600988388,0.14623066782951355,1.0,,,0.011794590391218662
UCE,Gogh_s2.0,down_blocks.2.attentions.1.transformer_blocks.0.attn2.to_v.weight,0.0014773070579394698,smoothquant_a75,16,0.19414195884019136,0.27531442046165466,0.03069559670984745,0.08826497942209244,1.0,,,0.011794590391218662
UCE,Gogh_s2.0,down_blocks.2.attentions.1.transformer_blocks.0.attn2.to_v.weight,0.0014773070579394698,smoothquant_a85,1,0.1924947053194046,1.0526188611984253,0.6334767937660217,0.2541813850402832,1.0,,,0.011794590391218662
UCE,Gogh_s2.0,down_blocks.2.attentions.1.transformer_blocks.0.attn2.to_v.weight,0.0014773070579394698,smoothquant_a85,4,0.1920422837138176,0.5744070410728455,0.12012328952550888,0.15013697743415833,1.0,,,0.011794590391218662
UCE,Gogh_s2.0,down_blocks.2.attentions.1.transformer_blocks.0.attn2.to_v.weight,0.0014773070579394698,smoothquant_a85,16,0.19208882469683886,0.2844878137111664,0.03783874586224556,0.09127244353294373,1.0,,,0.011794590391218662
UCE,Gogh_s2.0,down_blocks.2.attentions.1.transformer_blocks.0.attn2.to_v.weight,0.0014773070579394698,awq_a50,1,0.20242716372013092,1.0097565650939941,0.5492746829986572,0.2418336570262909,1.0,,,0.011794590391218662
UCE,Gogh_s2.0,down_blocks.2.attentions.1.transformer_blocks.0.attn2.to_v.weight,0.0014773070579394698,awq_a50,4,0.20247573778033257,0.5488337874412537,0.04717305675148964,0.1404389590024948,0.9999997466802597,,,0.011794590391218662
UCE,Gogh_s2.0,down_blocks.2.attentions.1.transformer_blocks.0.attn2.to_v.weight,0.0014773070579394698,awq_a50,16,0.20270805153995752,0.2664737403392792,0.009328206069767475,0.08506201952695847,0.9999998100101948,,,0.011794590391218662
UCE,Gogh_s2.0,up_blocks.1.attentions.0.transformer_blocks.0.attn2.to_k.weight,0.00267930724658072,w_only_int8,0,0.19209493696689606,1.0,0.0,,,0.9996067881584167,0.9875984787940979,
UCE,Gogh_s2.0,up_blocks.1.attentions.0.transformer_blocks.0.attn2.to_k.weight,0.00267930724658072,smoothquant_a50,1,0.18546345829963684,1.0116709470748901,0.5440419316291809,0.2273702472448349,1.0,,,0.01161908358335495
UCE,Gogh_s2.0,up_blocks.1.attentions.0.transformer_blocks.0.attn2.to_k.weight,0.00267930724658072,smoothquant_a50,4,0.18570810928940773,0.5524799227714539,0.0708109512925148,0.13330486416816711,1.0,,,0.01161908358335495
UCE,Gogh_s2.0,up_blocks.1.attentions.0.transformer_blocks.0.attn2.to_k.weight,0.00267930724658072,smoothquant_a50,16,0.1856377273797989,0.2661825716495514,0.01889648474752903,0.08028236031532288,1.0,,,0.01161908358335495
UCE,Gogh_s2.0,up_blocks.1.attentions.0.transformer_blocks.0.attn2.to_k.weight,0.00267930724658072,smoothquant_a75,1,0.19296365976333618,1.0549736022949219,0.6531219482421875,0.23972474038600922,1.0,,,0.01161908358335495
UCE,Gogh_s2.0,up_blocks.1.attentions.0.transformer_blocks.0.attn2.to_k.weight,0.00267930724658072,smoothquant_a75,4,0.19314346462488174,0.5843088626861572,0.12676188349723816,0.1437046378850937,1.0,,,0.01161908358335495
UCE,Gogh_s2.0,up_blocks.1.attentions.0.transformer_blocks.0.attn2.to_k.weight,0.00267930724658072,smoothquant_a75,16,0.19257609266787767,0.2764796018600464,0.02751668356359005,0.08375769853591919,1.0,,,0.01161908358335495
UCE,Gogh_s2.0,up_blocks.1.attentions.0.transformer_blocks.0.attn2.to_k.weight,0.00267930724658072,smoothquant_a85,1,0.19393309950828552,1.0881576538085938,0.706591784954071,0.2489326000213623,1.0,,,0.01161908358335495
UCE,Gogh_s2.0,up_blocks.1.attentions.0.transformer_blocks.0.attn2.to_k.weight,0.00267930724658072,smoothquant_a85,4,0.19378051534295082,0.6176731586456299,0.1714223176240921,0.15277142822742462,1.0,,,0.01161908358335495
UCE,Gogh_s2.0,up_blocks.1.attentions.0.transformer_blocks.0.attn2.to_k.weight,0.00267930724658072,smoothquant_a85,16,0.1932317093014717,0.290701687335968,0.03721415251493454,0.08851157873868942,1.0,,,0.01161908358335495
UCE,Gogh_s2.0,up_blocks.1.attentions.0.transformer_blocks.0.attn2.to_k.weight,0.00267930724658072,awq_a50,1,0.18972066044807434,1.0181117057800293,0.5851094722747803,0.2300800234079361,1.0,,,0.01161908358335495
UCE,Gogh_s2.0,up_blocks.1.attentions.0.transformer_blocks.0.attn2.to_k.weight,0.00267930724658072,awq_a50,4,0.18966268002986908,0.5694291591644287,0.0808766707777977,0.13706989586353302,0.9999997466802597,,,0.01161908358335495
UCE,Gogh_s2.0,up_blocks.1.attentions.0.transformer_blocks.0.attn2.to_k.weight,0.00267930724658072,awq_a50,16,0.18965415842831135,0.2710000276565552,0.01721394807100296,0.08142997324466705,0.9999993033707142,,,0.01161908358335495
UCE,Gogh_s2.0,up_blocks.1.attentions.0.transformer_blocks.0.attn2.to_v.weight,0.001881638541817665,w_only_int8,0,0.20626118779182434,1.0,0.0,,,0.9994748830795288,0.9857242107391357,
UCE,Gogh_s2.0,up_blocks.1.attentions.0.transformer_blocks.0.attn2.to_v.weight,0.001881638541817665,smoothquant_a50,1,0.18953043222427368,0.995104193687439,0.4842946231365204,0.23698285222053528,1.0,,,0.010562768206000328
UCE,Gogh_s2.0,up_blocks.1.attentions.0.transformer_blocks.0.attn2.to_v.weight,0.001881638541817665,smoothquant_a50,4,0.18954899907112122,0.5404994487762451,0.06162821501493454,0.1382744014263153,1.0,,,0.010562768206000328
UCE,Gogh_s2.0,up_blocks.1.attentions.0.transformer_blocks.0.attn2.to_v.weight,0.001881638541817665,smoothquant_a50,16,0.18941790238022804,0.2645952105522156,0.014728800393640995,0.08385730534791946,1.0,,,0.010562768206000328
UCE,Gogh_s2.0,up_blocks.1.attentions.0.transformer_blocks.0.attn2.to_v.weight,0.001881638541817665,smoothquant_a75,1,0.19003194570541382,1.0249725580215454,0.5739156007766724,0.2439328283071518,1.0,,,0.010562768206000328
UCE,Gogh_s2.0,up_blocks.1.attentions.0.transformer_blocks.0.attn2.to_v.weight,0.001881638541817665,smoothquant_a75,4,0.18953349068760872,0.5484172701835632,0.07801005244255066,0.14102289080619812,1.0,,,0.010562768206000328
UCE,Gogh_s2.0,up_blocks.1.attentions.0.transformer_blocks.0.attn2.to_v.weight,0.001881638541817665,smoothquant_a75,16,0.1896614721044898,0.26904258131980896,0.01675618439912796,0.0840853676199913,1.0,,,0.010562768206000328
UCE,Gogh_s2.0,up_blocks.1.attentions.0.transformer_blocks.0.attn2.to_v.weight,0.001881638541817665,smoothquant_a85,1,0.19090066850185394,1.0415080785751343,0.6141387820243835,0.24706733226776123,1.0,,,0.010562768206000328
UCE,Gogh_s2.0,up_blocks.1.attentions.0.transformer_blocks.0.attn2.to_v.weight,0.001881638541817665,smoothquant_a85,4,0.19063008204102516,0.5550166368484497,0.0885772705078125,0.1428202986717224,1.0,,,0.010562768206000328
UCE,Gogh_s2.0,up_blocks.1.attentions.0.transformer_blocks.0.attn2.to_v.weight,0.001881638541817665,smoothquant_a85,16,0.19041086826473475,0.2724755108356476,0.01916605606675148,0.08486291766166687,1.0,,,0.010562768206000328
UCE,Gogh_s2.0,up_blocks.1.attentions.0.transformer_blocks.0.attn2.to_v.weight,0.001881638541817665,awq_a50,1,0.20171712338924408,1.0080972909927368,0.5414652228355408,0.24036717414855957,1.0,,,0.010562768206000328
UCE,Gogh_s2.0,up_blocks.1.attentions.0.transformer_blocks.0.attn2.to_v.weight,0.001881638541817665,awq_a50,4,0.2013552337884903,0.5443992018699646,0.0426584891974926,0.13893729448318481,0.9999994933605194,,,0.010562768206000328
UCE,Gogh_s2.0,up_blocks.1.attentions.0.transformer_blocks.0.attn2.to_v.weight,0.001881638541817665,awq_a50,16,0.2014399217441678,0.2670096158981323,0.008084106259047985,0.08451726287603378,0.9999993033707142,,,0.010562768206000328
UCE,Gogh_s2.0,up_blocks.1.attentions.1.transformer_blocks.0.attn2.to_k.weight,0.002699360018596053,w_only_int8,0,0.19842834770679474,1.0,0.0,,,0.9994850754737854,0.9863947629928589,
UCE,Gogh_s2.0,up_blocks.1.attentions.1.transformer_blocks.0.attn2.to_k.weight,0.002699360018596053,smoothquant_a50,1,0.19271646440029144,1.014417290687561,0.5486724972724915,0.23647035658359528,1.0,,,0.011454801075160503
UCE,Gogh_s2.0,up_blocks.1.attentions.1.transformer_blocks.0.attn2.to_k.weight,0.002699360018596053,smoothquant_a50,4,0.19321110844612122,0.5504939556121826,0.07022196799516678,0.13806390762329102,1.0,,,0.011454801075160503
UCE,Gogh_s2.0,up_blocks.1.attentions.1.transformer_blocks.0.attn2.to_k.weight,0.002699360018596053,smoothquant_a50,16,0.193260638974607,0.2681829333305359,0.02049967460334301,0.08437110483646393,1.0,,,0.011454801075160503
UCE,Gogh_s2.0,up_blocks.1.attentions.1.transformer_blocks.0.attn2.to_k.weight,0.002699360018596053,smoothquant_a75,1,0.20015157759189606,1.053972840309143,0.6479451656341553,0.24871203303337097,1.0,,,0.011454801075160503
UCE,Gogh_s2.0,up_blocks.1.attentions.1.transformer_blocks.0.attn2.to_k.weight,0.002699360018596053,smoothquant_a75,4,0.2001042738556862,0.5796431303024292,0.12043558806180954,0.1485801637172699,1.0,,,0.011454801075160503
UCE,Gogh_s2.0,up_blocks.1.attentions.1.transformer_blocks.0.attn2.to_k.weight,0.002699360018596053,smoothquant_a75,16,0.19987392611801624,0.27711454033851624,0.02921549417078495,0.0878203809261322,1.0,,,0.011454801075160503
UCE,Gogh_s2.0,up_blocks.1.attentions.1.transformer_blocks.0.attn2.to_k.weight,0.002699360018596053,smoothquant_a85,1,0.20129495859146118,1.0856233835220337,0.7012186646461487,0.2576589584350586,1.0,,,0.011454801075160503
UCE,Gogh_s2.0,up_blocks.1.attentions.1.transformer_blocks.0.attn2.to_k.weight,0.002699360018596053,smoothquant_a85,4,0.20145060122013092,0.6082565784454346,0.1609293669462204,0.15726971626281738,1.0,,,0.011454801075160503
UCE,Gogh_s2.0,up_blocks.1.attentions.1.transformer_blocks.0.attn2.to_k.weight,0.002699360018596053,smoothquant_a85,16,0.2008900959044695,0.28967735171318054,0.0380910225212574,0.09233014285564423,1.0,,,0.011454801075160503
UCE,Gogh_s2.0,up_blocks.1.attentions.1.transformer_blocks.0.attn2.to_k.weight,0.002699360018596053,awq_a50,1,0.19736023247241974,1.0182167291641235,0.5860728025436401,0.2384132295846939,1.0,,,0.011454801075160503
UCE,Gogh_s2.0,up_blocks.1.attentions.1.transformer_blocks.0.attn2.to_k.weight,0.002699360018596053,awq_a50,4,0.19712015986442566,0.5640713572502136,0.07732442021369934,0.1412230283021927,1.0,,,0.011454801075160503
UCE,Gogh_s2.0,up_blocks.1.attentions.1.transformer_blocks.0.attn2.to_k.weight,0.002699360018596053,awq_a50,16,0.19694252125918865,0.26942920684814453,0.01848449744284153,0.08469939976930618,0.9999998733401299,,,0.011454801075160503
UCE,Gogh_s2.0,up_blocks.1.attentions.1.transformer_blocks.0.attn2.to_v.weight,0.002073408104479313,w_only_int8,0,0.2138010710477829,1.0,0.0,,,0.9992089867591858,0.9848552346229553,
UCE,Gogh_s2.0,up_blocks.1.attentions.1.transformer_blocks.0.attn2.to_v.weight,0.002073408104479313,smoothquant_a50,1,0.19414469599723816,0.9863781929016113,0.4566548764705658,0.2413482367992401,1.0,,,0.011430730111896992
UCE,Gogh_s2.0,up_blocks.1.attentions.1.transformer_blocks.0.attn2.to_v.weight,0.002073408104479313,smoothquant_a50,4,0.19388452917337418,0.5366712212562561,0.05721944198012352,0.14135777950286865,1.0,,,0.011430730111896992
UCE,Gogh_s2.0,up_blocks.1.attentions.1.transformer_blocks.0.attn2.to_v.weight,0.002073408104479313,smoothquant_a50,16,0.19393380358815193,0.259499728679657,0.013585408218204975,0.08511924743652344,1.0,,,0.011430730111896992
UCE,Gogh_s2.0,up_blocks.1.attentions.1.transformer_blocks.0.attn2.to_v.weight,0.002073408104479313,smoothquant_a75,1,0.19725748896598816,1.0179798603057861,0.5548258423805237,0.24887293577194214,1.0,,,0.011430730111896992
UCE,Gogh_s2.0,up_blocks.1.attentions.1.transformer_blocks.0.attn2.to_v.weight,0.002073408104479313,smoothquant_a75,4,0.19693247228860855,0.5440745949745178,0.070404052734375,0.14426109194755554,1.0,,,0.011430730111896992
UCE,Gogh_s2.0,up_blocks.1.attentions.1.transformer_blocks.0.attn2.to_v.weight,0.002073408104479313,smoothquant_a75,16,0.1968629825860262,0.2634994685649872,0.014170329086482525,0.08513324707746506,1.0,,,0.011430730111896992
UCE,Gogh_s2.0,up_blocks.1.attentions.1.transformer_blocks.0.attn2.to_v.weight,0.002073408104479313,smoothquant_a85,1,0.19869588315486908,1.0348811149597168,0.5993662476539612,0.25216296315193176,1.0,,,0.011430730111896992
UCE,Gogh_s2.0,up_blocks.1.attentions.1.transformer_blocks.0.attn2.to_v.weight,0.002073408104479313,smoothquant_a85,4,0.19853388518095016,0.550116240978241,0.08042297512292862,0.14580076932907104,1.0,,,0.011430730111896992
UCE,Gogh_s2.0,up_blocks.1.attentions.1.transformer_blocks.0.attn2.to_v.weight,0.002073408104479313,smoothquant_a85,16,0.19845765456557274,0.26760029792785645,0.015535482205450535,0.08579546958208084,1.0,,,0.011430730111896992
UCE,Gogh_s2.0,up_blocks.1.attentions.1.transformer_blocks.0.attn2.to_v.weight,0.002073408104479313,awq_a50,1,0.20877888798713684,1.0087974071502686,0.5453440546989441,0.24671943485736847,1.0,,,0.011430730111896992
UCE,Gogh_s2.0,up_blocks.1.attentions.1.transformer_blocks.0.attn2.to_v.weight,0.002073408104479313,awq_a50,4,0.20874964445829391,0.5492942929267883,0.04552408680319786,0.14391735196113586,1.0,,,0.011430730111896992
UCE,Gogh_s2.0,up_blocks.1.attentions.1.transformer_blocks.0.attn2.to_v.weight,0.002073408104479313,awq_a50,16,0.20876242220401764,0.26606881618499756,0.007901000790297985,0.08687067776918411,0.9999996200203896,,,0.011430730111896992
UCE,Gogh_s2.0,up_blocks.1.attentions.2.transformer_blocks.0.attn2.to_k.weight,0.0028313056100159883,w_only_int8,0,0.18928833305835724,1.0,0.0,,,0.9990552663803101,0.9878029227256775,
UCE,Gogh_s2.0,up_blocks.1.attentions.2.transformer_blocks.0.attn2.to_k.weight,0.0028313056100159883,smoothquant_a50,1,0.18485616147518158,1.0183781385421753,0.5646759271621704,0.2268097698688507,1.0,,,0.011471712030470371
UCE,Gogh_s2.0,up_blocks.1.attentions.2.transformer_blocks.0.attn2.to_k.weight,0.0028313056100159883,smoothquant_a50,4,0.18475926667451859,0.5633912086486816,0.08195393532514572,0.13372918963432312,1.0,,,0.011471712030470371
UCE,Gogh_s2.0,up_blocks.1.attentions.2.transformer_blocks.0.attn2.to_k.weight,0.0028313056100159883,smoothquant_a50,16,0.18468646984547377,0.2700236141681671,0.02199503593146801,0.08062390983104706,1.0,,,0.011471712030470371
UCE,Gogh_s2.0,up_blocks.1.attentions.2.transformer_blocks.0.attn2.to_k.weight,0.0028313056100159883,smoothquant_a75,1,0.19282633066177368,1.0693897008895874,0.6821848750114441,0.24110788106918335,1.0,,,0.011471712030470371
UCE,Gogh_s2.0,up_blocks.1.attentions.2.transformer_blocks.0.attn2.to_k.weight,0.0028313056100159883,smoothquant_a75,4,0.1925908401608467,0.5993035435676575,0.14291483163833618,0.14535744488239288,1.0,,,0.011471712030470371
UCE,Gogh_s2.0,up_blocks.1.attentions.2.transformer_blocks.0.attn2.to_k.weight,0.0028313056100159883,smoothquant_a75,16,0.1922504436224699,0.28555259108543396,0.03516744077205658,0.08593017607927322,1.0,,,0.011471712030470371
UCE,Gogh_s2.0,up_blocks.1.attentions.2.transformer_blocks.0.attn2.to_k.weight,0.0028313056100159883,smoothquant_a85,1,0.19426676630973816,1.1082587242126465,0.7373412847518921,0.25049006938934326,1.0,,,0.011471712030470371
UCE,Gogh_s2.0,up_blocks.1.attentions.2.transformer_blocks.0.attn2.to_k.weight,0.0028313056100159883,smoothquant_a85,4,0.1938580833375454,0.6353758573532104,0.18931986391544342,0.15459460020065308,1.0,,,0.011471712030470371
UCE,Gogh_s2.0,up_blocks.1.attentions.2.transformer_blocks.0.attn2.to_k.weight,0.0028313056100159883,smoothquant_a85,16,0.1934892013669014,0.30166634917259216,0.0471852608025074,0.09125911444425583,1.0,,,0.011471712030470371
UCE,Gogh_s2.0,up_blocks.1.attentions.2.transformer_blocks.0.attn2.to_k.weight,0.0028313056100159883,awq_a50,1,0.18881531059741974,1.0240172147750854,0.6096018552780151,0.2294899970293045,1.0,,,0.011471712030470371
UCE,Gogh_s2.0,up_blocks.1.attentions.2.transformer_blocks.0.attn2.to_k.weight,0.0028313056100159883,awq_a50,4,0.18867162242531776,0.5722635388374329,0.08763936161994934,0.136281356215477,1.0,,,0.011471712030470371
UCE,Gogh_s2.0,up_blocks.1.attentions.2.transformer_blocks.0.attn2.to_k.weight,0.0028313056100159883,awq_a50,16,0.18865038733929396,0.2754482626914978,0.02126871794462204,0.08207270503044128,0.9999999366700649,,,0.011471712030470371
UCE,Gogh_s2.0,up_blocks.1.attentions.2.transformer_blocks.0.attn2.to_v.weight,0.0019554460886865854,w_only_int8,0,0.2106882780790329,1.0,0.0,,,0.9991986155509949,0.9853841066360474,
UCE,Gogh_s2.0,up_blocks.1.attentions.2.transformer_blocks.0.attn2.to_v.weight,0.0019554460886865854,smoothquant_a50,1,0.1897176057100296,0.9714422821998596,0.4202463924884796,0.23545138537883759,1.0,,,0.011434957385063171
UCE,Gogh_s2.0,up_blocks.1.attentions.2.transformer_blocks.0.attn2.to_v.weight,0.0019554460886865854,smoothquant_a50,4,0.18987172096967697,0.5226675271987915,0.05348917469382286,0.13658389449119568,1.0,,,0.011434957385063171
UCE,Gogh_s2.0,up_blocks.1.attentions.2.transformer_blocks.0.attn2.to_v.weight,0.0019554460886865854,smoothquant_a50,16,0.1897498443722725,0.2554647922515869,0.013584391213953495,0.08279332518577576,1.0,,,0.011434957385063171
UCE,Gogh_s2.0,up_blocks.1.attentions.2.transformer_blocks.0.attn2.to_v.weight,0.0019554460886865854,smoothquant_a75,1,0.19404296576976776,1.0088615417480469,0.5257171392440796,0.24365682899951935,1.0,,,0.011434957385063171
UCE,Gogh_s2.0,up_blocks.1.attentions.2.transformer_blocks.0.attn2.to_v.weight,0.0019554460886865854,smoothquant_a75,4,0.1942235305905342,0.534376323223114,0.06707458198070526,0.13989081978797913,1.0,,,0.011434957385063171
UCE,Gogh_s2.0,up_blocks.1.attentions.2.transformer_blocks.0.attn2.to_v.weight,0.0019554460886865854,smoothquant_a75,16,0.1943798065185547,0.26102617383003235,0.014545694924890995,0.08316810429096222,1.0,,,0.011434957385063171
UCE,Gogh_s2.0,up_blocks.1.attentions.2.transformer_blocks.0.attn2.to_v.weight,0.0019554460886865854,smoothquant_a85,1,0.19685567915439606,1.030341386795044,0.5825245976448059,0.2483140379190445,1.0,,,0.011434957385063171
UCE,Gogh_s2.0,up_blocks.1.attentions.2.transformer_blocks.0.attn2.to_v.weight,0.0019554460886865854,smoothquant_a85,4,0.19713694602251053,0.5432097911834717,0.08026123046875,0.14280648529529572,1.0,,,0.011434957385063171
UCE,Gogh_s2.0,up_blocks.1.attentions.2.transformer_blocks.0.attn2.to_v.weight,0.0019554460886865854,smoothquant_a85,16,0.19730536174029112,0.2668265402317047,0.01663309708237648,0.08447016775608063,1.0,,,0.011434957385063171
UCE,Gogh_s2.0,up_blocks.1.attentions.2.transformer_blocks.0.attn2.to_v.weight,0.0019554460886865854,awq_a50,1,0.2051951140165329,1.0071067810058594,0.5362823605537415,0.24281182885169983,1.0,,,0.011434957385063171
UCE,Gogh_s2.0,up_blocks.1.attentions.2.transformer_blocks.0.attn2.to_v.weight,0.0019554460886865854,awq_a50,4,0.20560353994369507,0.5499240159988403,0.04538167268037796,0.1416410654783249,0.9999997466802597,,,0.011434957385063171
UCE,Gogh_s2.0,up_blocks.1.attentions.2.transformer_blocks.0.attn2.to_v.weight,0.0019554460886865854,awq_a50,16,0.2056161891669035,0.2655099332332611,0.00839335098862648,0.08570096641778946,0.9999998733401299,,,0.011434957385063171
UCE,Gogh_s2.0,up_blocks.2.attentions.0.transformer_blocks.0.attn2.to_k.weight,0.003407551907002926,w_only_int8,0,0.17758382856845856,1.0,0.0,,,0.9991089105606079,0.9891623854637146,
UCE,Gogh_s2.0,up_blocks.2.attentions.0.transformer_blocks.0.attn2.to_k.weight,0.003407551907002926,smoothquant_a50,1,0.17264404892921448,1.0238308906555176,0.5721781253814697,0.21527931094169617,1.0,,,0.012772473506629467
UCE,Gogh_s2.0,up_blocks.2.attentions.0.transformer_blocks.0.attn2.to_k.weight,0.003407551907002926,smoothquant_a50,4,0.17265675961971283,0.6020407676696777,0.12080485373735428,0.1334291696548462,1.0,,,0.012772473506629467
UCE,Gogh_s2.0,up_blocks.2.attentions.0.transformer_blocks.0.attn2.to_k.weight,0.003407551907002926,smoothquant_a50,16,0.17244262900203466,0.28749218583106995,0.03375244140625,0.08152102679014206,1.0,,,0.012772473506629467
UCE,Gogh_s2.0,up_blocks.2.attentions.0.transformer_blocks.0.attn2.to_k.weight,0.003407551907002926,smoothquant_a75,1,0.194000244140625,1.1984269618988037,0.804272472858429,0.25356525182724,1.0,,,0.012772473506629467
UCE,Gogh_s2.0,up_blocks.2.attentions.0.transformer_blocks.0.attn2.to_k.weight,0.003407551907002926,smoothquant_a75,4,0.1936386115849018,0.7481992244720459,0.29893189668655396,0.1671118438243866,1.0,,,0.012772473506629467
UCE,Gogh_s2.0,up_blocks.2.attentions.0.transformer_blocks.0.attn2.to_k.weight,0.003407551907002926,smoothquant_a75,16,0.1924303686246276,0.3527342677116394,0.09311726689338684,0.10138861835002899,1.0,,,0.012772473506629467
UCE,Gogh_s2.0,up_blocks.2.attentions.0.transformer_blocks.0.attn2.to_k.weight,0.003407551907002926,smoothquant_a85,1,0.2064921110868454,1.3294013738632202,0.8735982179641724,0.27587878704071045,1.0,,,0.012772473506629467
UCE,Gogh_s2.0,up_blocks.2.attentions.0.transformer_blocks.0.attn2.to_k.weight,0.003407551907002926,smoothquant_a85,4,0.20617269352078438,0.8441159129142761,0.3873738646507263,0.1868833750486374,1.0,,,0.012772473506629467
UCE,Gogh_s2.0,up_blocks.2.attentions.0.transformer_blocks.0.attn2.to_k.weight,0.003407551907002926,smoothquant_a85,16,0.20442810095846653,0.401363343000412,0.13218383491039276,0.11458619683980942,1.0,,,0.012772473506629467
UCE,Gogh_s2.0,up_blocks.2.attentions.0.transformer_blocks.0.attn2.to_k.weight,0.003407551907002926,awq_a50,1,0.1893107146024704,1.0942541360855103,0.75592041015625,0.2361508011817932,1.0,,,0.012772473506629467
UCE,Gogh_s2.0,up_blocks.2.attentions.0.transformer_blocks.0.attn2.to_k.weight,0.003407551907002926,awq_a50,4,0.18942566215991974,0.6997767090797424,0.23441976308822632,0.15371955931186676,0.9999994933605194,,,0.012772473506629467
UCE,Gogh_s2.0,up_blocks.2.attentions.0.transformer_blocks.0.attn2.to_k.weight,0.003407551907002926,awq_a50,16,0.189098103903234,0.3290276825428009,0.07213745266199112,0.09323503822088242,0.9999992400407791,,,0.012772473506629467
UCE,Gogh_s2.0,up_blocks.2.attentions.0.transformer_blocks.0.attn2.to_v.weight,0.0027205918449908495,w_only_int8,0,0.20644937455654144,1.0,0.0,,,0.999121904373169,0.9858230948448181,
UCE,Gogh_s2.0,up_blocks.2.attentions.0.transformer_blocks.0.attn2.to_v.weight,0.0027205918449908495,smoothquant_a50,1,0.18392537534236908,0.938892662525177,0.34251099824905396,0.22538679838180542,1.0,,,0.010729645378887653
UCE,Gogh_s2.0,up_blocks.2.attentions.0.transformer_blocks.0.attn2.to_v.weight,0.0027205918449908495,smoothquant_a50,4,0.18376770243048668,0.515878438949585,0.04518025740981102,0.13225609064102173,1.0,,,0.010729645378887653
UCE,Gogh_s2.0,up_blocks.2.attentions.0.transformer_blocks.0.attn2.to_v.weight,0.0027205918449908495,smoothquant_a50,16,0.1837202701717615,0.2518123388290405,0.011525471694767475,0.08006304502487183,1.0,,,0.010729645378887653
UCE,Gogh_s2.0,up_blocks.2.attentions.0.transformer_blocks.0.attn2.to_v.weight,0.0027205918449908495,smoothquant_a75,1,0.19516804814338684,1.0074597597122192,0.5206298828125,0.2407706379890442,1.0,,,0.010729645378887653
UCE,Gogh_s2.0,up_blocks.2.attentions.0.transformer_blocks.0.attn2.to_v.weight,0.0027205918449908495,smoothquant_a75,4,0.1949208602309227,0.5491405725479126,0.07862956076860428,0.14075978100299835,1.0,,,0.010729645378887653
UCE,Gogh_s2.0,up_blocks.2.attentions.0.transformer_blocks.0.attn2.to_v.weight,0.0027205918449908495,smoothquant_a75,16,0.19489530008286238,0.26616260409355164,0.01700846292078495,0.08310204744338989,1.0,,,0.010729645378887653
UCE,Gogh_s2.0,up_blocks.2.attentions.0.transformer_blocks.0.attn2.to_v.weight,0.0027205918449908495,smoothquant_a85,1,0.19976195693016052,1.0413044691085815,0.6072367429733276,0.24887384474277496,1.0,,,0.010729645378887653
UCE,Gogh_s2.0,up_blocks.2.attentions.0.transformer_blocks.0.attn2.to_v.weight,0.0027205918449908495,smoothquant_a85,4,0.1999048851430416,0.5653623342514038,0.10059814155101776,0.14575602114200592,1.0,,,0.010729645378887653
UCE,Gogh_s2.0,up_blocks.2.attentions.0.transformer_blocks.0.attn2.to_v.weight,0.0027205918449908495,smoothquant_a85,16,0.20004742871969938,0.2752150595188141,0.021484375,0.08580127358436584,1.0,,,0.010729645378887653
UCE,Gogh_s2.0,up_blocks.2.attentions.0.transformer_blocks.0.attn2.to_v.weight,0.0027205918449908495,awq_a50,1,0.20336507260799408,1.0191450119018555,0.5946004390716553,0.24150489270687103,1.0,,,0.010729645378887653
UCE,Gogh_s2.0,up_blocks.2.attentions.0.transformer_blocks.0.attn2.to_v.weight,0.0027205918449908495,awq_a50,4,0.20342610776424408,0.5655136108398438,0.06149495393037796,0.14244389533996582,1.0,,,0.010729645378887653
UCE,Gogh_s2.0,up_blocks.2.attentions.0.transformer_blocks.0.attn2.to_v.weight,0.0027205918449908495,awq_a50,16,0.2034516641870141,0.2747911512851715,0.01206868514418602,0.08682528138160706,0.9999996200203896,,,0.010729645378887653
UCE,Gogh_s2.0,up_blocks.2.attentions.1.transformer_blocks.0.attn2.to_k.weight,0.00258380314335227,w_only_int8,0,0.19633585214614868,1.0,0.0,,,0.9989532828330994,0.9868592619895935,
UCE,Gogh_s2.0,up_blocks.2.attentions.1.transformer_blocks.0.attn2.to_k.weight,0.00258380314335227,smoothquant_a50,1,0.19480794668197632,1.030754566192627,0.588055431842804,0.24212871491909027,1.0,,,0.010721465572714806
UCE,Gogh_s2.0,up_blocks.2.attentions.1.transformer_blocks.0.attn2.to_k.weight,0.00258380314335227,smoothquant_a50,4,0.19447224959731102,0.5990840792655945,0.13358764350414276,0.14936594665050507,1.0,,,0.010721465572714806
UCE,Gogh_s2.0,up_blocks.2.attentions.1.transformer_blocks.0.attn2.to_k.weight,0.00258380314335227,smoothquant_a50,16,0.1943645477294922,0.2855270504951477,0.0437825508415699,0.09079927206039429,1.0,,,0.010721465572714806
UCE,Gogh_s2.0,up_blocks.2.attentions.1.transformer_blocks.0.attn2.to_k.weight,0.00258380314335227,smoothquant_a75,1,0.21204833686351776,1.1392393112182617,0.7667317986488342,0.2743634283542633,1.0,,,0.010721465572714806
UCE,Gogh_s2.0,up_blocks.2.attentions.1.transformer_blocks.0.attn2.to_k.weight,0.00258380314335227,smoothquant_a75,4,0.21227874606847763,0.7075140476226807,0.2631734311580658,0.17945551872253418,1.0,,,0.010721465572714806
UCE,Gogh_s2.0,up_blocks.2.attentions.1.transformer_blocks.0.attn2.to_k.weight,0.00258380314335227,smoothquant_a75,16,0.21178461611270905,0.3256058096885681,0.08049723505973816,0.1070975661277771,1.0,,,0.010721465572714806
UCE,Gogh_s2.0,up_blocks.2.attentions.1.transformer_blocks.0.attn2.to_k.weight,0.00258380314335227,smoothquant_a85,1,0.22106322646141052,1.23792564868927,0.8392130732536316,0.29517844319343567,1.0,,,0.010721465572714806
UCE,Gogh_s2.0,up_blocks.2.attentions.1.transformer_blocks.0.attn2.to_k.weight,0.00258380314335227,smoothquant_a85,4,0.22084197774529457,0.7963013052940369,0.34556275606155396,0.19976794719696045,1.0,,,0.010721465572714806
UCE,Gogh_s2.0,up_blocks.2.attentions.1.transformer_blocks.0.attn2.to_k.weight,0.00258380314335227,smoothquant_a85,16,0.21971232071518898,0.36471959948539734,0.11010538786649704,0.11962394416332245,1.0,,,0.010721465572714806
UCE,Gogh_s2.0,up_blocks.2.attentions.1.transformer_blocks.0.attn2.to_k.weight,0.00258380314335227,awq_a50,1,0.20450642704963684,1.062893033027649,0.7237080931663513,0.25554120540618896,1.0,,,0.010721465572714806
UCE,Gogh_s2.0,up_blocks.2.attentions.1.transformer_blocks.0.attn2.to_k.weight,0.00258380314335227,awq_a50,4,0.2040654495358467,0.6708139777183533,0.20261840522289276,0.16468875110149384,0.9999994933605194,,,0.010721465572714806
UCE,Gogh_s2.0,up_blocks.2.attentions.1.transformer_blocks.0.attn2.to_k.weight,0.00258380314335227,awq_a50,16,0.20368868578225374,0.30984628200531006,0.06515909731388092,0.09918016940355301,0.9999988600611687,,,0.010721465572714806
UCE,Gogh_s2.0,up_blocks.2.attentions.1.transformer_blocks.0.attn2.to_v.weight,0.0016850599786266685,w_only_int8,0,0.21968179941177368,1.0,0.0,,,0.9991471767425537,0.9831793308258057,
UCE,Gogh_s2.0,up_blocks.2.attentions.1.transformer_blocks.0.attn2.to_v.weight,0.0016850599786266685,smoothquant_a50,1,0.19679158926010132,0.9422234892845154,0.36770427227020264,0.24395796656608582,1.0,,,0.01016440149396658
UCE,Gogh_s2.0,up_blocks.2.attentions.1.transformer_blocks.0.attn2.to_v.weight,0.0016850599786266685,smoothquant_a50,4,0.1965286284685135,0.5204408168792725,0.06473185122013092,0.14452674984931946,1.0,,,0.01016440149396658
UCE,Gogh_s2.0,up_blocks.2.attentions.1.transformer_blocks.0.attn2.to_v.weight,0.0016850599786266685,smoothquant_a50,16,0.1964308423921466,0.25461670756340027,0.01925455778837204,0.08795169740915298,1.0,,,0.01016440149396658
UCE,Gogh_s2.0,up_blocks.2.attentions.1.transformer_blocks.0.attn2.to_v.weight,0.0016850599786266685,smoothquant_a75,1,0.20361939072608948,1.0052508115768433,0.5133707523345947,0.2596298158168793,1.0,,,0.01016440149396658
UCE,Gogh_s2.0,up_blocks.2.attentions.1.transformer_blocks.0.attn2.to_v.weight,0.0016850599786266685,smoothquant_a75,4,0.2026977576315403,0.5560827255249023,0.09697672724723816,0.15454575419425964,1.0,,,0.01016440149396658
UCE,Gogh_s2.0,up_blocks.2.attentions.1.transformer_blocks.0.attn2.to_v.weight,0.0016850599786266685,smoothquant_a75,16,0.20254275016486645,0.2717435657978058,0.02877197228372097,0.09333354979753494,1.0,,,0.01016440149396658
UCE,Gogh_s2.0,up_blocks.2.attentions.1.transformer_blocks.0.attn2.to_v.weight,0.0016850599786266685,smoothquant_a85,1,0.2078857421875,1.0388654470443726,0.5948588252067566,0.2678030729293823,1.0,,,0.01016440149396658
UCE,Gogh_s2.0,up_blocks.2.attentions.1.transformer_blocks.0.attn2.to_v.weight,0.0016850599786266685,smoothquant_a85,4,0.2066502869129181,0.5759723782539368,0.11896565556526184,0.15993277728557587,1.0,,,0.01016440149396658
UCE,Gogh_s2.0,up_blocks.2.attentions.1.transformer_blocks.0.attn2.to_v.weight,0.0016850599786266685,smoothquant_a85,16,0.20684038754552603,0.28423070907592773,0.03614502027630806,0.09712588042020798,1.0,,,0.01016440149396658
UCE,Gogh_s2.0,up_blocks.2.attentions.1.transformer_blocks.0.attn2.to_v.weight,0.0016850599786266685,awq_a50,1,0.21748657524585724,1.0153517723083496,0.5724548101425171,0.25915879011154175,1.0,,,0.01016440149396658
UCE,Gogh_s2.0,up_blocks.2.attentions.1.transformer_blocks.0.attn2.to_v.weight,0.0016850599786266685,awq_a50,4,0.2168980911374092,0.5676813721656799,0.06475016474723816,0.15433336794376373,1.0,,,0.01016440149396658
UCE,Gogh_s2.0,up_blocks.2.attentions.1.transformer_blocks.0.attn2.to_v.weight,0.0016850599786266685,awq_a50,16,0.21665115468204021,0.27651214599609375,0.01581420935690403,0.09486554563045502,0.9999998733401299,,,0.01016440149396658
UCE,Gogh_s2.0,up_blocks.2.attentions.2.transformer_blocks.0.attn2.to_k.weight,0.002692835871130228,w_only_int8,0,0.1907450407743454,1.0,0.0,,,0.9993911981582642,0.9878988265991211,
UCE,Gogh_s2.0,up_blocks.2.attentions.2.transformer_blocks.0.attn2.to_k.weight,0.002692835871130228,smoothquant_a50,1,0.18902181088924408,1.0278986692428589,0.5801452398300171,0.2340850979089737,1.0,,,0.01102547999471426
UCE,Gogh_s2.0,up_blocks.2.attentions.2.transformer_blocks.0.attn2.to_k.weight,0.002692835871130228,smoothquant_a50,4,0.1890202835202217,0.6009781956672668,0.13755086064338684,0.1441255360841751,1.0,,,0.01102547999471426
UCE,Gogh_s2.0,up_blocks.2.attentions.2.transformer_blocks.0.attn2.to_k.weight,0.002692835871130228,smoothquant_a50,16,0.18858960550278425,0.2835761308670044,0.04757283627986908,0.08724648505449295,1.0,,,0.01102547999471426
UCE,Gogh_s2.0,up_blocks.2.attentions.2.transformer_blocks.0.attn2.to_k.weight,0.002692835871130228,smoothquant_a75,1,0.20586547255516052,1.1332907676696777,0.7547953128814697,0.2624191641807556,1.0,,,0.01102547999471426
UCE,Gogh_s2.0,up_blocks.2.attentions.2.transformer_blocks.0.attn2.to_k.weight,0.002692835871130228,smoothquant_a75,4,0.20568491145968437,0.6921927332878113,0.25359293818473816,0.16934894025325775,1.0,,,0.01102547999471426
UCE,Gogh_s2.0,up_blocks.2.attentions.2.transformer_blocks.0.attn2.to_k.weight,0.002692835871130228,smoothquant_a75,16,0.20504684280604124,0.32042765617370605,0.07965698093175888,0.10035646706819534,1.0,,,0.01102547999471426
UCE,Gogh_s2.0,up_blocks.2.attentions.2.transformer_blocks.0.attn2.to_k.weight,0.002692835871130228,smoothquant_a85,1,0.212921142578125,1.2071287631988525,0.8145507574081421,0.2785094082355499,1.0,,,0.01102547999471426
UCE,Gogh_s2.0,up_blocks.2.attentions.2.transformer_blocks.0.attn2.to_k.weight,0.002692835871130228,smoothquant_a85,4,0.2134963981807232,0.7562647461891174,0.3144470155239105,0.18408143520355225,1.0,,,0.01102547999471426
UCE,Gogh_s2.0,up_blocks.2.attentions.2.transformer_blocks.0.attn2.to_k.weight,0.002692835871130228,smoothquant_a85,16,0.21213518735021353,0.34973809123039246,0.10183919221162796,0.10963946580886841,1.0,,,0.01102547999471426
UCE,Gogh_s2.0,up_blocks.2.attentions.2.transformer_blocks.0.attn2.to_k.weight,0.002692835871130228,awq_a50,1,0.19631551206111908,1.0464587211608887,0.6800171136856079,0.24004359543323517,1.0,,,0.01102547999471426
UCE,Gogh_s2.0,up_blocks.2.attentions.2.transformer_blocks.0.attn2.to_k.weight,0.002692835871130228,awq_a50,4,0.19591369479894638,0.6298826932907104,0.1604410856962204,0.1494593620300293,1.0,,,0.01102547999471426
UCE,Gogh_s2.0,up_blocks.2.attentions.2.transformer_blocks.0.attn2.to_k.weight,0.002692835871130228,awq_a50,16,0.1956965122371912,0.29515716433525085,0.04891764372587204,0.08930624276399612,0.9999997466802597,,,0.01102547999471426
UCE,Gogh_s2.0,up_blocks.2.attentions.2.transformer_blocks.0.attn2.to_v.weight,0.0015785264549776912,w_only_int8,0,0.21425171196460724,1.0,0.0,,,0.9982394576072693,0.9847940802574158,
UCE,Gogh_s2.0,up_blocks.2.attentions.2.transformer_blocks.0.attn2.to_v.weight,0.0015785264549776912,smoothquant_a50,1,0.18106485903263092,0.911052942276001,0.30517578125,0.22724981606006622,1.0,,,0.010986994951963425
UCE,Gogh_s2.0,up_blocks.2.attentions.2.transformer_blocks.0.attn2.to_v.weight,0.0015785264549776912,smoothquant_a50,4,0.18097635731101036,0.4936242699623108,0.04607544094324112,0.132395401597023,1.0,,,0.010986994951963425
UCE,Gogh_s2.0,up_blocks.2.attentions.2.transformer_blocks.0.attn2.to_v.weight,0.0015785264549776912,smoothquant_a50,16,0.18111953511834145,0.24329471588134766,0.013519287109375,0.08055512607097626,1.0,,,0.010986994951963425
UCE,Gogh_s2.0,up_blocks.2.attentions.2.transformer_blocks.0.attn2.to_v.weight,0.0015785264549776912,smoothquant_a75,1,0.19087320566177368,0.9866808652877808,0.4660481810569763,0.24422886967658997,1.0,,,0.010986994951963425
UCE,Gogh_s2.0,up_blocks.2.attentions.2.transformer_blocks.0.attn2.to_v.weight,0.0015785264549776912,smoothquant_a75,4,0.1906794235110283,0.5403414964675903,0.07455240935087204,0.14378130435943604,1.0,,,0.010986994951963425
UCE,Gogh_s2.0,up_blocks.2.attentions.2.transformer_blocks.0.attn2.to_v.weight,0.0015785264549776912,smoothquant_a75,16,0.19130821246653795,0.2671108543872833,0.02072346955537796,0.08674773573875427,1.0,,,0.010986994951963425
UCE,Gogh_s2.0,up_blocks.2.attentions.2.transformer_blocks.0.attn2.to_v.weight,0.0015785264549776912,smoothquant_a85,1,0.19708658754825592,1.0260608196258545,0.5652120113372803,0.25305038690567017,1.0,,,0.010986994951963425
UCE,Gogh_s2.0,up_blocks.2.attentions.2.transformer_blocks.0.attn2.to_v.weight,0.0015785264549776912,smoothquant_a85,4,0.1961522400379181,0.5637118220329285,0.10006510466337204,0.14960113167762756,1.0,,,0.010986994951963425
UCE,Gogh_s2.0,up_blocks.2.attentions.2.transformer_blocks.0.attn2.to_v.weight,0.0015785264549776912,smoothquant_a85,16,0.19657936226576567,0.27615833282470703,0.02699381485581398,0.08969201147556305,1.0,,,0.010986994951963425
UCE,Gogh_s2.0,up_blocks.2.attentions.2.transformer_blocks.0.attn2.to_v.weight,0.0015785264549776912,awq_a50,1,0.209686279296875,1.0129117965698242,0.5652262568473816,0.24830541014671326,1.0,,,0.010986994951963425
UCE,Gogh_s2.0,up_blocks.2.attentions.2.transformer_blocks.0.attn2.to_v.weight,0.0015785264549776912,awq_a50,4,0.20943298190832138,0.5599879622459412,0.05587158352136612,0.146726593375206,1.0,,,0.010986994951963425
UCE,Gogh_s2.0,up_blocks.2.attentions.2.transformer_blocks.0.attn2.to_v.weight,0.0015785264549776912,awq_a50,16,0.20967623312026262,0.2732839584350586,0.014469400979578495,0.08994635939598083,0.9999997466802597,,,0.010986994951963425
UCE,Gogh_s2.0,up_blocks.3.attentions.0.transformer_blocks.0.attn2.to_k.weight,0.002788839628919959,w_only_int8,0,0.24314779043197632,1.0,0.0,,,0.9980834126472473,0.9780504107475281,
UCE,Gogh_s2.0,up_blocks.3.attentions.0.transformer_blocks.0.attn2.to_k.weight,0.002788839628919959,smoothquant_a50,1,0.23333740234375,0.9135003685951233,0.35767823457717896,0.2699262201786041,1.0,,,0.007684117183089256
UCE,Gogh_s2.0,up_blocks.3.attentions.0.transformer_blocks.0.attn2.to_k.weight,0.002788839628919959,smoothquant_a50,4,0.2325846329331398,0.6368153691291809,0.15510253608226776,0.1890617311000824,1.0,,,0.007684117183089256
UCE,Gogh_s2.0,up_blocks.3.attentions.0.transformer_blocks.0.attn2.to_k.weight,0.002788839628919959,smoothquant_a50,16,0.23191375564783812,0.35143718123435974,0.09070231020450592,0.13194069266319275,1.0,,,0.007684117183089256
UCE,Gogh_s2.0,up_blocks.3.attentions.0.transformer_blocks.0.attn2.to_k.weight,0.002788839628919959,smoothquant_a75,1,0.3284505307674408,1.3704208135604858,0.9588826298713684,0.37147071957588196,1.0,,,0.007684117183089256
UCE,Gogh_s2.0,up_blocks.3.attentions.0.transformer_blocks.0.attn2.to_k.weight,0.002788839628919959,smoothquant_a75,4,0.327545166015625,1.0117641687393188,0.5085856318473816,0.27306291460990906,1.0,,,0.007684117183089256
UCE,Gogh_s2.0,up_blocks.3.attentions.0.transformer_blocks.0.attn2.to_k.weight,0.002788839628919959,smoothquant_a75,16,0.32604395411908627,0.5633485317230225,0.2517049014568329,0.19493232667446136,1.0,,,0.007684117183089256
UCE,Gogh_s2.0,up_blocks.3.attentions.0.transformer_blocks.0.attn2.to_k.weight,0.002788839628919959,smoothquant_a85,1,0.37173259258270264,1.6464099884033203,0.9781087040901184,0.418134868144989,1.0,,,0.007684117183089256
UCE,Gogh_s2.0,up_blocks.3.attentions.0.transformer_blocks.0.attn2.to_k.weight,0.002788839628919959,smoothquant_a85,4,0.3718821331858635,1.22299325466156,0.6265869140625,0.3137611448764801,1.0,,,0.007684117183089256
UCE,Gogh_s2.0,up_blocks.3.attentions.0.transformer_blocks.0.attn2.to_k.weight,0.002788839628919959,smoothquant_a85,16,0.37057673186063766,0.6912484765052795,0.34197998046875,0.2274070382118225,1.0,,,0.007684117183089256
UCE,Gogh_s2.0,up_blocks.3.attentions.0.transformer_blocks.0.attn2.to_k.weight,0.002788839628919959,awq_a50,1,0.3204752504825592,1.433964729309082,0.9686279296875,0.3671729564666748,1.0,,,0.007684117183089256
UCE,Gogh_s2.0,up_blocks.3.attentions.0.transformer_blocks.0.attn2.to_k.weight,0.002788839628919959,awq_a50,4,0.3205322176218033,1.070416808128357,0.5460652709007263,0.272483229637146,1.0,,,0.007684117183089256
UCE,Gogh_s2.0,up_blocks.3.attentions.0.transformer_blocks.0.attn2.to_k.weight,0.002788839628919959,awq_a50,16,0.3203336037695408,0.613141655921936,0.29462483525276184,0.20019280910491943,1.0,,,0.007684117183089256
UCE,Gogh_s2.0,up_blocks.3.attentions.0.transformer_blocks.0.attn2.to_v.weight,0.0007442463538609445,w_only_int8,0,0.19925130903720856,1.0,0.0,,,0.9992971420288086,0.9812536239624023,
UCE,Gogh_s2.0,up_blocks.3.attentions.0.transformer_blocks.0.attn2.to_v.weight,0.0007442463538609445,smoothquant_a50,1,0.18450520932674408,0.975845217704773,0.4480549991130829,0.22618348896503448,1.0,,,0.007668334059417248
UCE,Gogh_s2.0,up_blocks.3.attentions.0.transformer_blocks.0.attn2.to_v.weight,0.0007442463538609445,smoothquant_a50,4,0.18378397822380066,0.5445190668106079,0.08724772185087204,0.137385293841362,1.0,,,0.007668334059417248
UCE,Gogh_s2.0,up_blocks.3.attentions.0.transformer_blocks.0.attn2.to_v.weight,0.0007442463538609445,smoothquant_a50,16,0.1836352040991187,0.26863351464271545,0.02696940116584301,0.0852539986371994,1.0,,,0.007668334059417248
UCE,Gogh_s2.0,up_blocks.3.attentions.0.transformer_blocks.0.attn2.to_v.weight,0.0007442463538609445,smoothquant_a75,1,0.2032674103975296,1.14622962474823,0.7432901859283447,0.2746579051017761,1.0,,,0.007668334059417248
UCE,Gogh_s2.0,up_blocks.3.attentions.0.transformer_blocks.0.attn2.to_v.weight,0.0007442463538609445,smoothquant_a75,4,0.20445352792739868,0.7089881896972656,0.2576456665992737,0.17930062115192413,1.0,,,0.007668334059417248
UCE,Gogh_s2.0,up_blocks.3.attentions.0.transformer_blocks.0.attn2.to_v.weight,0.0007442463538609445,smoothquant_a75,16,0.20400187093764544,0.3501986563205719,0.08553873747587204,0.11362622678279877,1.0,,,0.007668334059417248
UCE,Gogh_s2.0,up_blocks.3.attentions.0.transformer_blocks.0.attn2.to_v.weight,0.0007442463538609445,smoothquant_a85,1,0.22017821669578552,1.3388493061065674,0.8461588621139526,0.3091537654399872,1.0,,,0.007668334059417248
UCE,Gogh_s2.0,up_blocks.3.attentions.0.transformer_blocks.0.attn2.to_v.weight,0.0007442463538609445,smoothquant_a85,4,0.22002257779240608,0.8541626334190369,0.3956542909145355,0.21043549478054047,1.0,,,0.007668334059417248
UCE,Gogh_s2.0,up_blocks.3.attentions.0.transformer_blocks.0.attn2.to_v.weight,0.0007442463538609445,smoothquant_a85,16,0.21838226169347763,0.42599940299987793,0.15160726010799408,0.13610391318798065,1.0,,,0.007668334059417248
UCE,Gogh_s2.0,up_blocks.3.attentions.0.transformer_blocks.0.attn2.to_v.weight,0.0007442463538609445,awq_a50,1,0.21846923232078552,1.1114383935928345,0.7622477412223816,0.2786279618740082,1.0,,,0.007668334059417248
UCE,Gogh_s2.0,up_blocks.3.attentions.0.transformer_blocks.0.attn2.to_v.weight,0.0007442463538609445,awq_a50,4,0.21850179135799408,0.7164596915245056,0.2562215030193329,0.18635328114032745,1.0,,,0.007668334059417248
UCE,Gogh_s2.0,up_blocks.3.attentions.0.transformer_blocks.0.attn2.to_v.weight,0.0007442463538609445,awq_a50,16,0.2179603585973382,0.346163272857666,0.09060872346162796,0.12262861430644989,1.0,,,0.007668334059417248
UCE,Gogh_s2.0,up_blocks.3.attentions.1.transformer_blocks.0.attn2.to_k.weight,0.0028299519326537848,w_only_int8,0,0.22781983017921448,1.0,0.0,,,0.9988584518432617,0.9799648523330688,
UCE,Gogh_s2.0,up_blocks.3.attentions.1.transformer_blocks.0.attn2.to_k.weight,0.0028299519326537848,smoothquant_a50,1,0.22530923783779144,0.9659865498542786,0.4475463926792145,0.2734030485153198,1.0,,,0.00913879182189703
UCE,Gogh_s2.0,up_blocks.3.attentions.1.transformer_blocks.0.attn2.to_k.weight,0.0028299519326537848,smoothquant_a50,4,0.22516987845301628,0.680233359336853,0.20938314497470856,0.18943962454795837,1.0,,,0.00913879182189703
UCE,Gogh_s2.0,up_blocks.3.attentions.1.transformer_blocks.0.attn2.to_k.weight,0.0028299519326537848,smoothquant_a50,16,0.22490997333079576,0.38734179735183716,0.13202311098575592,0.13297371566295624,1.0,,,0.00913879182189703
UCE,Gogh_s2.0,up_blocks.3.attentions.1.transformer_blocks.0.attn2.to_k.weight,0.0028299519326537848,smoothquant_a75,1,0.31440430879592896,1.413988471031189,0.957995593547821,0.3693227171897888,1.0,,,0.00913879182189703
UCE,Gogh_s2.0,up_blocks.3.attentions.1.transformer_blocks.0.attn2.to_k.weight,0.0028299519326537848,smoothquant_a75,4,0.3129465728998184,1.0631622076034546,0.5423583984375,0.27201709151268005,1.0,,,0.00913879182189703
UCE,Gogh_s2.0,up_blocks.3.attentions.1.transformer_blocks.0.attn2.to_k.weight,0.0028299519326537848,smoothquant_a75,16,0.3120391834527254,0.6143873929977417,0.3002075254917145,0.195689395070076,1.0,,,0.00913879182189703
UCE,Gogh_s2.0,up_blocks.3.attentions.1.transformer_blocks.0.attn2.to_k.weight,0.0028299519326537848,smoothquant_a85,1,0.3568969666957855,1.6977336406707764,0.9805826544761658,0.41572412848472595,1.0,,,0.00913879182189703
UCE,Gogh_s2.0,up_blocks.3.attentions.1.transformer_blocks.0.attn2.to_k.weight,0.0028299519326537848,smoothquant_a85,4,0.3562561050057411,1.284725546836853,0.6524210572242737,0.3121110200881958,1.0,,,0.00913879182189703
UCE,Gogh_s2.0,up_blocks.3.attentions.1.transformer_blocks.0.attn2.to_k.weight,0.0028299519326537848,smoothquant_a85,16,0.3547645602375269,0.7561270594596863,0.3861043155193329,0.22788114845752716,1.0,,,0.00913879182189703
UCE,Gogh_s2.0,up_blocks.3.attentions.1.transformer_blocks.0.attn2.to_k.weight,0.0028299519326537848,awq_a50,1,0.2972818911075592,1.4325454235076904,0.9595621824264526,0.34748947620391846,1.0,,,0.00913879182189703
UCE,Gogh_s2.0,up_blocks.3.attentions.1.transformer_blocks.0.attn2.to_k.weight,0.0028299519326537848,awq_a50,4,0.2975067123770714,1.0503005981445312,0.5337606072425842,0.2543122470378876,1.0,,,0.00913879182189703
UCE,Gogh_s2.0,up_blocks.3.attentions.1.transformer_blocks.0.attn2.to_k.weight,0.0028299519326537848,awq_a50,16,0.29655151441693306,0.5972970724105835,0.28387451171875,0.18173816800117493,1.0,,,0.00913879182189703
UCE,Gogh_s2.0,up_blocks.3.attentions.1.transformer_blocks.0.attn2.to_v.weight,0.0009536726865917444,w_only_int8,0,0.20813395082950592,1.0,0.0,,,0.9978628754615784,0.9816175699234009,
UCE,Gogh_s2.0,up_blocks.3.attentions.1.transformer_blocks.0.attn2.to_v.weight,0.0009536726865917444,smoothquant_a50,1,0.18099771440029144,0.9352958798408508,0.3629801571369171,0.2285546362400055,1.0,,,0.00874539464712143
UCE,Gogh_s2.0,up_blocks.3.attentions.1.transformer_blocks.0.attn2.to_v.weight,0.0009536726865917444,smoothquant_a50,4,0.18215535581111908,0.5084947347640991,0.05896402895450592,0.1353560984134674,1.0,,,0.00874539464712143
UCE,Gogh_s2.0,up_blocks.3.attentions.1.transformer_blocks.0.attn2.to_v.weight,0.0009536726865917444,smoothquant_a50,16,0.18212000466883183,0.25156980752944946,0.01904296875,0.08389131724834442,1.0,,,0.00874539464712143
UCE,Gogh_s2.0,up_blocks.3.attentions.1.transformer_blocks.0.attn2.to_v.weight,0.0009536726865917444,smoothquant_a75,1,0.19409993290901184,1.0974271297454834,0.6851643919944763,0.2711741030216217,1.0,,,0.00874539464712143
UCE,Gogh_s2.0,up_blocks.3.attentions.1.transformer_blocks.0.attn2.to_v.weight,0.0009536726865917444,smoothquant_a75,4,0.19561869278550148,0.6330892443656921,0.18675944209098816,0.16936272382736206,1.0,,,0.00874539464712143
UCE,Gogh_s2.0,up_blocks.3.attentions.1.transformer_blocks.0.attn2.to_v.weight,0.0009536726865917444,smoothquant_a75,16,0.19610722828656435,0.317661851644516,0.0638224259018898,0.10788770765066147,1.0,,,0.00874539464712143
UCE,Gogh_s2.0,up_blocks.3.attentions.1.transformer_blocks.0.attn2.to_v.weight,0.0009536726865917444,smoothquant_a85,1,0.20968016982078552,1.2339047193527222,0.803149402141571,0.29985037446022034,1.0,,,0.00874539464712143
UCE,Gogh_s2.0,up_blocks.3.attentions.1.transformer_blocks.0.attn2.to_v.weight,0.0009536726865917444,smoothquant_a85,4,0.21073302999138832,0.7248917818069458,0.2851196229457855,0.19302760064601898,1.0,,,0.00874539464712143
UCE,Gogh_s2.0,up_blocks.3.attentions.1.transformer_blocks.0.attn2.to_v.weight,0.0009536726865917444,smoothquant_a85,16,0.21087086852639914,0.3638816475868225,0.1078084334731102,0.12450779229402542,1.0,,,0.00874539464712143
UCE,Gogh_s2.0,up_blocks.3.attentions.1.transformer_blocks.0.attn2.to_v.weight,0.0009536726865917444,awq_a50,1,0.21594645082950592,1.086193323135376,0.7498006224632263,0.2759407162666321,1.0,,,0.00874539464712143
UCE,Gogh_s2.0,up_blocks.3.attentions.1.transformer_blocks.0.attn2.to_v.weight,0.0009536726865917444,awq_a50,4,0.21607055515050888,0.6482484340667725,0.18500569462776184,0.1754903942346573,1.0,,,0.00874539464712143
UCE,Gogh_s2.0,up_blocks.3.attentions.1.transformer_blocks.0.attn2.to_v.weight,0.0009536726865917444,awq_a50,16,0.21634190995246172,0.3209342062473297,0.06967366486787796,0.11566504091024399,0.9999994896352291,,,0.00874539464712143
UCE,Gogh_s2.0,up_blocks.3.attentions.2.transformer_blocks.0.attn2.to_k.weight,0.002510178368538618,w_only_int8,0,0.2429402619600296,1.0,0.0,,,0.9984239935874939,0.9774248003959656,
UCE,Gogh_s2.0,up_blocks.3.attentions.2.transformer_blocks.0.attn2.to_k.weight,0.002510178368538618,smoothquant_a50,1,0.23575440049171448,0.9578789472579956,0.44054362177848816,0.28241685032844543,1.0,,,0.011586134321987629
UCE,Gogh_s2.0,up_blocks.3.attentions.2.transformer_blocks.0.attn2.to_k.weight,0.002510178368538618,smoothquant_a50,4,0.23573913425207138,0.679076611995697,0.22303873300552368,0.2008863091468811,1.0,,,0.011586134321987629
UCE,Gogh_s2.0,up_blocks.3.attentions.2.transformer_blocks.0.attn2.to_k.weight,0.002510178368538618,smoothquant_a50,16,0.2352287294343114,0.37270796298980713,0.14387206733226776,0.13709737360477448,1.0,,,0.011586134321987629
UCE,Gogh_s2.0,up_blocks.3.attentions.2.transformer_blocks.0.attn2.to_k.weight,0.002510178368538618,smoothquant_a75,1,0.32990315556526184,1.427914023399353,0.9570149779319763,0.3859984874725342,1.0,,,0.011586134321987629
UCE,Gogh_s2.0,up_blocks.3.attentions.2.transformer_blocks.0.attn2.to_k.weight,0.002510178368538618,smoothquant_a75,4,0.3300526961684227,1.0708801746368408,0.5492798089981079,0.2870020866394043,1.0,,,0.011586134321987629
UCE,Gogh_s2.0,up_blocks.3.attentions.2.transformer_blocks.0.attn2.to_k.weight,0.002510178368538618,smoothquant_a75,16,0.3286532089114189,0.6171809434890747,0.30192869901657104,0.2042713761329651,1.0,,,0.011586134321987629
UCE,Gogh_s2.0,up_blocks.3.attentions.2.transformer_blocks.0.attn2.to_k.weight,0.002510178368538618,smoothquant_a85,1,0.37602946162223816,1.7106645107269287,0.9801473021507263,0.4344159960746765,1.0,,,0.011586134321987629
UCE,Gogh_s2.0,up_blocks.3.attentions.2.transformer_blocks.0.attn2.to_k.weight,0.002510178368538618,smoothquant_a85,4,0.3757720962166786,1.2952059507369995,0.6581339240074158,0.32776233553886414,1.0,,,0.011586134321987629
UCE,Gogh_s2.0,up_blocks.3.attentions.2.transformer_blocks.0.attn2.to_k.weight,0.002510178368538618,smoothquant_a85,16,0.3741704300045967,0.7678771615028381,0.3923380672931671,0.2388617992401123,1.0,,,0.011586134321987629
UCE,Gogh_s2.0,up_blocks.3.attentions.2.transformer_blocks.0.attn2.to_k.weight,0.002510178368538618,awq_a50,1,0.3144775331020355,1.4425523281097412,0.972900390625,0.3707658648490906,1.0,,,0.011586134321987629
UCE,Gogh_s2.0,up_blocks.3.attentions.2.transformer_blocks.0.attn2.to_k.weight,0.002510178368538618,awq_a50,4,0.31488342583179474,1.076523780822754,0.5514729619026184,0.2729268968105316,0.9999969601631165,,,0.011586134321987629
UCE,Gogh_s2.0,up_blocks.3.attentions.2.transformer_blocks.0.attn2.to_k.weight,0.002510178368538618,awq_a50,16,0.3146982826292515,0.6288442611694336,0.30952149629592896,0.19893497228622437,1.0,,,0.011586134321987629
UCE,Gogh_s2.0,up_blocks.3.attentions.2.transformer_blocks.0.attn2.to_v.weight,0.0009226393303833902,w_only_int8,0,0.21487222611904144,1.0,0.0,,,0.9983980655670166,0.9813554883003235,
UCE,Gogh_s2.0,up_blocks.3.attentions.2.transformer_blocks.0.attn2.to_v.weight,0.0009226393303833902,smoothquant_a50,1,0.17908935248851776,0.8928346633911133,0.3104614317417145,0.22444899380207062,1.0,,,0.009950200095772743
UCE,Gogh_s2.0,up_blocks.3.attentions.2.transformer_blocks.0.attn2.to_v.weight,0.0009226393303833902,smoothquant_a50,4,0.17925414815545082,0.5041471123695374,0.06027831882238388,0.13735556602478027,1.0,,,0.009950200095772743
UCE,Gogh_s2.0,up_blocks.3.attentions.2.transformer_blocks.0.attn2.to_v.weight,0.0009226393303833902,smoothquant_a50,16,0.17869440745562315,0.2534761428833008,0.01906331442296505,0.08649773895740509,1.0,,,0.009950200095772743
UCE,Gogh_s2.0,up_blocks.3.attentions.2.transformer_blocks.0.attn2.to_v.weight,0.0009226393303833902,smoothquant_a75,1,0.1974690705537796,1.0838956832885742,0.6593465209007263,0.2712099552154541,1.0,,,0.009950200095772743
UCE,Gogh_s2.0,up_blocks.3.attentions.2.transformer_blocks.0.attn2.to_v.weight,0.0009226393303833902,smoothquant_a75,4,0.19781392440199852,0.6535882353782654,0.19398193061351776,0.17588864266872406,1.0,,,0.009950200095772743
UCE,Gogh_s2.0,up_blocks.3.attentions.2.transformer_blocks.0.attn2.to_v.weight,0.0009226393303833902,smoothquant_a75,16,0.19725621584802866,0.3475468158721924,0.07151692360639572,0.11776547133922577,1.0,,,0.009950200095772743
UCE,Gogh_s2.0,up_blocks.3.attentions.2.transformer_blocks.0.attn2.to_v.weight,0.0009226393303833902,smoothquant_a85,1,0.21332600712776184,1.2379869222640991,0.7886637449264526,0.2982216477394104,1.0,,,0.009950200095772743
UCE,Gogh_s2.0,up_blocks.3.attentions.2.transformer_blocks.0.attn2.to_v.weight,0.0009226393303833902,smoothquant_a85,4,0.21359150856733322,0.7500155568122864,0.3035929501056671,0.19861626625061035,1.0,,,0.009950200095772743
UCE,Gogh_s2.0,up_blocks.3.attentions.2.transformer_blocks.0.attn2.to_v.weight,0.0009226393303833902,smoothquant_a85,16,0.21328659169375896,0.4053937494754791,0.13074544072151184,0.13626012206077576,1.0,,,0.009950200095772743
UCE,Gogh_s2.0,up_blocks.3.attentions.2.transformer_blocks.0.attn2.to_v.weight,0.0009226393303833902,awq_a50,1,0.22822265326976776,1.0860658884048462,0.7389811277389526,0.28131574392318726,1.0,,,0.009950200095772743
UCE,Gogh_s2.0,up_blocks.3.attentions.2.transformer_blocks.0.attn2.to_v.weight,0.0009226393303833902,awq_a50,4,0.22760111466050148,0.6844109892845154,0.21525879204273224,0.18545213341712952,1.0,,,0.009950200095772743
UCE,Gogh_s2.0,up_blocks.3.attentions.2.transformer_blocks.0.attn2.to_v.weight,0.0009226393303833902,awq_a50,16,0.2276369733735919,0.3568843603134155,0.09860839694738388,0.12866224348545074,0.9999989867210388,,,0.009950200095772743
UCE,Gogh_s2.0,mid_block.attentions.0.transformer_blocks.0.attn2.to_k.weight,0.0022033900022506714,w_only_int8,0,0.1834309846162796,1.0,0.0,,,0.999555230140686,0.9881882071495056,
UCE,Gogh_s2.0,mid_block.attentions.0.transformer_blocks.0.attn2.to_k.weight,0.0022033900022506714,smoothquant_a50,1,0.18221130967140198,1.038390874862671,0.6181671023368835,0.22616495192050934,1.0,,,0.012277268804609776
UCE,Gogh_s2.0,mid_block.attentions.0.transformer_blocks.0.attn2.to_k.weight,0.0022033900022506714,smoothquant_a50,4,0.18175506964325905,0.5933325886726379,0.11879069358110428,0.13660705089569092,1.0,,,0.012277268804609776
UCE,Gogh_s2.0,mid_block.attentions.0.transformer_blocks.0.attn2.to_k.weight,0.0022033900022506714,smoothquant_a50,16,0.18155333306640387,0.2825924754142761,0.02877909317612648,0.08176830410957336,1.0,,,0.012277268804609776
UCE,Gogh_s2.0,mid_block.attentions.0.transformer_blocks.0.attn2.to_k.weight,0.0022033900022506714,smoothquant_a75,1,0.19997964799404144,1.1390949487686157,0.7732136845588684,0.2530088424682617,1.0,,,0.012277268804609776
UCE,Gogh_s2.0,mid_block.attentions.0.transformer_blocks.0.attn2.to_k.weight,0.0022033900022506714,smoothquant_a75,4,0.19927164912223816,0.6916185021400452,0.24689026176929474,0.16164444386959076,1.0,,,0.012277268804609776
UCE,Gogh_s2.0,mid_block.attentions.0.transformer_blocks.0.attn2.to_k.weight,0.0022033900022506714,smoothquant_a75,16,0.19851226825267076,0.3169849216938019,0.06158345565199852,0.09281954169273376,1.0,,,0.012277268804609776
UCE,Gogh_s2.0,mid_block.attentions.0.transformer_blocks.0.attn2.to_k.weight,0.0022033900022506714,smoothquant_a85,1,0.21057027578353882,1.2239928245544434,0.8313191533088684,0.27252423763275146,1.0,,,0.012277268804609776
UCE,Gogh_s2.0,mid_block.attentions.0.transformer_blocks.0.attn2.to_k.weight,0.0022033900022506714,smoothquant_a85,4,0.21017608791589737,0.7656568288803101,0.3241994082927704,0.17945696413516998,1.0,,,0.012277268804609776
UCE,Gogh_s2.0,mid_block.attentions.0.transformer_blocks.0.attn2.to_k.weight,0.0022033900022506714,smoothquant_a85,16,0.20875225216150284,0.3473793864250183,0.08907674252986908,0.10233727097511292,1.0,,,0.012277268804609776
UCE,Gogh_s2.0,mid_block.attentions.0.transformer_blocks.0.attn2.to_k.weight,0.0022033900022506714,awq_a50,1,0.19430440664291382,1.056841254234314,0.7038462162017822,0.23828910291194916,1.0,,,0.012277268804609776
UCE,Gogh_s2.0,mid_block.attentions.0.transformer_blocks.0.attn2.to_k.weight,0.0022033900022506714,awq_a50,4,0.19395141676068306,0.6430457234382629,0.18386027216911316,0.15003928542137146,1.0,,,0.012277268804609776
UCE,Gogh_s2.0,mid_block.attentions.0.transformer_blocks.0.attn2.to_k.weight,0.0022033900022506714,awq_a50,16,0.19346803054213524,0.2994939088821411,0.04707438126206398,0.08834971487522125,0.9999994933605194,,,0.012277268804609776
UCE,Gogh_s2.0,mid_block.attentions.0.transformer_blocks.0.attn2.to_v.weight,0.001932416926138103,w_only_int8,0,0.19853006303310394,1.0,0.0,,,0.9993698000907898,0.9869066476821899,
UCE,Gogh_s2.0,mid_block.attentions.0.transformer_blocks.0.attn2.to_v.weight,0.001932416926138103,smoothquant_a50,1,0.18786214292049408,1.016014814376831,0.5512024164199829,0.2346658557653427,1.0,,,0.011521846987307072
UCE,Gogh_s2.0,mid_block.attentions.0.transformer_blocks.0.attn2.to_v.weight,0.001932416926138103,smoothquant_a50,4,0.187998965382576,0.5629507899284363,0.09396056830883026,0.13822056353092194,1.0,,,0.011521846987307072
UCE,Gogh_s2.0,mid_block.attentions.0.transformer_blocks.0.attn2.to_v.weight,0.001932416926138103,smoothquant_a50,16,0.18790372274816036,0.27428576350212097,0.02977396734058857,0.08424580097198486,1.0,,,0.011521846987307072
UCE,Gogh_s2.0,mid_block.attentions.0.transformer_blocks.0.attn2.to_v.weight,0.001932416926138103,smoothquant_a75,1,0.18875528872013092,1.0535176992416382,0.6435577273368835,0.24505874514579773,1.0,,,0.011521846987307072
UCE,Gogh_s2.0,mid_block.attentions.0.transformer_blocks.0.attn2.to_v.weight,0.001932416926138103,smoothquant_a75,4,0.1887814849615097,0.5847451090812683,0.13174234330654144,0.14506582915782928,1.0,,,0.011521846987307072
UCE,Gogh_s2.0,mid_block.attentions.0.transformer_blocks.0.attn2.to_v.weight,0.001932416926138103,smoothquant_a75,16,0.18853721488267183,0.2874572277069092,0.04555969312787056,0.08825156837701797,1.0,,,0.011521846987307072
UCE,Gogh_s2.0,mid_block.attentions.0.transformer_blocks.0.attn2.to_v.weight,0.001932416926138103,smoothquant_a85,1,0.1881612092256546,1.07649827003479,0.6843922734260559,0.2511727213859558,1.0,,,0.011521846987307072
UCE,Gogh_s2.0,mid_block.attentions.0.transformer_blocks.0.attn2.to_v.weight,0.001932416926138103,smoothquant_a85,4,0.18798624724149704,0.5969811081886292,0.15150858461856842,0.14923414587974548,1.0,,,0.011521846987307072
UCE,Gogh_s2.0,mid_block.attentions.0.transformer_blocks.0.attn2.to_v.weight,0.001932416926138103,smoothquant_a85,16,0.1875324258580804,0.29555341601371765,0.05505676195025444,0.09118048846721649,1.0,,,0.011521846987307072
UCE,Gogh_s2.0,mid_block.attentions.0.transformer_blocks.0.attn2.to_v.weight,0.001932416926138103,awq_a50,1,0.19320271909236908,1.0119980573654175,0.5609680414199829,0.23240214586257935,1.0,,,0.011521846987307072
UCE,Gogh_s2.0,mid_block.attentions.0.transformer_blocks.0.attn2.to_v.weight,0.001932416926138103,awq_a50,4,0.19297663494944572,0.5479554533958435,0.04868469387292862,0.13412706553936005,1.0,,,0.011521846987307072
UCE,Gogh_s2.0,mid_block.attentions.0.transformer_blocks.0.attn2.to_v.weight,0.001932416926138103,awq_a50,16,0.1928693139925599,0.26732179522514343,0.009975179098546505,0.08118674904108047,0.9999996833503246,,,0.011521846987307072
TIME,Gogh_l0.1,down_blocks.0.attentions.0.transformer_blocks.0.attn2.to_k.weight,0.008234377019107342,w_only_int8,0,0.11339925229549408,1.0,0.0,,,0.99959796667099,0.9984706044197083,
TIME,Gogh_l0.1,down_blocks.0.attentions.0.transformer_blocks.0.attn2.to_k.weight,0.008234377019107342,smoothquant_a50,1,0.1206258162856102,1.0334268808364868,0.5881307125091553,0.09896634519100189,1.0,,,0.006033261306583881
TIME,Gogh_l0.1,down_blocks.0.attentions.0.transformer_blocks.0.attn2.to_k.weight,0.008234377019107342,smoothquant_a50,4,0.12098490633070469,0.6410276889801025,0.17191162705421448,0.06236056610941887,1.0,,,0.006033261306583881
TIME,Gogh_l0.1,down_blocks.0.attentions.0.transformer_blocks.0.attn2.to_k.weight,0.008234377019107342,smoothquant_a50,16,0.12079060962423682,0.31775712966918945,0.08477376401424408,0.04006549343466759,1.0,,,0.006033261306583881
TIME,Gogh_l0.1,down_blocks.0.attentions.0.transformer_blocks.0.attn2.to_k.weight,0.008234377019107342,smoothquant_a75,1,0.13978677988052368,1.254578948020935,0.8298095464706421,0.1218293309211731,1.0,,,0.006033261306583881
TIME,Gogh_l0.1,down_blocks.0.attentions.0.transformer_blocks.0.attn2.to_k.weight,0.008234377019107342,smoothquant_a75,4,0.13953857496380806,0.8068327903747559,0.35641682147979736,0.0810651034116745,1.0,,,0.006033261306583881
TIME,Gogh_l0.1,down_blocks.0.attentions.0.transformer_blocks.0.attn2.to_k.weight,0.008234377019107342,smoothquant_a75,16,0.13956782035529613,0.41390857100486755,0.17093099653720856,0.053738053888082504,1.0,,,0.006033261306583881
TIME,Gogh_l0.1,down_blocks.0.attentions.0.transformer_blocks.0.attn2.to_k.weight,0.008234377019107342,smoothquant_a85,1,0.15123698115348816,1.419501543045044,0.8859700560569763,0.13538864254951477,1.0,,,0.006033261306583881
TIME,Gogh_l0.1,down_blocks.0.attentions.0.transformer_blocks.0.attn2.to_k.weight,0.008234377019107342,smoothquant_a85,4,0.15096638724207878,0.9124557375907898,0.4426635801792145,0.09204444289207458,1.0,,,0.006033261306583881
TIME,Gogh_l0.1,down_blocks.0.attentions.0.transformer_blocks.0.attn2.to_k.weight,0.008234377019107342,smoothquant_a85,16,0.15051142312586308,0.47776687145233154,0.22299398481845856,0.06193608418107033,1.0,,,0.006033261306583881
TIME,Gogh_l0.1,down_blocks.0.attentions.0.transformer_blocks.0.attn2.to_k.weight,0.008234377019107342,awq_a50,1,0.13198648393154144,1.108756422996521,0.7773519158363342,0.10739655047655106,1.0,,,0.006033261306583881
TIME,Gogh_l0.1,down_blocks.0.attentions.0.transformer_blocks.0.attn2.to_k.weight,0.008234377019107342,awq_a50,4,0.13155212253332138,0.7200736403465271,0.2616983950138092,0.06918278336524963,1.0,,,0.006033261306583881
TIME,Gogh_l0.1,down_blocks.0.attentions.0.transformer_blocks.0.attn2.to_k.weight,0.008234377019107342,awq_a50,16,0.13162918016314507,0.35850703716278076,0.12237955629825592,0.04436386376619339,0.9999997466802597,,,0.006033261306583881
TIME,Gogh_l0.1,down_blocks.0.attentions.0.transformer_blocks.0.attn2.to_v.weight,0.0029689560178667307,w_only_int8,0,0.10867512971162796,1.0,0.0,,,0.999761164188385,0.9984716176986694,
TIME,Gogh_l0.1,down_blocks.0.attentions.0.transformer_blocks.0.attn2.to_v.weight,0.0029689560178667307,smoothquant_a50,1,0.09991861879825592,0.979656457901001,0.4466105103492737,0.0877697765827179,1.0,,,0.005494495388120413
TIME,Gogh_l0.1,down_blocks.0.attentions.0.transformer_blocks.0.attn2.to_v.weight,0.0029689560178667307,smoothquant_a50,4,0.09974263422191143,0.5564602613449097,0.08545735478401184,0.051664773374795914,1.0,,,0.005494495388120413
TIME,Gogh_l0.1,down_blocks.0.attentions.0.transformer_blocks.0.attn2.to_v.weight,0.0029689560178667307,smoothquant_a50,16,0.0995892845094204,0.27188998460769653,0.02869059331715107,0.03127037733793259,1.0,,,0.005494495388120413
TIME,Gogh_l0.1,down_blocks.0.attentions.0.transformer_blocks.0.attn2.to_v.weight,0.0029689560178667307,smoothquant_a75,1,0.10470784455537796,1.0618031024932861,0.6377522945404053,0.09798835963010788,1.0,,,0.005494495388120413
TIME,Gogh_l0.1,down_blocks.0.attentions.0.transformer_blocks.0.attn2.to_v.weight,0.0029689560178667307,smoothquant_a75,4,0.10345662571489811,0.6213377714157104,0.17387288808822632,0.059181757271289825,1.0,,,0.005494495388120413
TIME,Gogh_l0.1,down_blocks.0.attentions.0.transformer_blocks.0.attn2.to_v.weight,0.0029689560178667307,smoothquant_a75,16,0.10354232834652066,0.3060154914855957,0.06463216245174408,0.03610016778111458,1.0,,,0.005494495388120413
TIME,Gogh_l0.1,down_blocks.0.attentions.0.transformer_blocks.0.attn2.to_v.weight,0.0029689560178667307,smoothquant_a85,1,0.1053263321518898,1.1151573657989502,0.7210408449172974,0.10471851378679276,1.0,,,0.005494495388120413
TIME,Gogh_l0.1,down_blocks.0.attentions.0.transformer_blocks.0.attn2.to_v.weight,0.0029689560178667307,smoothquant_a85,4,0.10499165765941143,0.6682090163230896,0.23016357421875,0.06452237814664841,1.0,,,0.005494495388120413
TIME,Gogh_l0.1,down_blocks.0.attentions.0.transformer_blocks.0.attn2.to_v.weight,0.0029689560178667307,smoothquant_a85,16,0.10495554562658072,0.34348979592323303,0.09449055790901184,0.04067426919937134,1.0,,,0.005494495388120413
TIME,Gogh_l0.1,down_blocks.0.attentions.0.transformer_blocks.0.attn2.to_v.weight,0.0029689560178667307,awq_a50,1,0.10885823518037796,1.0342991352081299,0.642749011516571,0.09427844732999802,1.0,,,0.005494495388120413
TIME,Gogh_l0.1,down_blocks.0.attentions.0.transformer_blocks.0.attn2.to_v.weight,0.0029689560178667307,awq_a50,4,0.10901590995490551,0.5988206267356873,0.12308349460363388,0.05611012503504753,1.0,,,0.005494495388120413
TIME,Gogh_l0.1,down_blocks.0.attentions.0.transformer_blocks.0.attn2.to_v.weight,0.0029689560178667307,awq_a50,16,0.10866928100585938,0.2935011386871338,0.03983968123793602,0.03458362817764282,1.0,,,0.005494495388120413
TIME,Gogh_l0.1,down_blocks.0.attentions.1.transformer_blocks.0.attn2.to_k.weight,0.007188550662249327,w_only_int8,0,0.12014567106962204,1.0,0.0,,,0.9995567202568054,0.9979400038719177,
TIME,Gogh_l0.1,down_blocks.0.attentions.1.transformer_blocks.0.attn2.to_k.weight,0.007188550662249327,smoothquant_a50,1,0.12390950322151184,1.0100480318069458,0.5173258185386658,0.10678356140851974,1.0,,,0.005947727710008621
TIME,Gogh_l0.1,down_blocks.0.attentions.1.transformer_blocks.0.attn2.to_k.weight,0.007188550662249327,smoothquant_a50,4,0.12365213967859745,0.6791337728500366,0.19625243544578552,0.07234286516904831,1.0,,,0.005947727710008621
TIME,Gogh_l0.1,down_blocks.0.attentions.1.transformer_blocks.0.attn2.to_k.weight,0.007188550662249327,smoothquant_a50,16,0.12329457653686404,0.3545301854610443,0.09578857570886612,0.04807444289326668,1.0,,,0.005947727710008621
TIME,Gogh_l0.1,down_blocks.0.attentions.1.transformer_blocks.0.attn2.to_k.weight,0.007188550662249327,smoothquant_a75,1,0.16793619096279144,1.3865869045257568,0.9343912601470947,0.14847391843795776,1.0,,,0.005947727710008621
TIME,Gogh_l0.1,down_blocks.0.attentions.1.transformer_blocks.0.attn2.to_k.weight,0.007188550662249327,smoothquant_a75,4,0.1682891845703125,0.9974362850189209,0.49822998046875,0.1059286817908287,1.0,,,0.005947727710008621
TIME,Gogh_l0.1,down_blocks.0.attentions.1.transformer_blocks.0.attn2.to_k.weight,0.007188550662249327,smoothquant_a75,16,0.16739705298095942,0.53227698802948,0.23968099057674408,0.07343217730522156,1.0,,,0.005947727710008621
TIME,Gogh_l0.1,down_blocks.0.attentions.1.transformer_blocks.0.attn2.to_k.weight,0.007188550662249327,smoothquant_a85,1,0.19212239980697632,1.6346039772033691,0.9680338501930237,0.17114387452602386,1.0,,,0.005947727710008621
TIME,Gogh_l0.1,down_blocks.0.attentions.1.transformer_blocks.0.attn2.to_k.weight,0.007188550662249327,smoothquant_a85,4,0.19156697764992714,1.1837437152862549,0.6054036617279053,0.1237487643957138,1.0,,,0.005947727710008621
TIME,Gogh_l0.1,down_blocks.0.attentions.1.transformer_blocks.0.attn2.to_k.weight,0.007188550662249327,smoothquant_a85,16,0.1911059059202671,0.6533868312835693,0.32187092304229736,0.08779982477426529,1.0,,,0.005947727710008621
TIME,Gogh_l0.1,down_blocks.0.attentions.1.transformer_blocks.0.attn2.to_k.weight,0.007188550662249327,awq_a50,1,0.15917155146598816,1.3838411569595337,0.9326212406158447,0.1363823264837265,1.0,,,0.005947727710008621
TIME,Gogh_l0.1,down_blocks.0.attentions.1.transformer_blocks.0.attn2.to_k.weight,0.007188550662249327,awq_a50,4,0.1584269218146801,0.9613096714019775,0.47186279296875,0.0964386910200119,1.0,,,0.005947727710008621
TIME,Gogh_l0.1,down_blocks.0.attentions.1.transformer_blocks.0.attn2.to_k.weight,0.007188550662249327,awq_a50,16,0.15790710411965847,0.530332088470459,0.2491862028837204,0.06870730221271515,0.9999997466802597,,,0.005947727710008621
TIME,Gogh_l0.1,down_blocks.0.attentions.1.transformer_blocks.0.attn2.to_v.weight,0.0020333246793597937,w_only_int8,0,0.11454670876264572,1.0,0.0,,,0.9998168349266052,0.9975063800811768,
TIME,Gogh_l0.1,down_blocks.0.attentions.1.transformer_blocks.0.attn2.to_v.weight,0.0020333246793597937,smoothquant_a50,1,0.1002604141831398,0.9856128692626953,0.47210693359375,0.09271488338708878,1.0,,,0.005652849096804857
TIME,Gogh_l0.1,down_blocks.0.attentions.1.transformer_blocks.0.attn2.to_v.weight,0.0020333246793597937,smoothquant_a50,4,0.09997456707060337,0.5526722073554993,0.1032511368393898,0.05572689697146416,1.0,,,0.005652849096804857
TIME,Gogh_l0.1,down_blocks.0.attentions.1.transformer_blocks.0.attn2.to_v.weight,0.0020333246793597937,smoothquant_a50,16,0.09967778576537967,0.2727578580379486,0.03338623046875,0.03413503244519234,1.0,,,0.005652849096804857
TIME,Gogh_l0.1,down_blocks.0.attentions.1.transformer_blocks.0.attn2.to_v.weight,0.0020333246793597937,smoothquant_a75,1,0.10990803688764572,1.108854055404663,0.7004557251930237,0.1116505116224289,1.0,,,0.005652849096804857
TIME,Gogh_l0.1,down_blocks.0.attentions.1.transformer_blocks.0.attn2.to_v.weight,0.0020333246793597937,smoothquant_a75,4,0.10925699770450592,0.6872944235801697,0.24279378354549408,0.07134582847356796,1.0,,,0.005652849096804857
TIME,Gogh_l0.1,down_blocks.0.attentions.1.transformer_blocks.0.attn2.to_v.weight,0.0020333246793597937,smoothquant_a75,16,0.1089101149700582,0.35943904519081116,0.10358479619026184,0.04698289558291435,1.0,,,0.005652849096804857
TIME,Gogh_l0.1,down_blocks.0.attentions.1.transformer_blocks.0.attn2.to_v.weight,0.0020333246793597937,smoothquant_a85,1,0.11623535305261612,1.2423148155212402,0.8131510615348816,0.12516988813877106,1.0,,,0.005652849096804857
TIME,Gogh_l0.1,down_blocks.0.attentions.1.transformer_blocks.0.attn2.to_v.weight,0.0020333246793597937,smoothquant_a85,4,0.11656901054084301,0.7995458841323853,0.3472941219806671,0.08239053934812546,1.0,,,0.005652849096804857
TIME,Gogh_l0.1,down_blocks.0.attentions.1.transformer_blocks.0.attn2.to_v.weight,0.0020333246793597937,smoothquant_a85,16,0.11613642377778888,0.4253864884376526,0.16275228559970856,0.055665187537670135,1.0,,,0.005652849096804857
TIME,Gogh_l0.1,down_blocks.0.attentions.1.transformer_blocks.0.attn2.to_v.weight,0.0020333246793597937,awq_a50,1,0.11883544921875,1.0588831901550293,0.701855480670929,0.10844511538743973,1.0,,,0.005652849096804857
TIME,Gogh_l0.1,down_blocks.0.attentions.1.transformer_blocks.0.attn2.to_v.weight,0.0020333246793597937,awq_a50,4,0.11915486678481102,0.6529262661933899,0.1762898713350296,0.06918597966432571,0.9999989867210388,,,0.005652849096804857
TIME,Gogh_l0.1,down_blocks.0.attentions.1.transformer_blocks.0.attn2.to_v.weight,0.0020333246793597937,awq_a50,16,0.1189262387342751,0.3205111622810364,0.06599528342485428,0.04560937359929085,0.9999997466802597,,,0.005652849096804857
TIME,Gogh_l0.1,down_blocks.1.attentions.0.transformer_blocks.0.attn2.to_k.weight,0.008696150965988636,w_only_int8,0,0.09230753779411316,1.0,0.0,,,0.9995834827423096,0.9987484812736511,
TIME,Gogh_l0.1,down_blocks.1.attentions.0.transformer_blocks.0.attn2.to_k.weight,0.008696150965988636,smoothquant_a50,1,0.09379679709672928,1.02181077003479,0.5655619502067566,0.0855712816119194,1.0,,,0.006295155268162489
TIME,Gogh_l0.1,down_blocks.1.attentions.0.transformer_blocks.0.attn2.to_k.weight,0.008696150965988636,smoothquant_a50,4,0.09409688599407673,0.5918721556663513,0.12605184316635132,0.051184650510549545,1.0,,,0.006295155268162489
TIME,Gogh_l0.1,down_blocks.1.attentions.0.transformer_blocks.0.attn2.to_k.weight,0.008696150965988636,smoothquant_a50,16,0.09401041641831398,0.28109732270240784,0.04560750350356102,0.030688730999827385,1.0,,,0.006295155268162489
TIME,Gogh_l0.1,down_blocks.1.attentions.0.transformer_blocks.0.attn2.to_k.weight,0.008696150965988636,smoothquant_a75,1,0.1028849259018898,1.1257797479629517,0.7499837279319763,0.09804274141788483,1.0,,,0.006295155268162489
TIME,Gogh_l0.1,down_blocks.1.attentions.0.transformer_blocks.0.attn2.to_k.weight,0.008696150965988636,smoothquant_a75,4,0.10301005095243454,0.6875406503677368,0.241302490234375,0.0617440864443779,1.0,,,0.006295155268162489
TIME,Gogh_l0.1,down_blocks.1.attentions.0.transformer_blocks.0.attn2.to_k.weight,0.008696150965988636,smoothquant_a75,16,0.10269800759851933,0.32254165410995483,0.07917683571577072,0.036600805819034576,1.0,,,0.006295155268162489
TIME,Gogh_l0.1,down_blocks.1.attentions.0.transformer_blocks.0.attn2.to_k.weight,0.008696150965988636,smoothquant_a85,1,0.10702921450138092,1.2090075016021729,0.815386950969696,0.10600923001766205,1.0,,,0.006295155268162489
TIME,Gogh_l0.1,down_blocks.1.attentions.0.transformer_blocks.0.attn2.to_k.weight,0.008696150965988636,smoothquant_a85,4,0.10785166546702385,0.752985954284668,0.3105367124080658,0.06832095235586166,1.0,,,0.006295155268162489
TIME,Gogh_l0.1,down_blocks.1.attentions.0.transformer_blocks.0.attn2.to_k.weight,0.008696150965988636,smoothquant_a85,16,0.10754750622436404,0.3550160527229309,0.10611572116613388,0.04098298400640488,1.0,,,0.006295155268162489
TIME,Gogh_l0.1,down_blocks.1.attentions.0.transformer_blocks.0.attn2.to_k.weight,0.008696150965988636,awq_a50,1,0.09597574919462204,1.0461970567703247,0.678631603717804,0.08841192722320557,1.0,,,0.006295155268162489
TIME,Gogh_l0.1,down_blocks.1.attentions.0.transformer_blocks.0.attn2.to_k.weight,0.008696150965988636,awq_a50,4,0.09642893634736538,0.624534010887146,0.15286865830421448,0.05346202850341797,0.9999994933605194,,,0.006295155268162489
TIME,Gogh_l0.1,down_blocks.1.attentions.0.transformer_blocks.0.attn2.to_k.weight,0.008696150965988636,awq_a50,16,0.09630864532664418,0.29267725348472595,0.0500284843146801,0.03158218413591385,0.9999986067414284,,,0.006295155268162489
TIME,Gogh_l0.1,down_blocks.1.attentions.0.transformer_blocks.0.attn2.to_v.weight,0.003066103672608733,w_only_int8,0,0.10989786684513092,1.0,0.0,,,0.9994951486587524,0.9984759092330933,
TIME,Gogh_l0.1,down_blocks.1.attentions.0.transformer_blocks.0.attn2.to_v.weight,0.003066103672608733,smoothquant_a50,1,0.1024576798081398,0.9813985228538513,0.44924113154411316,0.09029483795166016,1.0,,,0.006023568566888571
TIME,Gogh_l0.1,down_blocks.1.attentions.0.transformer_blocks.0.attn2.to_v.weight,0.003066103672608733,smoothquant_a50,4,0.10303141176700592,0.5414122343063354,0.0638427734375,0.05187118798494339,1.0,,,0.006023568566888571
TIME,Gogh_l0.1,down_blocks.1.attentions.0.transformer_blocks.0.attn2.to_v.weight,0.003066103672608733,smoothquant_a50,16,0.10303904162719846,0.2606659233570099,0.01579793356359005,0.03058830089867115,1.0,,,0.006023568566888571
TIME,Gogh_l0.1,down_blocks.1.attentions.0.transformer_blocks.0.attn2.to_v.weight,0.003066103672608733,smoothquant_a75,1,0.09999389946460724,1.0386439561843872,0.601104736328125,0.09649404883384705,1.0,,,0.006023568566888571
TIME,Gogh_l0.1,down_blocks.1.attentions.0.transformer_blocks.0.attn2.to_v.weight,0.003066103672608733,smoothquant_a75,4,0.10019480437040329,0.5791652202606201,0.11709798127412796,0.05637561157345772,1.0,,,0.006023568566888571
TIME,Gogh_l0.1,down_blocks.1.attentions.0.transformer_blocks.0.attn2.to_v.weight,0.003066103672608733,smoothquant_a75,16,0.10002822894603014,0.2880304455757141,0.0329793281853199,0.03383718803524971,1.0,,,0.006023568566888571
TIME,Gogh_l0.1,down_blocks.1.attentions.0.transformer_blocks.0.attn2.to_v.weight,0.003066103672608733,smoothquant_a85,1,0.09845377504825592,1.0821473598480225,0.6867533326148987,0.10122068971395493,1.0,,,0.006023568566888571
TIME,Gogh_l0.1,down_blocks.1.attentions.0.transformer_blocks.0.attn2.to_v.weight,0.003066103672608733,smoothquant_a85,4,0.09863891638815403,0.6239060759544373,0.17076009511947632,0.06059841811656952,1.0,,,0.006023568566888571
TIME,Gogh_l0.1,down_blocks.1.attentions.0.transformer_blocks.0.attn2.to_v.weight,0.003066103672608733,smoothquant_a85,16,0.09840113390237093,0.3159450590610504,0.05511474609375,0.03719822317361832,1.0,,,0.006023568566888571
TIME,Gogh_l0.1,down_blocks.1.attentions.0.transformer_blocks.0.attn2.to_v.weight,0.003066103672608733,awq_a50,1,0.10800781100988388,1.0178821086883545,0.5870584845542908,0.09398756176233292,1.0,,,0.006023568566888571
TIME,Gogh_l0.1,down_blocks.1.attentions.0.transformer_blocks.0.attn2.to_v.weight,0.003066103672608733,awq_a50,4,0.10839386098086834,0.5701361298561096,0.068389892578125,0.05449649691581726,0.9999989867210388,,,0.006023568566888571
TIME,Gogh_l0.1,down_blocks.1.attentions.0.transformer_blocks.0.attn2.to_v.weight,0.003066103672608733,awq_a50,16,0.10835113516077399,0.27296096086502075,0.015063476748764515,0.03224851191043854,0.9999982267618179,,,0.006023568566888571
TIME,Gogh_l0.1,down_blocks.1.attentions.1.transformer_blocks.0.attn2.to_k.weight,0.007340413052588701,w_only_int8,0,0.09748942404985428,1.0,0.0,,,0.9996851682662964,0.9986632466316223,
TIME,Gogh_l0.1,down_blocks.1.attentions.1.transformer_blocks.0.attn2.to_k.weight,0.007340413052588701,smoothquant_a50,1,0.10234985500574112,1.0793923139572144,0.6773824095726013,0.09375841915607452,1.0,,,0.005687378812581301
TIME,Gogh_l0.1,down_blocks.1.attentions.1.transformer_blocks.0.attn2.to_k.weight,0.007340413052588701,smoothquant_a50,4,0.10252075083553791,0.6699565649032593,0.20737101137638092,0.05923069268465042,1.0,,,0.005687378812581301
TIME,Gogh_l0.1,down_blocks.1.attentions.1.transformer_blocks.0.attn2.to_k.weight,0.007340413052588701,smoothquant_a50,16,0.1024351748637855,0.32064008712768555,0.06673380732536316,0.03637741133570671,1.0,,,0.005687378812581301
TIME,Gogh_l0.1,down_blocks.1.attentions.1.transformer_blocks.0.attn2.to_k.weight,0.007340413052588701,smoothquant_a75,1,0.1238199844956398,1.3493317365646362,0.8679443597793579,0.11680334061384201,1.0,,,0.005687378812581301
TIME,Gogh_l0.1,down_blocks.1.attentions.1.transformer_blocks.0.attn2.to_k.weight,0.007340413052588701,smoothquant_a75,4,0.12401021271944046,0.8672686815261841,0.409637451171875,0.07825363427400589,1.0,,,0.005687378812581301
TIME,Gogh_l0.1,down_blocks.1.attentions.1.transformer_blocks.0.attn2.to_k.weight,0.007340413052588701,smoothquant_a75,16,0.12343851756304502,0.41498488187789917,0.15356241166591644,0.048827871680259705,1.0,,,0.005687378812581301
TIME,Gogh_l0.1,down_blocks.1.attentions.1.transformer_blocks.0.attn2.to_k.weight,0.007340413052588701,smoothquant_a85,1,0.13458047807216644,1.5321338176727295,0.9114481806755066,0.1299881935119629,1.0,,,0.005687378812581301
TIME,Gogh_l0.1,down_blocks.1.attentions.1.transformer_blocks.0.attn2.to_k.weight,0.007340413052588701,smoothquant_a85,4,0.13465067371726036,0.9817600250244141,0.4889668822288513,0.08892139792442322,1.0,,,0.005687378812581301
TIME,Gogh_l0.1,down_blocks.1.attentions.1.transformer_blocks.0.attn2.to_k.weight,0.007340413052588701,smoothquant_a85,16,0.13368390407413244,0.4778890609741211,0.20401611924171448,0.0564386285841465,1.0,,,0.005687378812581301
TIME,Gogh_l0.1,down_blocks.1.attentions.1.transformer_blocks.0.attn2.to_k.weight,0.007340413052588701,awq_a50,1,0.11335448920726776,1.1644442081451416,0.8212300539016724,0.10219267010688782,1.0,,,0.005687378812581301
TIME,Gogh_l0.1,down_blocks.1.attentions.1.transformer_blocks.0.attn2.to_k.weight,0.007340413052588701,awq_a50,4,0.11325378343462944,0.7631142139434814,0.309539794921875,0.06667692959308624,1.0,,,0.005687378812581301
TIME,Gogh_l0.1,down_blocks.1.attentions.1.transformer_blocks.0.attn2.to_k.weight,0.007340413052588701,awq_a50,16,0.11307678185403347,0.36802682280540466,0.11754557490348816,0.041787657886743546,0.9999998733401299,,,0.005687378812581301
TIME,Gogh_l0.1,down_blocks.1.attentions.1.transformer_blocks.0.attn2.to_v.weight,0.0025262837298214436,w_only_int8,0,0.10786743462085724,1.0,0.0,,,0.9995139837265015,0.9982243180274963,
TIME,Gogh_l0.1,down_blocks.1.attentions.1.transformer_blocks.0.attn2.to_v.weight,0.0025262837298214436,smoothquant_a50,1,0.09697062522172928,0.9534518718719482,0.404327392578125,0.0900997743010521,1.0,,,0.005947877652943134
TIME,Gogh_l0.1,down_blocks.1.attentions.1.transformer_blocks.0.attn2.to_v.weight,0.0025262837298214436,smoothquant_a50,4,0.09654236026108265,0.5319646596908569,0.07403564453125,0.05266178771853447,1.0,,,0.005947877652943134
TIME,Gogh_l0.1,down_blocks.1.attentions.1.transformer_blocks.0.attn2.to_v.weight,0.0025262837298214436,smoothquant_a50,16,0.09643198689445853,0.26149624586105347,0.01919962652027607,0.03161100670695305,1.0,,,0.005947877652943134
TIME,Gogh_l0.1,down_blocks.1.attentions.1.transformer_blocks.0.attn2.to_v.weight,0.0025262837298214436,smoothquant_a75,1,0.0960286483168602,1.0367916822433472,0.5794677734375,0.09986460953950882,1.0,,,0.005947877652943134
TIME,Gogh_l0.1,down_blocks.1.attentions.1.transformer_blocks.0.attn2.to_v.weight,0.0025262837298214436,smoothquant_a75,4,0.09585367888212204,0.6016749739646912,0.1464131623506546,0.0600888654589653,1.0,,,0.005947877652943134
TIME,Gogh_l0.1,down_blocks.1.attentions.1.transformer_blocks.0.attn2.to_v.weight,0.0025262837298214436,smoothquant_a75,16,0.09566294308751822,0.3018483817577362,0.04635213315486908,0.036804765462875366,1.0,,,0.005947877652943134
TIME,Gogh_l0.1,down_blocks.1.attentions.1.transformer_blocks.0.attn2.to_v.weight,0.0025262837298214436,smoothquant_a85,1,0.09786580502986908,1.0955027341842651,0.6817342042922974,0.10690384358167648,1.0,,,0.005947877652943134
TIME,Gogh_l0.1,down_blocks.1.attentions.1.transformer_blocks.0.attn2.to_v.weight,0.0025262837298214436,smoothquant_a85,4,0.09783833846449852,0.6544297337532043,0.20623983442783356,0.06574483960866928,1.0,,,0.005947877652943134
TIME,Gogh_l0.1,down_blocks.1.attentions.1.transformer_blocks.0.attn2.to_v.weight,0.0025262837298214436,smoothquant_a85,16,0.09763882961124182,0.33460548520088196,0.0748189315199852,0.041037872433662415,1.0,,,0.005947877652943134
TIME,Gogh_l0.1,down_blocks.1.attentions.1.transformer_blocks.0.attn2.to_v.weight,0.0025262837298214436,awq_a50,1,0.10753580927848816,1.0204347372055054,0.594696044921875,0.09845643490552902,1.0,,,0.005947877652943134
TIME,Gogh_l0.1,down_blocks.1.attentions.1.transformer_blocks.0.attn2.to_v.weight,0.0025262837298214436,awq_a50,4,0.10737762413918972,0.583996593952179,0.08747965842485428,0.05845985561609268,1.0,,,0.005947877652943134
TIME,Gogh_l0.1,down_blocks.1.attentions.1.transformer_blocks.0.attn2.to_v.weight,0.0025262837298214436,awq_a50,16,0.10746002197265625,0.28212690353393555,0.02538045309484005,0.03588508814573288,1.0,,,0.005947877652943134
TIME,Gogh_l0.1,down_blocks.2.attentions.0.transformer_blocks.0.attn2.to_k.weight,0.006676587276160717,w_only_int8,0,0.09570109099149704,1.0,0.0,,,0.9995659589767456,0.9987497329711914,
TIME,Gogh_l0.1,down_blocks.2.attentions.0.transformer_blocks.0.attn2.to_k.weight,0.006676587276160717,smoothquant_a50,1,0.09547118842601776,1.0312684774398804,0.6049519777297974,0.0860186442732811,1.0,,,0.005605075508356094
TIME,Gogh_l0.1,down_blocks.2.attentions.0.transformer_blocks.0.attn2.to_k.weight,0.006676587276160717,smoothquant_a50,4,0.09554748423397541,0.5826514959335327,0.10628052055835724,0.05017422139644623,1.0,,,0.005605075508356094
TIME,Gogh_l0.1,down_blocks.2.attentions.0.transformer_blocks.0.attn2.to_k.weight,0.006676587276160717,smoothquant_a50,16,0.0955768576823175,0.2799060344696045,0.03099670447409153,0.030014894902706146,1.0,,,0.005605075508356094
TIME,Gogh_l0.1,down_blocks.2.attentions.0.transformer_blocks.0.attn2.to_k.weight,0.006676587276160717,smoothquant_a75,1,0.1017252579331398,1.1174545288085938,0.7514485716819763,0.09636314958333969,1.0,,,0.005605075508356094
TIME,Gogh_l0.1,down_blocks.2.attentions.0.transformer_blocks.0.attn2.to_k.weight,0.006676587276160717,smoothquant_a75,4,0.10201593860983849,0.6659644246101379,0.21786294877529144,0.05914492905139923,1.0,,,0.005605075508356094
TIME,Gogh_l0.1,down_blocks.2.attentions.0.transformer_blocks.0.attn2.to_k.weight,0.006676587276160717,smoothquant_a75,16,0.10166301717981696,0.31615138053894043,0.06174926832318306,0.03473758324980736,1.0,,,0.005605075508356094
TIME,Gogh_l0.1,down_blocks.2.attentions.0.transformer_blocks.0.attn2.to_k.weight,0.006676587276160717,smoothquant_a85,1,0.10535990446805954,1.1938482522964478,0.8135894536972046,0.10416918992996216,1.0,,,0.005605075508356094
TIME,Gogh_l0.1,down_blocks.2.attentions.0.transformer_blocks.0.attn2.to_k.weight,0.006676587276160717,smoothquant_a85,4,0.10586242564022541,0.7362092137336731,0.29348957538604736,0.06609571725130081,1.0,,,0.005605075508356094
TIME,Gogh_l0.1,down_blocks.2.attentions.0.transformer_blocks.0.attn2.to_k.weight,0.006676587276160717,smoothquant_a85,16,0.1051890691742301,0.34824424982070923,0.08975016325712204,0.038980260491371155,1.0,,,0.005605075508356094
TIME,Gogh_l0.1,down_blocks.2.attentions.0.transformer_blocks.0.attn2.to_k.weight,0.006676587276160717,awq_a50,1,0.0985209122300148,1.0425196886062622,0.6737640500068665,0.08851943165063858,1.0,,,0.005605075508356094
TIME,Gogh_l0.1,down_blocks.2.attentions.0.transformer_blocks.0.attn2.to_k.weight,0.006676587276160717,awq_a50,4,0.09873657114803791,0.6163690686225891,0.14196065068244934,0.053298041224479675,0.9999994933605194,,,0.005605075508356094
TIME,Gogh_l0.1,down_blocks.2.attentions.0.transformer_blocks.0.attn2.to_k.weight,0.006676587276160717,awq_a50,16,0.0984580353833735,0.28914910554885864,0.03518371656537056,0.031072838231921196,0.9999995566904545,,,0.005605075508356094
TIME,Gogh_l0.1,down_blocks.2.attentions.0.transformer_blocks.0.attn2.to_v.weight,0.0043697659857571125,w_only_int8,0,0.09781290590763092,1.0,0.0,,,0.9999045133590698,0.998610258102417,
TIME,Gogh_l0.1,down_blocks.2.attentions.0.transformer_blocks.0.attn2.to_v.weight,0.0043697659857571125,smoothquant_a50,1,0.09151611477136612,0.9884019494056702,0.46546223759651184,0.08472175151109695,1.0,,,0.006026910617947578
TIME,Gogh_l0.1,down_blocks.2.attentions.0.transformer_blocks.0.attn2.to_v.weight,0.0043697659857571125,smoothquant_a50,4,0.09157765656709671,0.5392013192176819,0.06531371921300888,0.04818456619977951,1.0,,,0.006026910617947578
TIME,Gogh_l0.1,down_blocks.2.attentions.0.transformer_blocks.0.attn2.to_v.weight,0.0043697659857571125,smoothquant_a50,16,0.09153061034157872,0.2614686191082001,0.01678568497300148,0.02856322191655636,1.0,,,0.006026910617947578
TIME,Gogh_l0.1,down_blocks.2.attentions.0.transformer_blocks.0.attn2.to_v.weight,0.0043697659857571125,smoothquant_a75,1,0.09068603813648224,1.0326303243637085,0.5887685418128967,0.08950916677713394,1.0,,,0.006026910617947578
TIME,Gogh_l0.1,down_blocks.2.attentions.0.transformer_blocks.0.attn2.to_v.weight,0.0043697659857571125,smoothquant_a75,4,0.09072545357048512,0.5633142590522766,0.10187683254480362,0.051110316067934036,1.0,,,0.006026910617947578
TIME,Gogh_l0.1,down_blocks.2.attentions.0.transformer_blocks.0.attn2.to_v.weight,0.0043697659857571125,smoothquant_a75,16,0.09068565396592021,0.2743873596191406,0.02599487267434597,0.029877852648496628,1.0,,,0.006026910617947578
TIME,Gogh_l0.1,down_blocks.2.attentions.0.transformer_blocks.0.attn2.to_v.weight,0.0043697659857571125,smoothquant_a85,1,0.09010925143957138,1.0607352256774902,0.6490844488143921,0.09241541475057602,1.0,,,0.006026910617947578
TIME,Gogh_l0.1,down_blocks.2.attentions.0.transformer_blocks.0.attn2.to_v.weight,0.0043697659857571125,smoothquant_a85,4,0.09038187749683857,0.5830649733543396,0.12801004946231842,0.053168706595897675,1.0,,,0.006026910617947578
TIME,Gogh_l0.1,down_blocks.2.attentions.0.transformer_blocks.0.attn2.to_v.weight,0.0043697659857571125,smoothquant_a85,16,0.09026444796472788,0.28437891602516174,0.03444010391831398,0.03113654814660549,1.0,,,0.006026910617947578
TIME,Gogh_l0.1,down_blocks.2.attentions.0.transformer_blocks.0.attn2.to_v.weight,0.0043697659857571125,awq_a50,1,0.09536539763212204,1.0098011493682861,0.5481832027435303,0.08648063242435455,1.0,,,0.006026910617947578
TIME,Gogh_l0.1,down_blocks.2.attentions.0.transformer_blocks.0.attn2.to_v.weight,0.0043697659857571125,awq_a50,4,0.09552612528204918,0.55194091796875,0.0547434501349926,0.048966582864522934,0.9999997466802597,,,0.006026910617947578
TIME,Gogh_l0.1,down_blocks.2.attentions.0.transformer_blocks.0.attn2.to_v.weight,0.0043697659857571125,awq_a50,16,0.09549954766407609,0.2665642499923706,0.011098225601017475,0.02900145947933197,0.9999999366700649,,,0.006026910617947578
TIME,Gogh_l0.1,down_blocks.2.attentions.1.transformer_blocks.0.attn2.to_k.weight,0.007403105963021517,w_only_int8,0,0.0947621688246727,1.0,0.0,,,0.9995913505554199,0.9987462759017944,
TIME,Gogh_l0.1,down_blocks.2.attentions.1.transformer_blocks.0.attn2.to_k.weight,0.007403105963021517,smoothquant_a50,1,0.09253743290901184,1.0240137577056885,0.5797129273414612,0.08343470841646194,1.0,,,0.005785726476460695
TIME,Gogh_l0.1,down_blocks.2.attentions.1.transformer_blocks.0.attn2.to_k.weight,0.007403105963021517,smoothquant_a50,4,0.09278335608541965,0.5671745538711548,0.08765767514705658,0.048045869916677475,1.0,,,0.005785726476460695
TIME,Gogh_l0.1,down_blocks.2.attentions.1.transformer_blocks.0.attn2.to_k.weight,0.007403105963021517,smoothquant_a50,16,0.0927220662124455,0.2745201289653778,0.02351888082921505,0.028665000572800636,1.0,,,0.005785726476460695
TIME,Gogh_l0.1,down_blocks.2.attentions.1.transformer_blocks.0.attn2.to_k.weight,0.007403105963021517,smoothquant_a75,1,0.0979207381606102,1.0819494724273682,0.7026448845863342,0.09100373089313507,1.0,,,0.005785726476460695
TIME,Gogh_l0.1,down_blocks.2.attentions.1.transformer_blocks.0.attn2.to_k.weight,0.007403105963021517,smoothquant_a75,4,0.0980812069028616,0.6200922131538391,0.17111001908779144,0.05436647683382034,1.0,,,0.005785726476460695
TIME,Gogh_l0.1,down_blocks.2.attentions.1.transformer_blocks.0.attn2.to_k.weight,0.007403105963021517,smoothquant_a75,16,0.09798539476469159,0.2934141755104065,0.04070841521024704,0.03122744709253311,1.0,,,0.005785726476460695
TIME,Gogh_l0.1,down_blocks.2.attentions.1.transformer_blocks.0.attn2.to_k.weight,0.007403105963021517,smoothquant_a85,1,0.09968973696231842,1.131230354309082,0.7614166140556335,0.09699088335037231,1.0,,,0.005785726476460695
TIME,Gogh_l0.1,down_blocks.2.attentions.1.transformer_blocks.0.attn2.to_k.weight,0.007403105963021517,smoothquant_a85,4,0.10008442960679531,0.6753813624382019,0.23311766982078552,0.059865593910217285,1.0,,,0.005785726476460695
TIME,Gogh_l0.1,down_blocks.2.attentions.1.transformer_blocks.0.attn2.to_k.weight,0.007403105963021517,smoothquant_a85,16,0.09990081796422601,0.3141815960407257,0.05769551545381546,0.033895865082740784,1.0,,,0.005785726476460695
TIME,Gogh_l0.1,down_blocks.2.attentions.1.transformer_blocks.0.attn2.to_k.weight,0.007403105963021517,awq_a50,1,0.0972239151597023,1.0326664447784424,0.6416890621185303,0.08627679198980331,1.0,,,0.005785726476460695
TIME,Gogh_l0.1,down_blocks.2.attentions.1.transformer_blocks.0.attn2.to_k.weight,0.007403105963021517,awq_a50,4,0.09738693200051785,0.5990562438964844,0.12151183933019638,0.05131086707115173,1.0,,,0.005785726476460695
TIME,Gogh_l0.1,down_blocks.2.attentions.1.transformer_blocks.0.attn2.to_k.weight,0.007403105963021517,awq_a50,16,0.0971753429621458,0.2824549674987793,0.026947021484375,0.02967652678489685,0.9999998733401299,,,0.005785726476460695
TIME,Gogh_l0.1,down_blocks.2.attentions.1.transformer_blocks.0.attn2.to_v.weight,0.004542263224720955,w_only_int8,0,0.10264281928539276,1.0,0.0,,,0.9997419118881226,0.9986407160758972,
TIME,Gogh_l0.1,down_blocks.2.attentions.1.transformer_blocks.0.attn2.to_v.weight,0.004542263224720955,smoothquant_a50,1,0.0960235595703125,0.997185230255127,0.4920969605445862,0.08502326160669327,1.0,,,0.005987789481878281
TIME,Gogh_l0.1,down_blocks.2.attentions.1.transformer_blocks.0.attn2.to_v.weight,0.004542263224720955,smoothquant_a50,4,0.09607060812413692,0.548024594783783,0.07788289338350296,0.04865382984280586,1.0,,,0.005987789481878281
TIME,Gogh_l0.1,down_blocks.2.attentions.1.transformer_blocks.0.attn2.to_v.weight,0.004542263224720955,smoothquant_a50,16,0.09616438578814268,0.2667006254196167,0.023193359375,0.02917366661131382,1.0,,,0.005987789481878281
TIME,Gogh_l0.1,down_blocks.2.attentions.1.transformer_blocks.0.attn2.to_v.weight,0.004542263224720955,smoothquant_a75,1,0.09438680112361908,1.0320401191711426,0.5869303345680237,0.08874420076608658,1.0,,,0.005987789481878281
TIME,Gogh_l0.1,down_blocks.2.attentions.1.transformer_blocks.0.attn2.to_v.weight,0.004542263224720955,smoothquant_a75,4,0.09412205964326859,0.561224639415741,0.10214843600988388,0.05060765892267227,1.0,,,0.005987789481878281
TIME,Gogh_l0.1,down_blocks.2.attentions.1.transformer_blocks.0.attn2.to_v.weight,0.004542263224720955,smoothquant_a75,16,0.09418220538645983,0.27531442046165466,0.03069559670984745,0.030022643506526947,1.0,,,0.005987789481878281
TIME,Gogh_l0.1,down_blocks.2.attentions.1.transformer_blocks.0.attn2.to_v.weight,0.004542263224720955,smoothquant_a85,1,0.09380798041820526,1.0526188611984253,0.6334767937660217,0.09092739969491959,1.0,,,0.005987789481878281
TIME,Gogh_l0.1,down_blocks.2.attentions.1.transformer_blocks.0.attn2.to_v.weight,0.004542263224720955,smoothquant_a85,4,0.09339752048254013,0.5744070410728455,0.12012328952550888,0.05212939903140068,1.0,,,0.005987789481878281
TIME,Gogh_l0.1,down_blocks.2.attentions.1.transformer_blocks.0.attn2.to_v.weight,0.004542263224720955,smoothquant_a85,16,0.09346408816054463,0.2844878137111664,0.03783874586224556,0.031148754060268402,1.0,,,0.005987789481878281
TIME,Gogh_l0.1,down_blocks.2.attentions.1.transformer_blocks.0.attn2.to_v.weight,0.004542263224720955,awq_a50,1,0.09973754733800888,1.0097565650939941,0.5492746829986572,0.08558683097362518,1.0,,,0.005987789481878281
TIME,Gogh_l0.1,down_blocks.2.attentions.1.transformer_blocks.0.attn2.to_v.weight,0.004542263224720955,awq_a50,4,0.09966227412223816,0.5488337874412537,0.04717305675148964,0.04824189096689224,1.0,,,0.005987789481878281
TIME,Gogh_l0.1,down_blocks.2.attentions.1.transformer_blocks.0.attn2.to_v.weight,0.004542263224720955,awq_a50,16,0.09965527895838022,0.2664737403392792,0.009328206069767475,0.028777606785297394,0.9999999366700649,,,0.005987789481878281
TIME,Gogh_l0.1,up_blocks.1.attentions.0.transformer_blocks.0.attn2.to_k.weight,0.008218124508857727,w_only_int8,0,0.09496968239545822,1.0,0.0,,,0.9995405673980713,0.9988390207290649,
TIME,Gogh_l0.1,up_blocks.1.attentions.0.transformer_blocks.0.attn2.to_k.weight,0.008218124508857727,smoothquant_a50,1,0.0920664444565773,1.0116709470748901,0.5440419316291809,0.08017068356275558,1.0,,,0.00586047163233161
TIME,Gogh_l0.1,up_blocks.1.attentions.0.transformer_blocks.0.attn2.to_k.weight,0.008218124508857727,smoothquant_a50,4,0.09203974343836308,0.5524799227714539,0.0708109512925148,0.04585493355989456,1.0,,,0.00586047163233161
TIME,Gogh_l0.1,up_blocks.1.attentions.0.transformer_blocks.0.attn2.to_k.weight,0.008218124508857727,smoothquant_a50,16,0.09199295146390796,0.2661825716495514,0.01889648474752903,0.027216559275984764,1.0,,,0.00586047163233161
TIME,Gogh_l0.1,up_blocks.1.attentions.0.transformer_blocks.0.attn2.to_k.weight,0.008218124508857727,smoothquant_a75,1,0.096038818359375,1.0549736022949219,0.6531219482421875,0.0854794904589653,1.0,,,0.00586047163233161
TIME,Gogh_l0.1,up_blocks.1.attentions.0.transformer_blocks.0.attn2.to_k.weight,0.008218124508857727,smoothquant_a75,4,0.09572118148207664,0.5843088626861572,0.12676188349723816,0.049963079392910004,1.0,,,0.00586047163233161
TIME,Gogh_l0.1,up_blocks.1.attentions.0.transformer_blocks.0.attn2.to_k.weight,0.008218124508857727,smoothquant_a75,16,0.095333990175277,0.2764796018600464,0.02751668356359005,0.028658084571361542,1.0,,,0.00586047163233161
TIME,Gogh_l0.1,up_blocks.1.attentions.0.transformer_blocks.0.attn2.to_k.weight,0.008218124508857727,smoothquant_a85,1,0.09607849270105362,1.0881576538085938,0.706591784954071,0.08933550119400024,1.0,,,0.00586047163233161
TIME,Gogh_l0.1,up_blocks.1.attentions.0.transformer_blocks.0.attn2.to_k.weight,0.008218124508857727,smoothquant_a85,4,0.095952607691288,0.6176731586456299,0.1714223176240921,0.053452540189027786,1.0,,,0.00586047163233161
TIME,Gogh_l0.1,up_blocks.1.attentions.0.transformer_blocks.0.attn2.to_k.weight,0.008218124508857727,smoothquant_a85,16,0.09549090079963207,0.290701687335968,0.03721415251493454,0.030502641573548317,1.0,,,0.00586047163233161
TIME,Gogh_l0.1,up_blocks.1.attentions.0.transformer_blocks.0.attn2.to_k.weight,0.008218124508857727,awq_a50,1,0.0939788818359375,1.0181117057800293,0.5851094722747803,0.08139700442552567,1.0,,,0.00586047163233161
TIME,Gogh_l0.1,up_blocks.1.attentions.0.transformer_blocks.0.attn2.to_k.weight,0.008218124508857727,awq_a50,4,0.09384587593376637,0.5694291591644287,0.0808766707777977,0.047335244715213776,1.0,,,0.00586047163233161
TIME,Gogh_l0.1,up_blocks.1.attentions.0.transformer_blocks.0.attn2.to_k.weight,0.008218124508857727,awq_a50,16,0.0937918983399868,0.2710000276565552,0.01721394807100296,0.02765612117946148,0.9999996200203896,,,0.00586047163233161
TIME,Gogh_l0.1,up_blocks.1.attentions.0.transformer_blocks.0.attn2.to_v.weight,0.005899046082049608,w_only_int8,0,0.09938354790210724,1.0,0.0,,,0.9996175765991211,0.9987301230430603,
TIME,Gogh_l0.1,up_blocks.1.attentions.0.transformer_blocks.0.attn2.to_v.weight,0.005899046082049608,smoothquant_a50,1,0.08741353452205658,0.995104193687439,0.4842946231365204,0.08233710378408432,1.0,,,0.005819796584546566
TIME,Gogh_l0.1,up_blocks.1.attentions.0.transformer_blocks.0.attn2.to_v.weight,0.005899046082049608,smoothquant_a50,4,0.08731638640165329,0.5404994487762451,0.06162821501493454,0.04668484628200531,1.0,,,0.005819796584546566
TIME,Gogh_l0.1,up_blocks.1.attentions.0.transformer_blocks.0.attn2.to_v.weight,0.005899046082049608,smoothquant_a50,16,0.08727645874023438,0.2645952105522156,0.014728800393640995,0.027867183089256287,1.0,,,0.005819796584546566
TIME,Gogh_l0.1,up_blocks.1.attentions.0.transformer_blocks.0.attn2.to_v.weight,0.005899046082049608,smoothquant_a75,1,0.0871378555893898,1.0249725580215454,0.5739156007766724,0.08497624844312668,1.0,,,0.005819796584546566
TIME,Gogh_l0.1,up_blocks.1.attentions.0.transformer_blocks.0.attn2.to_v.weight,0.005899046082049608,smoothquant_a75,4,0.0870363861322403,0.5484172701835632,0.07801005244255066,0.047686439007520676,1.0,,,0.005819796584546566
TIME,Gogh_l0.1,up_blocks.1.attentions.0.transformer_blocks.0.attn2.to_v.weight,0.005899046082049608,smoothquant_a75,16,0.08712030993774533,0.26904258131980896,0.01675618439912796,0.027926119044423103,1.0,,,0.005819796584546566
TIME,Gogh_l0.1,up_blocks.1.attentions.0.transformer_blocks.0.attn2.to_v.weight,0.005899046082049608,smoothquant_a85,1,0.08704528957605362,1.0415080785751343,0.6141387820243835,0.08638203889131546,1.0,,,0.005819796584546566
TIME,Gogh_l0.1,up_blocks.1.attentions.0.transformer_blocks.0.attn2.to_v.weight,0.005899046082049608,smoothquant_a85,4,0.08725560456514359,0.5550166368484497,0.0885772705078125,0.048400912433862686,1.0,,,0.005819796584546566
TIME,Gogh_l0.1,up_blocks.1.attentions.0.transformer_blocks.0.attn2.to_v.weight,0.005899046082049608,smoothquant_a85,16,0.0873167677782476,0.2724755108356476,0.01916605606675148,0.028219018131494522,1.0,,,0.005819796584546566
TIME,Gogh_l0.1,up_blocks.1.attentions.0.transformer_blocks.0.attn2.to_v.weight,0.005899046082049608,awq_a50,1,0.0963846817612648,1.0080972909927368,0.5414652228355408,0.08342482149600983,1.0,,,0.005819796584546566
TIME,Gogh_l0.1,up_blocks.1.attentions.0.transformer_blocks.0.attn2.to_v.weight,0.005899046082049608,awq_a50,4,0.09637095220386982,0.5443992018699646,0.0426584891974926,0.04683731496334076,0.9999994933605194,,,0.005819796584546566
TIME,Gogh_l0.1,up_blocks.1.attentions.0.transformer_blocks.0.attn2.to_v.weight,0.005899046082049608,awq_a50,16,0.09655869798734784,0.2670096158981323,0.008084106259047985,0.028038756921887398,0.9999992400407791,,,0.005819796584546566
TIME,Gogh_l0.1,up_blocks.1.attentions.1.transformer_blocks.0.attn2.to_k.weight,0.008198901079595089,w_only_int8,0,0.10011494904756546,1.0,0.0,,,0.9996641874313354,0.9986922144889832,
TIME,Gogh_l0.1,up_blocks.1.attentions.1.transformer_blocks.0.attn2.to_k.weight,0.008198901079595089,smoothquant_a50,1,0.09769795835018158,1.014417290687561,0.5486724972724915,0.08425479382276535,1.0,,,0.0057953172363340855
TIME,Gogh_l0.1,up_blocks.1.attentions.1.transformer_blocks.0.attn2.to_k.weight,0.008198901079595089,smoothquant_a50,4,0.09814224392175674,0.5504939556121826,0.07022196799516678,0.04788189381361008,1.0,,,0.0057953172363340855
TIME,Gogh_l0.1,up_blocks.1.attentions.1.transformer_blocks.0.attn2.to_k.weight,0.008198901079595089,smoothquant_a50,16,0.09809214202687144,0.2681829333305359,0.02049967460334301,0.028845278546214104,1.0,,,0.0057953172363340855
TIME,Gogh_l0.1,up_blocks.1.attentions.1.transformer_blocks.0.attn2.to_k.weight,0.008198901079595089,smoothquant_a75,1,0.1016794815659523,1.053972840309143,0.6479451656341553,0.08938182145357132,1.0,,,0.0057953172363340855
TIME,Gogh_l0.1,up_blocks.1.attentions.1.transformer_blocks.0.attn2.to_k.weight,0.008198901079595089,smoothquant_a75,4,0.10171813890337944,0.5796431303024292,0.12043558806180954,0.05205995589494705,1.0,,,0.0057953172363340855
TIME,Gogh_l0.1,up_blocks.1.attentions.1.transformer_blocks.0.attn2.to_k.weight,0.008198901079595089,smoothquant_a75,16,0.10140679683536291,0.27711454033851624,0.02921549417078495,0.03026922419667244,1.0,,,0.0057953172363340855
TIME,Gogh_l0.1,up_blocks.1.attentions.1.transformer_blocks.0.attn2.to_k.weight,0.008198901079595089,smoothquant_a85,1,0.10185547173023224,1.0856233835220337,0.7012186646461487,0.0932440310716629,1.0,,,0.0057953172363340855
TIME,Gogh_l0.1,up_blocks.1.attentions.1.transformer_blocks.0.attn2.to_k.weight,0.008198901079595089,smoothquant_a85,4,0.10209681279957294,0.6082565784454346,0.1609293669462204,0.05539048835635185,1.0,,,0.0057953172363340855
TIME,Gogh_l0.1,up_blocks.1.attentions.1.transformer_blocks.0.attn2.to_k.weight,0.008198901079595089,smoothquant_a85,16,0.10171794891357422,0.28967735171318054,0.0380910225212574,0.03197581321001053,1.0,,,0.0057953172363340855
TIME,Gogh_l0.1,up_blocks.1.attentions.1.transformer_blocks.0.attn2.to_k.weight,0.008198901079595089,awq_a50,1,0.0999298095703125,1.0182167291641235,0.5860728025436401,0.08509892970323563,1.0,,,0.0057953172363340855
TIME,Gogh_l0.1,up_blocks.1.attentions.1.transformer_blocks.0.attn2.to_k.weight,0.008198901079595089,awq_a50,4,0.1000595074146986,0.5640713572502136,0.07732442021369934,0.04911293461918831,1.0,,,0.0057953172363340855
TIME,Gogh_l0.1,up_blocks.1.attentions.1.transformer_blocks.0.attn2.to_k.weight,0.008198901079595089,awq_a50,16,0.09985713986679912,0.26942920684814453,0.01848449744284153,0.02901085838675499,0.9999998733401299,,,0.0057953172363340855
TIME,Gogh_l0.1,up_blocks.1.attentions.1.transformer_blocks.0.attn2.to_v.weight,0.006371726747602224,w_only_int8,0,0.10254008322954178,1.0,0.0,,,0.9996963143348694,0.998562753200531,
TIME,Gogh_l0.1,up_blocks.1.attentions.1.transformer_blocks.0.attn2.to_v.weight,0.006371726747602224,smoothquant_a50,1,0.08842875063419342,0.9863781929016113,0.4566548764705658,0.08578256517648697,1.0,,,0.005974507424980402
TIME,Gogh_l0.1,up_blocks.1.attentions.1.transformer_blocks.0.attn2.to_v.weight,0.006371726747602224,smoothquant_a50,4,0.08832626231014729,0.5366712212562561,0.05721944198012352,0.0488458052277565,1.0,,,0.005974507424980402
TIME,Gogh_l0.1,up_blocks.1.attentions.1.transformer_blocks.0.attn2.to_v.weight,0.006371726747602224,smoothquant_a50,16,0.08814989728853106,0.259499728679657,0.013585408218204975,0.028872331604361534,1.0,,,0.005974507424980402
TIME,Gogh_l0.1,up_blocks.1.attentions.1.transformer_blocks.0.attn2.to_v.weight,0.006371726747602224,smoothquant_a75,1,0.09001465141773224,1.0179798603057861,0.5548258423805237,0.08862487226724625,1.0,,,0.005974507424980402
TIME,Gogh_l0.1,up_blocks.1.attentions.1.transformer_blocks.0.attn2.to_v.weight,0.006371726747602224,smoothquant_a75,4,0.08982823975384235,0.5440745949745178,0.070404052734375,0.04975206404924393,1.0,,,0.005974507424980402
TIME,Gogh_l0.1,up_blocks.1.attentions.1.transformer_blocks.0.attn2.to_v.weight,0.006371726747602224,smoothquant_a75,16,0.08972670370712876,0.2634994685649872,0.014170329086482525,0.02880127541720867,1.0,,,0.005974507424980402
TIME,Gogh_l0.1,up_blocks.1.attentions.1.transformer_blocks.0.attn2.to_v.weight,0.006371726747602224,smoothquant_a85,1,0.09105122834444046,1.0348811149597168,0.5993662476539612,0.09017594903707504,1.0,,,0.005974507424980402
TIME,Gogh_l0.1,up_blocks.1.attentions.1.transformer_blocks.0.attn2.to_v.weight,0.006371726747602224,smoothquant_a85,4,0.09088439866900444,0.550116240978241,0.08042297512292862,0.05050872266292572,1.0,,,0.005974507424980402
TIME,Gogh_l0.1,up_blocks.1.attentions.1.transformer_blocks.0.attn2.to_v.weight,0.006371726747602224,smoothquant_a85,16,0.09075520792976022,0.26760029792785645,0.015535482205450535,0.029071029275655746,1.0,,,0.005974507424980402
TIME,Gogh_l0.1,up_blocks.1.attentions.1.transformer_blocks.0.attn2.to_v.weight,0.006371726747602224,awq_a50,1,0.10024210810661316,1.0087974071502686,0.5453440546989441,0.08768689632415771,1.0,,,0.005974507424980402
TIME,Gogh_l0.1,up_blocks.1.attentions.1.transformer_blocks.0.attn2.to_v.weight,0.006371726747602224,awq_a50,4,0.10032043606042862,0.5492942929267883,0.04552408680319786,0.049676425755023956,0.9999997466802597,,,0.005974507424980402
TIME,Gogh_l0.1,up_blocks.1.attentions.1.transformer_blocks.0.attn2.to_v.weight,0.006371726747602224,awq_a50,16,0.10036951676011086,0.26606881618499756,0.007901000790297985,0.029504090547561646,0.9999995566904545,,,0.005974507424980402
TIME,Gogh_l0.1,up_blocks.1.attentions.2.transformer_blocks.0.attn2.to_k.weight,0.008388777263462543,w_only_int8,0,0.09530945122241974,1.0,0.0,,,0.9996665120124817,0.9987611174583435,
TIME,Gogh_l0.1,up_blocks.1.attentions.2.transformer_blocks.0.attn2.to_k.weight,0.008388777263462543,smoothquant_a50,1,0.09304402768611908,1.0183781385421753,0.5646759271621704,0.08270949870347977,1.0,,,0.006084929220378399
TIME,Gogh_l0.1,up_blocks.1.attentions.2.transformer_blocks.0.attn2.to_k.weight,0.008388777263462543,smoothquant_a50,4,0.09323476068675518,0.5633912086486816,0.08195393532514572,0.04761217162013054,1.0,,,0.006084929220378399
TIME,Gogh_l0.1,up_blocks.1.attentions.2.transformer_blocks.0.attn2.to_k.weight,0.008388777263462543,smoothquant_a50,16,0.09335835790261626,0.2700236141681671,0.02199503593146801,0.028290098533034325,1.0,,,0.006084929220378399
TIME,Gogh_l0.1,up_blocks.1.attentions.2.transformer_blocks.0.attn2.to_k.weight,0.008388777263462543,smoothquant_a75,1,0.09614766389131546,1.0693897008895874,0.6821848750114441,0.08875724673271179,1.0,,,0.006084929220378399
TIME,Gogh_l0.1,up_blocks.1.attentions.2.transformer_blocks.0.attn2.to_k.weight,0.008388777263462543,smoothquant_a75,4,0.09632492065429688,0.5993035435676575,0.14291483163833618,0.0522124208509922,1.0,,,0.006084929220378399
TIME,Gogh_l0.1,up_blocks.1.attentions.2.transformer_blocks.0.attn2.to_k.weight,0.008388777263462543,smoothquant_a75,16,0.09630749933421612,0.28555259108543396,0.03516744077205658,0.030376380309462547,1.0,,,0.006084929220378399
TIME,Gogh_l0.1,up_blocks.1.attentions.2.transformer_blocks.0.attn2.to_k.weight,0.008388777263462543,smoothquant_a85,1,0.09796752780675888,1.1082587242126465,0.7373412847518921,0.09311184287071228,1.0,,,0.006084929220378399
TIME,Gogh_l0.1,up_blocks.1.attentions.2.transformer_blocks.0.attn2.to_k.weight,0.008388777263462543,smoothquant_a85,4,0.0980049129575491,0.6353758573532104,0.18931986391544342,0.05603041872382164,1.0,,,0.006084929220378399
TIME,Gogh_l0.1,up_blocks.1.attentions.2.transformer_blocks.0.attn2.to_k.weight,0.008388777263462543,smoothquant_a85,16,0.09774761134758592,0.30166634917259216,0.0471852608025074,0.03245488554239273,1.0,,,0.006084929220378399
TIME,Gogh_l0.1,up_blocks.1.attentions.2.transformer_blocks.0.attn2.to_k.weight,0.008388777263462543,awq_a50,1,0.09554646909236908,1.0240172147750854,0.6096018552780151,0.08376117050647736,1.0,,,0.006084929220378399
TIME,Gogh_l0.1,up_blocks.1.attentions.2.transformer_blocks.0.attn2.to_k.weight,0.008388777263462543,awq_a50,4,0.09529240988194942,0.5722635388374329,0.08763936161994934,0.048593804240226746,1.0,,,0.006084929220378399
TIME,Gogh_l0.1,up_blocks.1.attentions.2.transformer_blocks.0.attn2.to_k.weight,0.008388777263462543,awq_a50,16,0.0952540086582303,0.2754482626914978,0.02126871794462204,0.028782768175005913,0.9999997466802597,,,0.006084929220378399
TIME,Gogh_l0.1,up_blocks.1.attentions.2.transformer_blocks.0.attn2.to_v.weight,0.006019528489559889,w_only_int8,0,0.10321146994829178,1.0,0.0,,,0.9995588064193726,0.9986001253128052,
TIME,Gogh_l0.1,up_blocks.1.attentions.2.transformer_blocks.0.attn2.to_v.weight,0.006019528489559889,smoothquant_a50,1,0.08839823305606842,0.9714422821998596,0.4202463924884796,0.08315455913543701,1.0,,,0.006076218094676733
TIME,Gogh_l0.1,up_blocks.1.attentions.2.transformer_blocks.0.attn2.to_v.weight,0.006019528489559889,smoothquant_a50,4,0.08827311173081398,0.5226675271987915,0.05348917469382286,0.04681466147303581,1.0,,,0.006076218094676733
TIME,Gogh_l0.1,up_blocks.1.attentions.2.transformer_blocks.0.attn2.to_v.weight,0.006019528489559889,smoothquant_a50,16,0.08838361082598567,0.2554647922515869,0.013584391213953495,0.027927929535508156,1.0,,,0.006076218094676733
TIME,Gogh_l0.1,up_blocks.1.attentions.2.transformer_blocks.0.attn2.to_v.weight,0.006019528489559889,smoothquant_a75,1,0.09023335576057434,1.0088615417480469,0.5257171392440796,0.0863145962357521,1.0,,,0.006076218094676733
TIME,Gogh_l0.1,up_blocks.1.attentions.2.transformer_blocks.0.attn2.to_v.weight,0.006019528489559889,smoothquant_a75,4,0.08993759006261826,0.534376323223114,0.06707458198070526,0.048083215951919556,1.0,,,0.006076218094676733
TIME,Gogh_l0.1,up_blocks.1.attentions.2.transformer_blocks.0.attn2.to_v.weight,0.006019528489559889,smoothquant_a75,16,0.08994859037920833,0.26102617383003235,0.014545694924890995,0.028081774711608887,1.0,,,0.006076218094676733
TIME,Gogh_l0.1,up_blocks.1.attentions.2.transformer_blocks.0.attn2.to_v.weight,0.006019528489559889,smoothquant_a85,1,0.09139811247587204,1.030341386795044,0.5825245976448059,0.08828727900981903,1.0,,,0.006076218094676733
TIME,Gogh_l0.1,up_blocks.1.attentions.2.transformer_blocks.0.attn2.to_v.weight,0.006019528489559889,smoothquant_a85,4,0.0914258323609829,0.5432097911834717,0.08026123046875,0.04916326329112053,1.0,,,0.006076218094676733
TIME,Gogh_l0.1,up_blocks.1.attentions.2.transformer_blocks.0.attn2.to_v.weight,0.006019528489559889,smoothquant_a85,16,0.09149360656738281,0.2668265402317047,0.01663309708237648,0.028551651164889336,1.0,,,0.006076218094676733
TIME,Gogh_l0.1,up_blocks.1.attentions.2.transformer_blocks.0.attn2.to_v.weight,0.006019528489559889,awq_a50,1,0.100433349609375,1.0071067810058594,0.5362823605537415,0.08597993105649948,1.0,,,0.006076218094676733
TIME,Gogh_l0.1,up_blocks.1.attentions.2.transformer_blocks.0.attn2.to_v.weight,0.006019528489559889,awq_a50,4,0.10030263289809227,0.5499240159988403,0.04538167268037796,0.048718564212322235,0.9999994933605194,,,0.006076218094676733
TIME,Gogh_l0.1,up_blocks.1.attentions.2.transformer_blocks.0.attn2.to_v.weight,0.006019528489559889,awq_a50,16,0.10033734701573849,0.2655099332332611,0.00839335098862648,0.028986869379878044,0.9999996833503246,,,0.006076218094676733
TIME,Gogh_l0.1,up_blocks.2.attentions.0.transformer_blocks.0.attn2.to_k.weight,0.010008784011006355,w_only_int8,0,0.0934855118393898,1.0,0.0,,,0.9997928738594055,0.9989439845085144,
TIME,Gogh_l0.1,up_blocks.2.attentions.0.transformer_blocks.0.attn2.to_k.weight,0.010008784011006355,smoothquant_a50,1,0.09247436374425888,1.0238308906555176,0.5721781253814697,0.07890468835830688,1.0,,,0.006517012137919664
TIME,Gogh_l0.1,up_blocks.2.attentions.0.transformer_blocks.0.attn2.to_k.weight,0.010008784011006355,smoothquant_a50,4,0.09233398362994194,0.6020407676696777,0.12080485373735428,0.04796038940548897,1.0,,,0.006517012137919664
TIME,Gogh_l0.1,up_blocks.2.attentions.0.transformer_blocks.0.attn2.to_k.weight,0.010008784011006355,smoothquant_a50,16,0.0921549485065043,0.28749218583106995,0.03375244140625,0.028881963342428207,1.0,,,0.006517012137919664
TIME,Gogh_l0.1,up_blocks.2.attentions.0.transformer_blocks.0.attn2.to_k.weight,0.010008784011006355,smoothquant_a75,1,0.10567016899585724,1.1984269618988037,0.804272472858429,0.09497154504060745,1.0,,,0.006517012137919664
TIME,Gogh_l0.1,up_blocks.2.attentions.0.transformer_blocks.0.attn2.to_k.weight,0.010008784011006355,smoothquant_a75,4,0.10506897233426571,0.7481992244720459,0.29893189668655396,0.061279091984033585,1.0,,,0.006517012137919664
TIME,Gogh_l0.1,up_blocks.2.attentions.0.transformer_blocks.0.attn2.to_k.weight,0.010008784011006355,smoothquant_a75,16,0.10483029671013355,0.3527342677116394,0.09311726689338684,0.03658348694443703,1.0,,,0.006517012137919664
TIME,Gogh_l0.1,up_blocks.2.attentions.0.transformer_blocks.0.attn2.to_k.weight,0.010008784011006355,smoothquant_a85,1,0.1147969588637352,1.3294013738632202,0.8735982179641724,0.10491795837879181,1.0,,,0.006517012137919664
TIME,Gogh_l0.1,up_blocks.2.attentions.0.transformer_blocks.0.attn2.to_k.weight,0.010008784011006355,smoothquant_a85,4,0.11442260816693306,0.8441159129142761,0.3873738646507263,0.0694519430398941,1.0,,,0.006517012137919664
TIME,Gogh_l0.1,up_blocks.2.attentions.0.transformer_blocks.0.attn2.to_k.weight,0.010008784011006355,smoothquant_a85,16,0.1137791951186955,0.401363343000412,0.13218383491039276,0.04190827161073685,1.0,,,0.006517012137919664
TIME,Gogh_l0.1,up_blocks.2.attentions.0.transformer_blocks.0.attn2.to_k.weight,0.010008784011006355,awq_a50,1,0.10236816108226776,1.0942541360855103,0.75592041015625,0.08730629086494446,1.0,,,0.006517012137919664
TIME,Gogh_l0.1,up_blocks.2.attentions.0.transformer_blocks.0.attn2.to_k.weight,0.010008784011006355,awq_a50,4,0.10257364995777607,0.6997767090797424,0.23441976308822632,0.055814966559410095,0.9999994933605194,,,0.006517012137919664
TIME,Gogh_l0.1,up_blocks.2.attentions.0.transformer_blocks.0.attn2.to_k.weight,0.010008784011006355,awq_a50,16,0.10234514949843287,0.3290276825428009,0.07213745266199112,0.03329683467745781,0.9999994933605194,,,0.006517012137919664
TIME,Gogh_l0.1,up_blocks.2.attentions.0.transformer_blocks.0.attn2.to_v.weight,0.00835126731544733,w_only_int8,0,0.09912719577550888,1.0,0.0,,,0.9997555613517761,0.9986441731452942,
TIME,Gogh_l0.1,up_blocks.2.attentions.0.transformer_blocks.0.attn2.to_v.weight,0.00835126731544733,smoothquant_a50,1,0.08432413637638092,0.938892662525177,0.34251099824905396,0.07974815368652344,1.0,,,0.006209953222423792
TIME,Gogh_l0.1,up_blocks.2.attentions.0.transformer_blocks.0.attn2.to_v.weight,0.00835126731544733,smoothquant_a50,4,0.08458862267434597,0.515878438949585,0.04518025740981102,0.045430369675159454,1.0,,,0.006209953222423792
TIME,Gogh_l0.1,up_blocks.2.attentions.0.transformer_blocks.0.attn2.to_v.weight,0.00835126731544733,smoothquant_a50,16,0.08460934925824404,0.2518123388290405,0.011525471694767475,0.027106473222374916,1.0,,,0.006209953222423792
TIME,Gogh_l0.1,up_blocks.2.attentions.0.transformer_blocks.0.attn2.to_v.weight,0.00835126731544733,smoothquant_a75,1,0.08884887397289276,1.0074597597122192,0.5206298828125,0.08566703647375107,1.0,,,0.006209953222423792
TIME,Gogh_l0.1,up_blocks.2.attentions.0.transformer_blocks.0.attn2.to_v.weight,0.00835126731544733,smoothquant_a75,4,0.08846638910472393,0.5491405725479126,0.07862956076860428,0.04864642769098282,1.0,,,0.006209953222423792
TIME,Gogh_l0.1,up_blocks.2.attentions.0.transformer_blocks.0.attn2.to_v.weight,0.00835126731544733,smoothquant_a75,16,0.08844400988891721,0.26616260409355164,0.01700846292078495,0.02819843403995037,1.0,,,0.006209953222423792
TIME,Gogh_l0.1,up_blocks.2.attentions.0.transformer_blocks.0.attn2.to_v.weight,0.00835126731544733,smoothquant_a85,1,0.090240478515625,1.0413044691085815,0.6072367429733276,0.08868899941444397,1.0,,,0.006209953222423792
TIME,Gogh_l0.1,up_blocks.2.attentions.0.transformer_blocks.0.attn2.to_v.weight,0.00835126731544733,smoothquant_a85,4,0.09062906913459301,0.5653623342514038,0.10059814155101776,0.05040949955582619,1.0,,,0.006209953222423792
TIME,Gogh_l0.1,up_blocks.2.attentions.0.transformer_blocks.0.attn2.to_v.weight,0.00835126731544733,smoothquant_a85,16,0.0903212227858603,0.2752150595188141,0.021484375,0.029042039066553116,1.0,,,0.006209953222423792
TIME,Gogh_l0.1,up_blocks.2.attentions.0.transformer_blocks.0.attn2.to_v.weight,0.00835126731544733,awq_a50,1,0.09710693359375,1.0191450119018555,0.5946004390716553,0.08566538244485855,1.0,,,0.006209953222423792
TIME,Gogh_l0.1,up_blocks.2.attentions.0.transformer_blocks.0.attn2.to_v.weight,0.00835126731544733,awq_a50,4,0.09710896946489811,0.5655136108398438,0.06149495393037796,0.04914742708206177,1.0,,,0.006209953222423792
TIME,Gogh_l0.1,up_blocks.2.attentions.0.transformer_blocks.0.attn2.to_v.weight,0.00835126731544733,awq_a50,16,0.09717076690867543,0.2747911512851715,0.01206868514418602,0.02945222146809101,0.9999994933605194,,,0.006209953222423792
TIME,Gogh_l0.1,up_blocks.2.attentions.1.transformer_blocks.0.attn2.to_k.weight,0.00744222104549408,w_only_int8,0,0.09873046725988388,1.0,0.0,,,0.9995297193527222,0.9986388087272644,
TIME,Gogh_l0.1,up_blocks.2.attentions.1.transformer_blocks.0.attn2.to_k.weight,0.00744222104549408,smoothquant_a50,1,0.09981079399585724,1.030754566192627,0.588055431842804,0.09119720757007599,1.0,,,0.00591644924134016
TIME,Gogh_l0.1,up_blocks.2.attentions.1.transformer_blocks.0.attn2.to_k.weight,0.00744222104549408,smoothquant_a50,4,0.09987843967974186,0.5990840792655945,0.13358764350414276,0.05494784563779831,1.0,,,0.00591644924134016
TIME,Gogh_l0.1,up_blocks.2.attentions.1.transformer_blocks.0.attn2.to_k.weight,0.00744222104549408,smoothquant_a50,16,0.099950663279742,0.2855270504951477,0.0437825508415699,0.03289497271180153,1.0,,,0.00591644924134016
TIME,Gogh_l0.1,up_blocks.2.attentions.1.transformer_blocks.0.attn2.to_k.weight,0.00744222104549408,smoothquant_a75,1,0.11120808869600296,1.1392393112182617,0.7667317986488342,0.10615767538547516,1.0,,,0.00591644924134016
TIME,Gogh_l0.1,up_blocks.2.attentions.1.transformer_blocks.0.attn2.to_k.weight,0.00744222104549408,smoothquant_a75,4,0.11118367500603199,0.7075140476226807,0.2631734311580658,0.06766372174024582,1.0,,,0.00591644924134016
TIME,Gogh_l0.1,up_blocks.2.attentions.1.transformer_blocks.0.attn2.to_k.weight,0.00744222104549408,smoothquant_a75,16,0.11050249729305506,0.3256058096885681,0.08049723505973816,0.039756037294864655,1.0,,,0.00591644924134016
TIME,Gogh_l0.1,up_blocks.2.attentions.1.transformer_blocks.0.attn2.to_k.weight,0.00744222104549408,smoothquant_a85,1,0.11698811501264572,1.23792564868927,0.8392130732536316,0.11603430658578873,1.0,,,0.00591644924134016
TIME,Gogh_l0.1,up_blocks.2.attentions.1.transformer_blocks.0.attn2.to_k.weight,0.00744222104549408,smoothquant_a85,4,0.11681264266371727,0.7963013052940369,0.34556275606155396,0.07650652527809143,1.0,,,0.00591644924134016
TIME,Gogh_l0.1,up_blocks.2.attentions.1.transformer_blocks.0.attn2.to_k.weight,0.00744222104549408,smoothquant_a85,16,0.11603075684979558,0.36471959948539734,0.11010538786649704,0.044951703399419785,1.0,,,0.00591644924134016
TIME,Gogh_l0.1,up_blocks.2.attentions.1.transformer_blocks.0.attn2.to_k.weight,0.00744222104549408,awq_a50,1,0.10563557595014572,1.062893033027649,0.7237080931663513,0.09730730950832367,1.0,,,0.00591644924134016
TIME,Gogh_l0.1,up_blocks.2.attentions.1.transformer_blocks.0.attn2.to_k.weight,0.00744222104549408,awq_a50,4,0.10618591122329235,0.6708139777183533,0.20261840522289276,0.06121733412146568,1.0,,,0.00591644924134016
TIME,Gogh_l0.1,up_blocks.2.attentions.1.transformer_blocks.0.attn2.to_k.weight,0.00744222104549408,awq_a50,16,0.10584627743810415,0.30984628200531006,0.06515909731388092,0.03618145361542702,0.9999997466802597,,,0.00591644924134016
TIME,Gogh_l0.1,up_blocks.2.attentions.1.transformer_blocks.0.attn2.to_v.weight,0.004966109991073608,w_only_int8,0,0.11529541015625,1.0,0.0,,,0.9995903372764587,0.998313844203949,
TIME,Gogh_l0.1,up_blocks.2.attentions.1.transformer_blocks.0.attn2.to_v.weight,0.004966109991073608,smoothquant_a50,1,0.1017557755112648,0.9422234892845154,0.36770427227020264,0.08991464227437973,1.0,,,0.005912355147302151
TIME,Gogh_l0.1,up_blocks.2.attentions.1.transformer_blocks.0.attn2.to_v.weight,0.004966109991073608,smoothquant_a50,4,0.10156656801700592,0.5204408168792725,0.06473185122013092,0.051919419318437576,1.0,,,0.005912355147302151
TIME,Gogh_l0.1,up_blocks.2.attentions.1.transformer_blocks.0.attn2.to_v.weight,0.004966109991073608,smoothquant_a50,16,0.10154164582490921,0.25461670756340027,0.01925455778837204,0.031085850670933723,1.0,,,0.005912355147302151
TIME,Gogh_l0.1,up_blocks.2.attentions.1.transformer_blocks.0.attn2.to_v.weight,0.004966109991073608,smoothquant_a75,1,0.104278564453125,1.0052508115768433,0.5133707523345947,0.09633945673704147,1.0,,,0.005912355147302151
TIME,Gogh_l0.1,up_blocks.2.attentions.1.transformer_blocks.0.attn2.to_v.weight,0.004966109991073608,smoothquant_a75,4,0.10440978966653347,0.5560827255249023,0.09697672724723816,0.055739015340805054,1.0,,,0.005912355147302151
TIME,Gogh_l0.1,up_blocks.2.attentions.1.transformer_blocks.0.attn2.to_v.weight,0.004966109991073608,smoothquant_a75,16,0.10444895457476377,0.2717435657978058,0.02877197228372097,0.03314061090350151,1.0,,,0.005912355147302151
TIME,Gogh_l0.1,up_blocks.2.attentions.1.transformer_blocks.0.attn2.to_v.weight,0.004966109991073608,smoothquant_a85,1,0.1066792830824852,1.0388654470443726,0.5948588252067566,0.09996113926172256,1.0,,,0.005912355147302151
TIME,Gogh_l0.1,up_blocks.2.attentions.1.transformer_blocks.0.attn2.to_v.weight,0.004966109991073608,smoothquant_a85,4,0.10642598383128643,0.5759723782539368,0.11896565556526184,0.05795741081237793,1.0,,,0.005912355147302151
TIME,Gogh_l0.1,up_blocks.2.attentions.1.transformer_blocks.0.attn2.to_v.weight,0.004966109991073608,smoothquant_a85,16,0.10632451344281435,0.28423070907592773,0.03614502027630806,0.03459940478205681,1.0,,,0.005912355147302151
TIME,Gogh_l0.1,up_blocks.2.attentions.1.transformer_blocks.0.attn2.to_v.weight,0.004966109991073608,awq_a50,1,0.11302490532398224,1.0153517723083496,0.5724548101425171,0.0958980843424797,1.0,,,0.005912355147302151
TIME,Gogh_l0.1,up_blocks.2.attentions.1.transformer_blocks.0.attn2.to_v.weight,0.004966109991073608,awq_a50,4,0.11286061629652977,0.5676813721656799,0.06475016474723816,0.05549098178744316,0.9999989867210388,,,0.005912355147302151
TIME,Gogh_l0.1,up_blocks.2.attentions.1.transformer_blocks.0.attn2.to_v.weight,0.004966109991073608,awq_a50,16,0.11303405789658427,0.27651214599609375,0.01581420935690403,0.03358658030629158,0.9999997466802597,,,0.005912355147302151
TIME,Gogh_l0.1,up_blocks.2.attentions.2.transformer_blocks.0.attn2.to_k.weight,0.006966614164412022,w_only_int8,0,0.1062215194106102,1.0,0.0,,,0.9995156526565552,0.998473048210144,
TIME,Gogh_l0.1,up_blocks.2.attentions.2.transformer_blocks.0.attn2.to_k.weight,0.006966614164412022,smoothquant_a50,1,0.10638631135225296,1.0278986692428589,0.5801452398300171,0.0976555272936821,1.0,,,0.0059746946208179
TIME,Gogh_l0.1,up_blocks.2.attentions.2.transformer_blocks.0.attn2.to_k.weight,0.006966614164412022,smoothquant_a50,4,0.10661417618393898,0.6009781956672668,0.13755086064338684,0.05893591418862343,1.0,,,0.0059746946208179
TIME,Gogh_l0.1,up_blocks.2.attentions.2.transformer_blocks.0.attn2.to_k.weight,0.006966614164412022,smoothquant_a50,16,0.10645510395988822,0.2835761308670044,0.04757283627986908,0.035349637269973755,1.0,,,0.0059746946208179
TIME,Gogh_l0.1,up_blocks.2.attentions.2.transformer_blocks.0.attn2.to_k.weight,0.006966614164412022,smoothquant_a75,1,0.11735840141773224,1.1332907676696777,0.7547953128814697,0.11157088726758957,1.0,,,0.0059746946208179
TIME,Gogh_l0.1,up_blocks.2.attentions.2.transformer_blocks.0.attn2.to_k.weight,0.006966614164412022,smoothquant_a75,4,0.11827748827636242,0.6921927332878113,0.25359293818473816,0.07040278613567352,1.0,,,0.0059746946208179
TIME,Gogh_l0.1,up_blocks.2.attentions.2.transformer_blocks.0.attn2.to_k.weight,0.006966614164412022,smoothquant_a75,16,0.11798426415771246,0.32042765617370605,0.07965698093175888,0.04128298535943031,1.0,,,0.0059746946208179
TIME,Gogh_l0.1,up_blocks.2.attentions.2.transformer_blocks.0.attn2.to_k.weight,0.006966614164412022,smoothquant_a85,1,0.12380778044462204,1.2071287631988525,0.8145507574081421,0.11980102956295013,1.0,,,0.0059746946208179
TIME,Gogh_l0.1,up_blocks.2.attentions.2.transformer_blocks.0.attn2.to_k.weight,0.006966614164412022,smoothquant_a85,4,0.12430470809340477,0.7562647461891174,0.3144470155239105,0.07748699933290482,1.0,,,0.0059746946208179
TIME,Gogh_l0.1,up_blocks.2.attentions.2.transformer_blocks.0.attn2.to_k.weight,0.006966614164412022,smoothquant_a85,16,0.12362340418621898,0.34973809123039246,0.10183919221162796,0.04565579071640968,1.0,,,0.0059746946208179
TIME,Gogh_l0.1,up_blocks.2.attentions.2.transformer_blocks.0.attn2.to_k.weight,0.006966614164412022,awq_a50,1,0.11146647483110428,1.0464587211608887,0.6800171136856079,0.09993152320384979,1.0,,,0.0059746946208179
TIME,Gogh_l0.1,up_blocks.2.attentions.2.transformer_blocks.0.attn2.to_k.weight,0.006966614164412022,awq_a50,4,0.11150156706571579,0.6298826932907104,0.1604410856962204,0.06098724529147148,1.0,,,0.0059746946208179
TIME,Gogh_l0.1,up_blocks.2.attentions.2.transformer_blocks.0.attn2.to_k.weight,0.006966614164412022,awq_a50,16,0.11130078602582216,0.29515716433525085,0.04891764372587204,0.036005254834890366,0.9999998733401299,,,0.0059746946208179
TIME,Gogh_l0.1,up_blocks.2.attentions.2.transformer_blocks.0.attn2.to_v.weight,0.004412628244608641,w_only_int8,0,0.10800984501838684,1.0,0.0,,,0.9998446702957153,0.9982508420944214,
TIME,Gogh_l0.1,up_blocks.2.attentions.2.transformer_blocks.0.attn2.to_v.weight,0.004412628244608641,smoothquant_a50,1,0.09048258513212204,0.911052942276001,0.30517578125,0.08790035545825958,1.0,,,0.005838711746037006
TIME,Gogh_l0.1,up_blocks.2.attentions.2.transformer_blocks.0.attn2.to_v.weight,0.004412628244608641,smoothquant_a50,4,0.0901209507137537,0.4936242699623108,0.04607544094324112,0.04993864521384239,1.0,,,0.005838711746037006
TIME,Gogh_l0.1,up_blocks.2.attentions.2.transformer_blocks.0.attn2.to_v.weight,0.004412628244608641,smoothquant_a50,16,0.0900346115231514,0.24329471588134766,0.013519287109375,0.02995017170906067,1.0,,,0.005838711746037006
TIME,Gogh_l0.1,up_blocks.2.attentions.2.transformer_blocks.0.attn2.to_v.weight,0.004412628244608641,smoothquant_a75,1,0.095458984375,0.9866808652877808,0.4660481810569763,0.09525540471076965,1.0,,,0.005838711746037006
TIME,Gogh_l0.1,up_blocks.2.attentions.2.transformer_blocks.0.attn2.to_v.weight,0.004412628244608641,smoothquant_a75,4,0.09544932097196579,0.5403414964675903,0.07455240935087204,0.05437731370329857,1.0,,,0.005838711746037006
TIME,Gogh_l0.1,up_blocks.2.attentions.2.transformer_blocks.0.attn2.to_v.weight,0.004412628244608641,smoothquant_a75,16,0.09531313646584749,0.2671108543872833,0.02072346955537796,0.032218821346759796,1.0,,,0.005838711746037006
TIME,Gogh_l0.1,up_blocks.2.attentions.2.transformer_blocks.0.attn2.to_v.weight,0.004412628244608641,smoothquant_a85,1,0.09831543266773224,1.0260608196258545,0.5652120113372803,0.09928800910711288,1.0,,,0.005838711746037006
TIME,Gogh_l0.1,up_blocks.2.attentions.2.transformer_blocks.0.attn2.to_v.weight,0.004412628244608641,smoothquant_a85,4,0.09842071495950222,0.5637118220329285,0.10006510466337204,0.05686495825648308,1.0,,,0.005838711746037006
TIME,Gogh_l0.1,up_blocks.2.attentions.2.transformer_blocks.0.attn2.to_v.weight,0.004412628244608641,smoothquant_a85,16,0.09828224219381809,0.27615833282470703,0.02699381485581398,0.03350606560707092,1.0,,,0.005838711746037006
TIME,Gogh_l0.1,up_blocks.2.attentions.2.transformer_blocks.0.attn2.to_v.weight,0.004412628244608641,awq_a50,1,0.10687662661075592,1.0129117965698242,0.5652262568473816,0.09696444123983383,1.0,,,0.005838711746037006
TIME,Gogh_l0.1,up_blocks.2.attentions.2.transformer_blocks.0.attn2.to_v.weight,0.004412628244608641,awq_a50,4,0.10688730701804161,0.5599879622459412,0.05587158352136612,0.055575404316186905,1.0,,,0.005838711746037006
TIME,Gogh_l0.1,up_blocks.2.attentions.2.transformer_blocks.0.attn2.to_v.weight,0.004412628244608641,awq_a50,16,0.10692837974056602,0.2732839584350586,0.014469400979578495,0.033497173339128494,0.9999998733401299,,,0.005838711746037006
TIME,Gogh_l0.1,up_blocks.3.attentions.0.transformer_blocks.0.attn2.to_k.weight,0.006792542990297079,w_only_int8,0,0.1389567106962204,1.0,0.0,,,0.9996768832206726,0.996661901473999,
TIME,Gogh_l0.1,up_blocks.3.attentions.0.transformer_blocks.0.attn2.to_k.weight,0.006792542990297079,smoothquant_a50,1,0.13437093794345856,0.9135003685951233,0.35767823457717896,0.12243667989969254,1.0,,,0.005580087658017874
TIME,Gogh_l0.1,up_blocks.3.attentions.0.transformer_blocks.0.attn2.to_k.weight,0.006792542990297079,smoothquant_a50,4,0.13442383334040642,0.6368153691291809,0.15510253608226776,0.08410830050706863,1.0,,,0.005580087658017874
TIME,Gogh_l0.1,up_blocks.3.attentions.0.transformer_blocks.0.attn2.to_k.weight,0.006792542990297079,smoothquant_a50,16,0.1341323871165514,0.35143718123435974,0.09070231020450592,0.058076873421669006,1.0,,,0.005580087658017874
TIME,Gogh_l0.1,up_blocks.3.attentions.0.transformer_blocks.0.attn2.to_k.weight,0.006792542990297079,smoothquant_a75,1,0.19589029252529144,1.3704208135604858,0.9588826298713684,0.17852087318897247,1.0,,,0.005580087658017874
TIME,Gogh_l0.1,up_blocks.3.attentions.0.transformer_blocks.0.attn2.to_k.weight,0.006792542990297079,smoothquant_a75,4,0.19545389711856842,1.0117641687393188,0.5085856318473816,0.12764084339141846,1.0,,,0.005580087658017874
TIME,Gogh_l0.1,up_blocks.3.attentions.0.transformer_blocks.0.attn2.to_k.weight,0.006792542990297079,smoothquant_a75,16,0.19497884064912796,0.5633485317230225,0.2517049014568329,0.08972614258527756,1.0,,,0.005580087658017874
TIME,Gogh_l0.1,up_blocks.3.attentions.0.transformer_blocks.0.attn2.to_k.weight,0.006792542990297079,smoothquant_a85,1,0.22639566659927368,1.6464099884033203,0.9781087040901184,0.20749397575855255,1.0,,,0.005580087658017874
TIME,Gogh_l0.1,up_blocks.3.attentions.0.transformer_blocks.0.attn2.to_k.weight,0.006792542990297079,smoothquant_a85,4,0.22702229395508766,1.22299325466156,0.6265869140625,0.1506783366203308,1.0,,,0.005580087658017874
TIME,Gogh_l0.1,up_blocks.3.attentions.0.transformer_blocks.0.attn2.to_k.weight,0.006792542990297079,smoothquant_a85,16,0.2261258428916335,0.6912484765052795,0.34197998046875,0.10711567848920822,1.0,,,0.005580087658017874
TIME,Gogh_l0.1,up_blocks.3.attentions.0.transformer_blocks.0.attn2.to_k.weight,0.006792542990297079,awq_a50,1,0.18951009213924408,1.433964729309082,0.9686279296875,0.17295603454113007,1.0,,,0.005580087658017874
TIME,Gogh_l0.1,up_blocks.3.attentions.0.transformer_blocks.0.attn2.to_k.weight,0.006792542990297079,awq_a50,4,0.18990173190832138,1.070416808128357,0.5460652709007263,0.12521503865718842,1.0,,,0.005580087658017874
TIME,Gogh_l0.1,up_blocks.3.attentions.0.transformer_blocks.0.attn2.to_k.weight,0.006792542990297079,awq_a50,16,0.1896301256492734,0.613141655921936,0.29462483525276184,0.09044292569160461,1.0,,,0.005580087658017874
TIME,Gogh_l0.1,up_blocks.3.attentions.0.transformer_blocks.0.attn2.to_v.weight,0.0018237566109746695,w_only_int8,0,0.1147664412856102,1.0,0.0,,,0.9994804859161377,0.9971985220909119,
TIME,Gogh_l0.1,up_blocks.3.attentions.0.transformer_blocks.0.attn2.to_v.weight,0.0018237566109746695,smoothquant_a50,1,0.10716959834098816,0.975845217704773,0.4480549991130829,0.09889020770788193,1.0,,,0.005898669362068176
TIME,Gogh_l0.1,up_blocks.3.attentions.0.transformer_blocks.0.attn2.to_v.weight,0.0018237566109746695,smoothquant_a50,4,0.10695495642721653,0.5445190668106079,0.08724772185087204,0.058876633644104004,1.0,,,0.005898669362068176
TIME,Gogh_l0.1,up_blocks.3.attentions.0.transformer_blocks.0.attn2.to_v.weight,0.0018237566109746695,smoothquant_a50,16,0.10656051710247993,0.26863351464271545,0.02696940116584301,0.0359906442463398,1.0,,,0.005898669362068176
TIME,Gogh_l0.1,up_blocks.3.attentions.0.transformer_blocks.0.attn2.to_v.weight,0.0018237566109746695,smoothquant_a75,1,0.12225341796875,1.14622962474823,0.7432901859283447,0.12313945591449738,1.0,,,0.005898669362068176
TIME,Gogh_l0.1,up_blocks.3.attentions.0.transformer_blocks.0.attn2.to_v.weight,0.0018237566109746695,smoothquant_a75,4,0.12230326421558857,0.7089881896972656,0.2576456665992737,0.07840027660131454,1.0,,,0.005898669362068176
TIME,Gogh_l0.1,up_blocks.3.attentions.0.transformer_blocks.0.attn2.to_v.weight,0.0018237566109746695,smoothquant_a75,16,0.12180811585858464,0.3501986563205719,0.08553873747587204,0.048771221190690994,1.0,,,0.005898669362068176
TIME,Gogh_l0.1,up_blocks.3.attentions.0.transformer_blocks.0.attn2.to_v.weight,0.0018237566109746695,smoothquant_a85,1,0.13498535752296448,1.3388493061065674,0.8461588621139526,0.14111997187137604,1.0,,,0.005898669362068176
TIME,Gogh_l0.1,up_blocks.3.attentions.0.transformer_blocks.0.attn2.to_v.weight,0.0018237566109746695,smoothquant_a85,4,0.13599955290555954,0.8541626334190369,0.3956542909145355,0.09364459663629532,1.0,,,0.005898669362068176
TIME,Gogh_l0.1,up_blocks.3.attentions.0.transformer_blocks.0.attn2.to_v.weight,0.0018237566109746695,smoothquant_a85,16,0.13542785588651896,0.42599940299987793,0.15160726010799408,0.05932845175266266,1.0,,,0.005898669362068176
TIME,Gogh_l0.1,up_blocks.3.attentions.0.transformer_blocks.0.attn2.to_v.weight,0.0018237566109746695,awq_a50,1,0.12861734628677368,1.1114383935928345,0.7622477412223816,0.12565650045871735,1.0,,,0.005898669362068176
TIME,Gogh_l0.1,up_blocks.3.attentions.0.transformer_blocks.0.attn2.to_v.weight,0.0018237566109746695,awq_a50,4,0.12881673127412796,0.7164596915245056,0.2562215030193329,0.08232960850000381,1.0,,,0.005898669362068176
TIME,Gogh_l0.1,up_blocks.3.attentions.0.transformer_blocks.0.attn2.to_v.weight,0.0018237566109746695,awq_a50,16,0.12845306284725666,0.346163272857666,0.09060872346162796,0.0536833181977272,0.9999997466802597,,,0.005898669362068176
TIME,Gogh_l0.1,up_blocks.3.attentions.1.transformer_blocks.0.attn2.to_k.weight,0.007304839789867401,w_only_int8,0,0.11791585385799408,1.0,0.0,,,0.9994044303894043,0.9973278045654297,
TIME,Gogh_l0.1,up_blocks.3.attentions.1.transformer_blocks.0.attn2.to_k.weight,0.007304839789867401,smoothquant_a50,1,0.1178792342543602,0.9659865498542786,0.4475463926792145,0.11889197677373886,1.0,,,0.005788326263427734
TIME,Gogh_l0.1,up_blocks.3.attentions.1.transformer_blocks.0.attn2.to_k.weight,0.007304839789867401,smoothquant_a50,4,0.1176300048828125,0.680233359336853,0.20938314497470856,0.08073089271783829,1.0,,,0.005788326263427734
TIME,Gogh_l0.1,up_blocks.3.attentions.1.transformer_blocks.0.attn2.to_k.weight,0.007304839789867401,smoothquant_a50,16,0.11767756240442395,0.38734179735183716,0.13202311098575592,0.056074079126119614,1.0,,,0.005788326263427734
TIME,Gogh_l0.1,up_blocks.3.attentions.1.transformer_blocks.0.attn2.to_k.weight,0.007304839789867401,smoothquant_a75,1,0.1704304963350296,1.413988471031189,0.957995593547821,0.1721365600824356,1.0,,,0.005788326263427734
TIME,Gogh_l0.1,up_blocks.3.attentions.1.transformer_blocks.0.attn2.to_k.weight,0.007304839789867401,smoothquant_a75,4,0.17060648649930954,1.0631622076034546,0.5423583984375,0.12269450724124908,1.0,,,0.005788326263427734
TIME,Gogh_l0.1,up_blocks.3.attentions.1.transformer_blocks.0.attn2.to_k.weight,0.007304839789867401,smoothquant_a75,16,0.16997528076171875,0.6143873929977417,0.3002075254917145,0.08707156032323837,1.0,,,0.005788326263427734
TIME,Gogh_l0.1,up_blocks.3.attentions.1.transformer_blocks.0.attn2.to_k.weight,0.007304839789867401,smoothquant_a85,1,0.19808755815029144,1.6977336406707764,0.9805826544761658,0.20025788247585297,1.0,,,0.005788326263427734
TIME,Gogh_l0.1,up_blocks.3.attentions.1.transformer_blocks.0.attn2.to_k.weight,0.007304839789867401,smoothquant_a85,4,0.19868672266602516,1.284725546836853,0.6524210572242737,0.14510132372379303,1.0,,,0.005788326263427734
TIME,Gogh_l0.1,up_blocks.3.attentions.1.transformer_blocks.0.attn2.to_k.weight,0.007304839789867401,smoothquant_a85,16,0.1977661121636629,0.7561270594596863,0.3861043155193329,0.10436677187681198,1.0,,,0.005788326263427734
TIME,Gogh_l0.1,up_blocks.3.attentions.1.transformer_blocks.0.attn2.to_k.weight,0.007304839789867401,awq_a50,1,0.16010741889476776,1.4325454235076904,0.9595621824264526,0.15659910440444946,1.0,,,0.005788326263427734
TIME,Gogh_l0.1,up_blocks.3.attentions.1.transformer_blocks.0.attn2.to_k.weight,0.007304839789867401,awq_a50,4,0.16027628257870674,1.0503005981445312,0.5337606072425842,0.111751988530159,1.0,,,0.005788326263427734
TIME,Gogh_l0.1,up_blocks.3.attentions.1.transformer_blocks.0.attn2.to_k.weight,0.007304839789867401,awq_a50,16,0.1601058952510357,0.5972970724105835,0.28387451171875,0.07847501337528229,1.0,,,0.005788326263427734
TIME,Gogh_l0.1,up_blocks.3.attentions.1.transformer_blocks.0.attn2.to_v.weight,0.0026711556129157543,w_only_int8,0,0.11260986328125,1.0,0.0,,,0.9996846318244934,0.9979748725891113,
TIME,Gogh_l0.1,up_blocks.3.attentions.1.transformer_blocks.0.attn2.to_v.weight,0.0026711556129157543,smoothquant_a50,1,0.09875081479549408,0.9352958798408508,0.3629801571369171,0.08795177936553955,1.0,,,0.005726088769733906
TIME,Gogh_l0.1,up_blocks.3.attentions.1.transformer_blocks.0.attn2.to_v.weight,0.0026711556129157543,smoothquant_a50,4,0.09909261204302311,0.5084947347640991,0.05896402895450592,0.050815291702747345,1.0,,,0.005726088769733906
TIME,Gogh_l0.1,up_blocks.3.attentions.1.transformer_blocks.0.attn2.to_v.weight,0.0026711556129157543,smoothquant_a50,16,0.09903310192748904,0.25156980752944946,0.01904296875,0.031038563698530197,1.0,,,0.005726088769733906
TIME,Gogh_l0.1,up_blocks.3.attentions.1.transformer_blocks.0.attn2.to_v.weight,0.0026711556129157543,smoothquant_a75,1,0.10791015625,1.0974271297454834,0.6851643919944763,0.10595298558473587,1.0,,,0.005726088769733906
TIME,Gogh_l0.1,up_blocks.3.attentions.1.transformer_blocks.0.attn2.to_v.weight,0.0026711556129157543,smoothquant_a75,4,0.10892639122903347,0.6330892443656921,0.18675944209098816,0.06443709880113602,1.0,,,0.005726088769733906
TIME,Gogh_l0.1,up_blocks.3.attentions.1.transformer_blocks.0.attn2.to_v.weight,0.0026711556129157543,smoothquant_a75,16,0.10917358379811049,0.317661851644516,0.0638224259018898,0.04050783812999725,1.0,,,0.005726088769733906
TIME,Gogh_l0.1,up_blocks.3.attentions.1.transformer_blocks.0.attn2.to_v.weight,0.0026711556129157543,smoothquant_a85,1,0.11762695014476776,1.2339047193527222,0.803149402141571,0.11843341588973999,1.0,,,0.005726088769733906
TIME,Gogh_l0.1,up_blocks.3.attentions.1.transformer_blocks.0.attn2.to_v.weight,0.0026711556129157543,smoothquant_a85,4,0.11851602979004383,0.7248917818069458,0.2851196229457855,0.07400936633348465,1.0,,,0.005726088769733906
TIME,Gogh_l0.1,up_blocks.3.attentions.1.transformer_blocks.0.attn2.to_v.weight,0.0026711556129157543,smoothquant_a85,16,0.11833470547571778,0.3638816475868225,0.1078084334731102,0.04714048653841019,1.0,,,0.005726088769733906
TIME,Gogh_l0.1,up_blocks.3.attentions.1.transformer_blocks.0.attn2.to_v.weight,0.0026711556129157543,awq_a50,1,0.11993001401424408,1.086193323135376,0.7498006224632263,0.10815081745386124,1.0,,,0.005726088769733906
TIME,Gogh_l0.1,up_blocks.3.attentions.1.transformer_blocks.0.attn2.to_v.weight,0.0026711556129157543,awq_a50,4,0.11975504644215107,0.6482484340667725,0.18500569462776184,0.06703496724367142,1.0,,,0.005726088769733906
TIME,Gogh_l0.1,up_blocks.3.attentions.1.transformer_blocks.0.attn2.to_v.weight,0.0026711556129157543,awq_a50,16,0.11970748892053962,0.3209342062473297,0.06967366486787796,0.04358420521020889,0.9999997466802597,,,0.005726088769733906
TIME,Gogh_l0.1,up_blocks.3.attentions.2.transformer_blocks.0.attn2.to_k.weight,0.006564292125403881,w_only_int8,0,0.13964436948299408,1.0,0.0,,,0.9993143081665039,0.9971235990524292,
TIME,Gogh_l0.1,up_blocks.3.attentions.2.transformer_blocks.0.attn2.to_k.weight,0.006564292125403881,smoothquant_a50,1,0.13750407099723816,0.9578789472579956,0.44054362177848816,0.12099268287420273,1.0,,,0.005902073346078396
TIME,Gogh_l0.1,up_blocks.3.attentions.2.transformer_blocks.0.attn2.to_k.weight,0.006564292125403881,smoothquant_a50,4,0.13733113557100296,0.679076611995697,0.22303873300552368,0.0843440443277359,1.0,,,0.005902073346078396
TIME,Gogh_l0.1,up_blocks.3.attentions.2.transformer_blocks.0.attn2.to_k.weight,0.006564292125403881,smoothquant_a50,16,0.1372273750603199,0.37270796298980713,0.14387206733226776,0.05702051520347595,1.0,,,0.005902073346078396
TIME,Gogh_l0.1,up_blocks.3.attentions.2.transformer_blocks.0.attn2.to_k.weight,0.006564292125403881,smoothquant_a75,1,0.19772134721279144,1.427914023399353,0.9570149779319763,0.17688249051570892,1.0,,,0.005902073346078396
TIME,Gogh_l0.1,up_blocks.3.attentions.2.transformer_blocks.0.attn2.to_k.weight,0.006564292125403881,smoothquant_a75,4,0.19780578464269638,1.0708801746368408,0.5492798089981079,0.12760193645954132,1.0,,,0.005902073346078396
TIME,Gogh_l0.1,up_blocks.3.attentions.2.transformer_blocks.0.attn2.to_k.weight,0.006564292125403881,smoothquant_a75,16,0.19716338999569416,0.6171809434890747,0.30192869901657104,0.08941541612148285,1.0,,,0.005902073346078396
TIME,Gogh_l0.1,up_blocks.3.attentions.2.transformer_blocks.0.attn2.to_k.weight,0.006564292125403881,smoothquant_a85,1,0.22854003310203552,1.7106645107269287,0.9801473021507263,0.20523647964000702,1.0,,,0.005902073346078396
TIME,Gogh_l0.1,up_blocks.3.attentions.2.transformer_blocks.0.attn2.to_k.weight,0.006564292125403881,smoothquant_a85,4,0.2288462296128273,1.2952059507369995,0.6581339240074158,0.14971092343330383,1.0,,,0.005902073346078396
TIME,Gogh_l0.1,up_blocks.3.attentions.2.transformer_blocks.0.attn2.to_k.weight,0.006564292125403881,smoothquant_a85,16,0.22794189490377903,0.7678771615028381,0.3923380672931671,0.10733640938997269,1.0,,,0.005902073346078396
TIME,Gogh_l0.1,up_blocks.3.attentions.2.transformer_blocks.0.attn2.to_k.weight,0.006564292125403881,awq_a50,1,0.189208984375,1.4425523281097412,0.972900390625,0.16311906278133392,1.0,,,0.005902073346078396
TIME,Gogh_l0.1,up_blocks.3.attentions.2.transformer_blocks.0.attn2.to_k.weight,0.006564292125403881,awq_a50,4,0.18915100395679474,1.076523780822754,0.5514729619026184,0.11684118211269379,0.9999969601631165,,,0.005902073346078396
TIME,Gogh_l0.1,up_blocks.3.attentions.2.transformer_blocks.0.attn2.to_k.weight,0.006564292125403881,awq_a50,16,0.18881480116397142,0.6288442611694336,0.30952149629592896,0.08379308879375458,1.0,,,0.005902073346078396
TIME,Gogh_l0.1,up_blocks.3.attentions.2.transformer_blocks.0.attn2.to_v.weight,0.002333100652322173,w_only_int8,0,0.11451008915901184,1.0,0.0,,,0.9994732737541199,0.9972438812255859,
TIME,Gogh_l0.1,up_blocks.3.attentions.2.transformer_blocks.0.attn2.to_v.weight,0.002333100652322173,smoothquant_a50,1,0.09443359076976776,0.8928346633911133,0.3104614317417145,0.09572768956422806,1.0,,,0.006510085891932249
TIME,Gogh_l0.1,up_blocks.3.attentions.2.transformer_blocks.0.attn2.to_v.weight,0.002333100652322173,smoothquant_a50,4,0.09489644318819046,0.5041471123695374,0.06027831882238388,0.05731510370969772,1.0,,,0.006510085891932249
TIME,Gogh_l0.1,up_blocks.3.attentions.2.transformer_blocks.0.attn2.to_v.weight,0.002333100652322173,smoothquant_a50,16,0.09509887592867017,0.2534761428833008,0.01906331442296505,0.0355953685939312,1.0,,,0.006510085891932249
TIME,Gogh_l0.1,up_blocks.3.attentions.2.transformer_blocks.0.attn2.to_v.weight,0.002333100652322173,smoothquant_a75,1,0.10700276494026184,1.0838956832885742,0.6593465209007263,0.11851359903812408,1.0,,,0.006510085891932249
TIME,Gogh_l0.1,up_blocks.3.attentions.2.transformer_blocks.0.attn2.to_v.weight,0.002333100652322173,smoothquant_a75,4,0.10800069011747837,0.6535882353782654,0.19398193061351776,0.07463499903678894,1.0,,,0.006510085891932249
TIME,Gogh_l0.1,up_blocks.3.attentions.2.transformer_blocks.0.attn2.to_v.weight,0.002333100652322173,smoothquant_a75,16,0.10784327192232013,0.3475468158721924,0.07151692360639572,0.04918954148888588,1.0,,,0.006510085891932249
TIME,Gogh_l0.1,up_blocks.3.attentions.2.transformer_blocks.0.attn2.to_v.weight,0.002333100652322173,smoothquant_a85,1,0.11670735478401184,1.2379869222640991,0.7886637449264526,0.13236001133918762,1.0,,,0.006510085891932249
TIME,Gogh_l0.1,up_blocks.3.attentions.2.transformer_blocks.0.attn2.to_v.weight,0.002333100652322173,smoothquant_a85,4,0.11744791455566883,0.7500155568122864,0.3035929501056671,0.08553986251354218,1.0,,,0.006510085891932249
TIME,Gogh_l0.1,up_blocks.3.attentions.2.transformer_blocks.0.attn2.to_v.weight,0.002333100652322173,smoothquant_a85,16,0.11741104023531079,0.4053937494754791,0.13074544072151184,0.057727813720703125,1.0,,,0.006510085891932249
TIME,Gogh_l0.1,up_blocks.3.attentions.2.transformer_blocks.0.attn2.to_v.weight,0.002333100652322173,awq_a50,1,0.12435302883386612,1.0860658884048462,0.7389811277389526,0.12324811518192291,1.0,,,0.006510085891932249
TIME,Gogh_l0.1,up_blocks.3.attentions.2.transformer_blocks.0.attn2.to_v.weight,0.002333100652322173,awq_a50,4,0.12420247308909893,0.6844109892845154,0.21525879204273224,0.07945117354393005,1.0,,,0.006510085891932249
TIME,Gogh_l0.1,up_blocks.3.attentions.2.transformer_blocks.0.attn2.to_v.weight,0.002333100652322173,awq_a50,16,0.12408447312191129,0.3568843603134155,0.09860839694738388,0.05440761521458626,0.9999992400407791,,,0.006510085891932249
TIME,Gogh_l0.1,mid_block.attentions.0.transformer_blocks.0.attn2.to_k.weight,0.006440990138798952,w_only_int8,0,0.09417012333869934,1.0,0.0,,,0.9996286034584045,0.9988166689872742,
TIME,Gogh_l0.1,mid_block.attentions.0.transformer_blocks.0.attn2.to_k.weight,0.006440990138798952,smoothquant_a50,1,0.0944366455078125,1.038390874862671,0.6181671023368835,0.0837692841887474,1.0,,,0.005721470806747675
TIME,Gogh_l0.1,mid_block.attentions.0.transformer_blocks.0.attn2.to_k.weight,0.006440990138798952,smoothquant_a50,4,0.09459584578871727,0.5933325886726379,0.11879069358110428,0.04944084212183952,1.0,,,0.005721470806747675
TIME,Gogh_l0.1,mid_block.attentions.0.transformer_blocks.0.attn2.to_k.weight,0.006440990138798952,smoothquant_a50,16,0.09465370187535882,0.2825924754142761,0.02877909317612648,0.02913704141974449,1.0,,,0.005721470806747675
TIME,Gogh_l0.1,mid_block.attentions.0.transformer_blocks.0.attn2.to_k.weight,0.006440990138798952,smoothquant_a75,1,0.10477396845817566,1.1390949487686157,0.7732136845588684,0.09566748142242432,1.0,,,0.005721470806747675
TIME,Gogh_l0.1,mid_block.attentions.0.transformer_blocks.0.attn2.to_k.weight,0.006440990138798952,smoothquant_a75,4,0.10466155968606472,0.6916185021400452,0.24689026176929474,0.059800103306770325,1.0,,,0.005721470806747675
TIME,Gogh_l0.1,mid_block.attentions.0.transformer_blocks.0.attn2.to_k.weight,0.006440990138798952,smoothquant_a75,16,0.10421454114839435,0.3169849216938019,0.06158345565199852,0.033674243837594986,1.0,,,0.005721470806747675
TIME,Gogh_l0.1,mid_block.attentions.0.transformer_blocks.0.attn2.to_k.weight,0.006440990138798952,smoothquant_a85,1,0.11123555153608322,1.2239928245544434,0.8313191533088684,0.10446031391620636,1.0,,,0.005721470806747675
TIME,Gogh_l0.1,mid_block.attentions.0.transformer_blocks.0.attn2.to_k.weight,0.006440990138798952,smoothquant_a85,4,0.1112444568425417,0.7656568288803101,0.3241994082927704,0.0672488585114479,1.0,,,0.005721470806747675
TIME,Gogh_l0.1,mid_block.attentions.0.transformer_blocks.0.attn2.to_k.weight,0.006440990138798952,smoothquant_a85,16,0.110502562019974,0.3473793864250183,0.08907674252986908,0.03748698532581329,1.0,,,0.005721470806747675
TIME,Gogh_l0.1,mid_block.attentions.0.transformer_blocks.0.attn2.to_k.weight,0.006440990138798952,awq_a50,1,0.10081278532743454,1.056841254234314,0.7038462162017822,0.0889352560043335,1.0,,,0.005721470806747675
TIME,Gogh_l0.1,mid_block.attentions.0.transformer_blocks.0.attn2.to_k.weight,0.006440990138798952,awq_a50,4,0.10075683519244194,0.6430457234382629,0.18386027216911316,0.05483727902173996,1.0,,,0.005721470806747675
TIME,Gogh_l0.1,mid_block.attentions.0.transformer_blocks.0.attn2.to_k.weight,0.006440990138798952,awq_a50,16,0.10064652701839805,0.2994939088821411,0.04707438126206398,0.03172769397497177,0.9999997466802597,,,0.005721470806747675
TIME,Gogh_l0.1,mid_block.attentions.0.transformer_blocks.0.attn2.to_v.weight,0.005888506770133972,w_only_int8,0,0.09848632663488388,1.0,0.0,,,0.9995943307876587,0.9987215995788574,
TIME,Gogh_l0.1,mid_block.attentions.0.transformer_blocks.0.attn2.to_v.weight,0.005888506770133972,smoothquant_a50,1,0.09254557639360428,1.016014814376831,0.5512024164199829,0.0835253968834877,1.0,,,0.006082126870751381
TIME,Gogh_l0.1,mid_block.attentions.0.transformer_blocks.0.attn2.to_v.weight,0.005888506770133972,smoothquant_a50,4,0.09263407625257969,0.5629507899284363,0.09396056830883026,0.04789716377854347,1.0,,,0.006082126870751381
TIME,Gogh_l0.1,mid_block.attentions.0.transformer_blocks.0.attn2.to_v.weight,0.005888506770133972,smoothquant_a50,16,0.09257227601483464,0.27428576350212097,0.02977396734058857,0.02873675711452961,1.0,,,0.006082126870751381
TIME,Gogh_l0.1,mid_block.attentions.0.transformer_blocks.0.attn2.to_v.weight,0.005888506770133972,smoothquant_a75,1,0.09242960810661316,1.0535176992416382,0.6435577273368835,0.08775922656059265,1.0,,,0.006082126870751381
TIME,Gogh_l0.1,mid_block.attentions.0.transformer_blocks.0.attn2.to_v.weight,0.005888506770133972,smoothquant_a75,4,0.09244257770478725,0.5847451090812683,0.13174234330654144,0.05045169219374657,1.0,,,0.006082126870751381
TIME,Gogh_l0.1,mid_block.attentions.0.transformer_blocks.0.attn2.to_v.weight,0.005888506770133972,smoothquant_a75,16,0.0923434579744935,0.2874572277069092,0.04555969312787056,0.03016166016459465,1.0,,,0.006082126870751381
TIME,Gogh_l0.1,mid_block.attentions.0.transformer_blocks.0.attn2.to_v.weight,0.005888506770133972,smoothquant_a85,1,0.0920054093003273,1.07649827003479,0.6843922734260559,0.09023178368806839,1.0,,,0.006082126870751381
TIME,Gogh_l0.1,mid_block.attentions.0.transformer_blocks.0.attn2.to_v.weight,0.005888506770133972,smoothquant_a85,4,0.09166056290268898,0.5969811081886292,0.15150858461856842,0.05200453847646713,1.0,,,0.006082126870751381
TIME,Gogh_l0.1,mid_block.attentions.0.transformer_blocks.0.attn2.to_v.weight,0.005888506770133972,smoothquant_a85,16,0.09146098978817463,0.29555341601371765,0.05505676195025444,0.031212279573082924,1.0,,,0.006082126870751381
TIME,Gogh_l0.1,mid_block.attentions.0.transformer_blocks.0.attn2.to_v.weight,0.005888506770133972,awq_a50,1,0.09619242697954178,1.0119980573654175,0.5609680414199829,0.08265946060419083,1.0,,,0.006082126870751381
TIME,Gogh_l0.1,mid_block.attentions.0.transformer_blocks.0.attn2.to_v.weight,0.005888506770133972,awq_a50,4,0.09592005424201488,0.5479554533958435,0.04868469387292862,0.04638397693634033,1.0,,,0.006082126870751381
TIME,Gogh_l0.1,mid_block.attentions.0.transformer_blocks.0.attn2.to_v.weight,0.005888506770133972,awq_a50,16,0.09595483168959618,0.26732179522514343,0.009975179098546505,0.02761606127023697,0.9999994933605194,,,0.006082126870751381
UCE,Monet_s0.5,down_blocks.0.attentions.0.transformer_blocks.0.attn2.to_k.weight,0.002785869175568223,w_only_int8,0,0.21857503056526184,1.0,0.0,,,0.9983479976654053,0.9842070937156677,
UCE,Monet_s0.5,down_blocks.0.attentions.0.transformer_blocks.0.attn2.to_k.weight,0.002785869175568223,smoothquant_a50,1,0.22600097954273224,1.0334268808364868,0.5881307125091553,0.2639596164226532,1.0,,,0.002569525735452771
UCE,Monet_s0.5,down_blocks.0.attentions.0.transformer_blocks.0.attn2.to_k.weight,0.002785869175568223,smoothquant_a50,4,0.2257944755256176,0.6410276889801025,0.17191162705421448,0.17070253193378448,1.0,,,0.002569525735452771
UCE,Monet_s0.5,down_blocks.0.attentions.0.transformer_blocks.0.attn2.to_k.weight,0.002785869175568223,smoothquant_a50,16,0.2254753140732646,0.31775712966918945,0.08477376401424408,0.11063064634799957,1.0,,,0.002569525735452771
UCE,Monet_s0.5,down_blocks.0.attentions.0.transformer_blocks.0.attn2.to_k.weight,0.002785869175568223,smoothquant_a75,1,0.2603515684604645,1.254578948020935,0.8298095464706421,0.3134721517562866,1.0,,,0.002569525735452771
UCE,Monet_s0.5,down_blocks.0.attentions.0.transformer_blocks.0.attn2.to_k.weight,0.002785869175568223,smoothquant_a75,4,0.2603007033467293,0.8068327903747559,0.35641682147979736,0.2140190601348877,1.0,,,0.002569525735452771
UCE,Monet_s0.5,down_blocks.0.attentions.0.transformer_blocks.0.attn2.to_k.weight,0.002785869175568223,smoothquant_a75,16,0.25994847901165485,0.41390857100486755,0.17093099653720856,0.1433616727590561,1.0,,,0.002569525735452771
UCE,Monet_s0.5,down_blocks.0.attentions.0.transformer_blocks.0.attn2.to_k.weight,0.002785869175568223,smoothquant_a85,1,0.2785807251930237,1.419501543045044,0.8859700560569763,0.3404085338115692,1.0,,,0.002569525735452771
UCE,Monet_s0.5,down_blocks.0.attentions.0.transformer_blocks.0.attn2.to_k.weight,0.002785869175568223,smoothquant_a85,4,0.27853596955537796,0.9124557375907898,0.4426635801792145,0.23765712976455688,1.0,,,0.002569525735452771
UCE,Monet_s0.5,down_blocks.0.attentions.0.transformer_blocks.0.attn2.to_k.weight,0.002785869175568223,smoothquant_a85,16,0.277388509362936,0.47776687145233154,0.22299398481845856,0.16201470792293549,1.0,,,0.002569525735452771
UCE,Monet_s0.5,down_blocks.0.attentions.0.transformer_blocks.0.attn2.to_k.weight,0.002785869175568223,awq_a50,1,0.24040527641773224,1.108756422996521,0.7773519158363342,0.2843552529811859,1.0,,,0.002569525735452771
UCE,Monet_s0.5,down_blocks.0.attentions.0.transformer_blocks.0.attn2.to_k.weight,0.002785869175568223,awq_a50,4,0.2403615340590477,0.7200736403465271,0.2616983950138092,0.1879452019929886,1.0,,,0.002569525735452771
UCE,Monet_s0.5,down_blocks.0.attentions.0.transformer_blocks.0.attn2.to_k.weight,0.002785869175568223,awq_a50,16,0.24009730014950037,0.35850703716278076,0.12237955629825592,0.12252407521009445,0.9999997466802597,,,0.002569525735452771
UCE,Monet_s0.5,down_blocks.0.attentions.0.transformer_blocks.0.attn2.to_v.weight,0.000878786901012063,w_only_int8,0,0.23378092050552368,1.0,0.0,,,0.9993263483047485,0.9804453253746033,
UCE,Monet_s0.5,down_blocks.0.attentions.0.transformer_blocks.0.attn2.to_v.weight,0.000878786901012063,smoothquant_a50,1,0.22082926332950592,0.979656457901001,0.4466105103492737,0.26783987879753113,1.0,,,0.002587895840406418
UCE,Monet_s0.5,down_blocks.0.attentions.0.transformer_blocks.0.attn2.to_v.weight,0.000878786901012063,smoothquant_a50,4,0.22023214027285576,0.5564602613449097,0.08545735478401184,0.16229696571826935,1.0,,,0.002587895840406418
UCE,Monet_s0.5,down_blocks.0.attentions.0.transformer_blocks.0.attn2.to_v.weight,0.000878786901012063,smoothquant_a50,16,0.22002563532441854,0.27188998460769653,0.02869059331715107,0.09969670325517654,1.0,,,0.002587895840406418
UCE,Monet_s0.5,down_blocks.0.attentions.0.transformer_blocks.0.attn2.to_v.weight,0.000878786901012063,smoothquant_a75,1,0.2364705353975296,1.0618031024932861,0.6377522945404053,0.2930048108100891,1.0,,,0.002587895840406418
UCE,Monet_s0.5,down_blocks.0.attentions.0.transformer_blocks.0.attn2.to_v.weight,0.000878786901012063,smoothquant_a75,4,0.23583678901195526,0.6213377714157104,0.17387288808822632,0.18323345482349396,1.0,,,0.002587895840406418
UCE,Monet_s0.5,down_blocks.0.attentions.0.transformer_blocks.0.attn2.to_v.weight,0.000878786901012063,smoothquant_a75,16,0.23533172439783812,0.3060154914855957,0.06463216245174408,0.11447162181138992,1.0,,,0.002587895840406418
UCE,Monet_s0.5,down_blocks.0.attentions.0.transformer_blocks.0.attn2.to_v.weight,0.000878786901012063,smoothquant_a85,1,0.24169921875,1.1151573657989502,0.7210408449172974,0.30856946110725403,1.0,,,0.002587895840406418
UCE,Monet_s0.5,down_blocks.0.attentions.0.transformer_blocks.0.attn2.to_v.weight,0.000878786901012063,smoothquant_a85,4,0.24139505997300148,0.6682090163230896,0.23016357421875,0.19731734693050385,1.0,,,0.002587895840406418
UCE,Monet_s0.5,down_blocks.0.attentions.0.transformer_blocks.0.attn2.to_v.weight,0.000878786901012063,smoothquant_a85,16,0.24074350949376822,0.34348979592323303,0.09449055790901184,0.12706869840621948,1.0,,,0.002587895840406418
UCE,Monet_s0.5,down_blocks.0.attentions.0.transformer_blocks.0.attn2.to_v.weight,0.000878786901012063,awq_a50,1,0.23589274287223816,1.0342991352081299,0.642749011516571,0.2852385938167572,1.0,,,0.002587895840406418
UCE,Monet_s0.5,down_blocks.0.attentions.0.transformer_blocks.0.attn2.to_v.weight,0.000878786901012063,awq_a50,4,0.23545430600643158,0.5988206267356873,0.12308349460363388,0.17529405653476715,1.0,,,0.002587895840406418
UCE,Monet_s0.5,down_blocks.0.attentions.0.transformer_blocks.0.attn2.to_v.weight,0.000878786901012063,awq_a50,16,0.23489023745059967,0.2935011386871338,0.03983968123793602,0.11015314608812332,1.0,,,0.002587895840406418
UCE,Monet_s0.5,down_blocks.0.attentions.1.transformer_blocks.0.attn2.to_k.weight,0.002276222687214613,w_only_int8,0,0.25128987431526184,1.0,0.0,,,0.9988240599632263,0.977283239364624,
UCE,Monet_s0.5,down_blocks.0.attentions.1.transformer_blocks.0.attn2.to_k.weight,0.002276222687214613,smoothquant_a50,1,0.26121824979782104,1.0100480318069458,0.5173258185386658,0.2918166220188141,1.0,,,0.003181564388796687
UCE,Monet_s0.5,down_blocks.0.attentions.1.transformer_blocks.0.attn2.to_k.weight,0.002276222687214613,smoothquant_a50,4,0.26158954948186874,0.6791337728500366,0.19625243544578552,0.20270809531211853,1.0,,,0.003181564388796687
UCE,Monet_s0.5,down_blocks.0.attentions.1.transformer_blocks.0.attn2.to_k.weight,0.002276222687214613,smoothquant_a50,16,0.2607368417084217,0.3545301854610443,0.09578857570886612,0.13642197847366333,1.0,,,0.003181564388796687
UCE,Monet_s0.5,down_blocks.0.attentions.1.transformer_blocks.0.attn2.to_k.weight,0.002276222687214613,smoothquant_a75,1,0.33552247285842896,1.3865869045257568,0.9343912601470947,0.3781556785106659,1.0,,,0.003181564388796687
UCE,Monet_s0.5,down_blocks.0.attentions.1.transformer_blocks.0.attn2.to_k.weight,0.002276222687214613,smoothquant_a75,4,0.33511658012866974,0.9974362850189209,0.49822998046875,0.2772882878780365,1.0,,,0.003181564388796687
UCE,Monet_s0.5,down_blocks.0.attentions.1.transformer_blocks.0.attn2.to_k.weight,0.002276222687214613,smoothquant_a75,16,0.33377787098288536,0.53227698802948,0.23968099057674408,0.19416865706443787,1.0,,,0.003181564388796687
UCE,Monet_s0.5,down_blocks.0.attentions.1.transformer_blocks.0.attn2.to_k.weight,0.002276222687214613,smoothquant_a85,1,0.36998289823532104,1.6346039772033691,0.9680338501930237,0.4184482991695404,1.0,,,0.003181564388796687
UCE,Monet_s0.5,down_blocks.0.attentions.1.transformer_blocks.0.attn2.to_k.weight,0.002276222687214613,smoothquant_a85,4,0.3699747696518898,1.1837437152862549,0.6054036617279053,0.3130757212638855,1.0,,,0.003181564388796687
UCE,Monet_s0.5,down_blocks.0.attentions.1.transformer_blocks.0.attn2.to_k.weight,0.002276222687214613,smoothquant_a85,16,0.36856028251349926,0.6533868312835693,0.32187092304229736,0.22395704686641693,1.0,,,0.003181564388796687
UCE,Monet_s0.5,down_blocks.0.attentions.1.transformer_blocks.0.attn2.to_k.weight,0.002276222687214613,awq_a50,1,0.31580403447151184,1.3838411569595337,0.9326212406158447,0.36008912324905396,1.0,,,0.003181564388796687
UCE,Monet_s0.5,down_blocks.0.attentions.1.transformer_blocks.0.attn2.to_k.weight,0.002276222687214613,awq_a50,4,0.3154296875,0.9613096714019775,0.47186279296875,0.2630939483642578,1.0,,,0.003181564388796687
UCE,Monet_s0.5,down_blocks.0.attentions.1.transformer_blocks.0.attn2.to_k.weight,0.002276222687214613,awq_a50,16,0.31510620191693306,0.530332088470459,0.2491862028837204,0.19024422764778137,0.9999997466802597,,,0.003181564388796687
UCE,Monet_s0.5,down_blocks.0.attentions.1.transformer_blocks.0.attn2.to_v.weight,0.0006482525495812297,w_only_int8,0,0.23074544966220856,1.0,0.0,,,0.9989916682243347,0.9738192558288574,
UCE,Monet_s0.5,down_blocks.0.attentions.1.transformer_blocks.0.attn2.to_v.weight,0.0006482525495812297,smoothquant_a50,1,0.2133585661649704,0.9856128692626953,0.47210693359375,0.2647225856781006,1.0,,,0.0034553653094917536
UCE,Monet_s0.5,down_blocks.0.attentions.1.transformer_blocks.0.attn2.to_v.weight,0.0006482525495812297,smoothquant_a50,4,0.21274617314338684,0.5526722073554993,0.1032511368393898,0.16405586898326874,1.0,,,0.0034553653094917536
UCE,Monet_s0.5,down_blocks.0.attentions.1.transformer_blocks.0.attn2.to_v.weight,0.0006482525495812297,smoothquant_a50,16,0.21218668669462204,0.2727578580379486,0.03338623046875,0.10191483050584793,1.0,,,0.0034553653094917536
UCE,Monet_s0.5,down_blocks.0.attentions.1.transformer_blocks.0.attn2.to_v.weight,0.0006482525495812297,smoothquant_a75,1,0.2345174103975296,1.108854055404663,0.7004557251930237,0.3129298985004425,1.0,,,0.0034553653094917536
UCE,Monet_s0.5,down_blocks.0.attentions.1.transformer_blocks.0.attn2.to_v.weight,0.0006482525495812297,smoothquant_a75,4,0.23195088654756546,0.6872944235801697,0.24279378354549408,0.2059044986963272,1.0,,,0.0034553653094917536
UCE,Monet_s0.5,down_blocks.0.attentions.1.transformer_blocks.0.attn2.to_v.weight,0.0006482525495812297,smoothquant_a75,16,0.23224131017923355,0.35943904519081116,0.10358479619026184,0.13836288452148438,1.0,,,0.0034553653094917536
UCE,Monet_s0.5,down_blocks.0.attentions.1.transformer_blocks.0.attn2.to_v.weight,0.0006482525495812297,smoothquant_a85,1,0.24772949516773224,1.2423148155212402,0.8131510615348816,0.3428390622138977,1.0,,,0.0034553653094917536
UCE,Monet_s0.5,down_blocks.0.attentions.1.transformer_blocks.0.attn2.to_v.weight,0.0006482525495812297,smoothquant_a85,4,0.24678650125861168,0.7995458841323853,0.3472941219806671,0.23371608555316925,1.0,,,0.0034553653094917536
UCE,Monet_s0.5,down_blocks.0.attentions.1.transformer_blocks.0.attn2.to_v.weight,0.0006482525495812297,smoothquant_a85,16,0.24582799524068832,0.4253864884376526,0.16275228559970856,0.16142186522483826,1.0,,,0.0034553653094917536
UCE,Monet_s0.5,down_blocks.0.attentions.1.transformer_blocks.0.attn2.to_v.weight,0.0006482525495812297,awq_a50,1,0.23599854111671448,1.0588831901550293,0.701855480670929,0.30462685227394104,1.0,,,0.0034553653094917536
UCE,Monet_s0.5,down_blocks.0.attentions.1.transformer_blocks.0.attn2.to_v.weight,0.0006482525495812297,awq_a50,4,0.23472188785672188,0.6529262661933899,0.1762898713350296,0.20041073858737946,1.0,,,0.0034553653094917536
UCE,Monet_s0.5,down_blocks.0.attentions.1.transformer_blocks.0.attn2.to_v.weight,0.0006482525495812297,awq_a50,16,0.23481547087430954,0.3205111622810364,0.06599528342485428,0.13456405699253082,1.0,,,0.0034553653094917536
UCE,Monet_s0.5,down_blocks.1.attentions.0.transformer_blocks.0.attn2.to_k.weight,0.0028007670771330595,w_only_int8,0,0.20210367441177368,1.0,0.0,,,0.998845100402832,0.9870759844779968,
UCE,Monet_s0.5,down_blocks.1.attentions.0.transformer_blocks.0.attn2.to_k.weight,0.0028007670771330595,smoothquant_a50,1,0.20386962592601776,1.02181077003479,0.5655619502067566,0.24007011950016022,1.0,,,0.002485750475898385
UCE,Monet_s0.5,down_blocks.1.attentions.0.transformer_blocks.0.attn2.to_k.weight,0.0028007670771330595,smoothquant_a50,4,0.20388082042336464,0.5918721556663513,0.12605184316635132,0.14684081077575684,1.0,,,0.002485750475898385
UCE,Monet_s0.5,down_blocks.1.attentions.0.transformer_blocks.0.attn2.to_k.weight,0.0028007670771330595,smoothquant_a50,16,0.20384165365248919,0.28109732270240784,0.04560750350356102,0.08898580819368362,1.0,,,0.002485750475898385
UCE,Monet_s0.5,down_blocks.1.attentions.0.transformer_blocks.0.attn2.to_k.weight,0.0028007670771330595,smoothquant_a75,1,0.22369791567325592,1.1257797479629517,0.7499837279319763,0.2675417959690094,1.0,,,0.002485750475898385
UCE,Monet_s0.5,down_blocks.1.attentions.0.transformer_blocks.0.attn2.to_k.weight,0.0028007670771330595,smoothquant_a75,4,0.2229766845703125,0.6875406503677368,0.241302490234375,0.17222097516059875,1.0,,,0.002485750475898385
UCE,Monet_s0.5,down_blocks.1.attentions.0.transformer_blocks.0.attn2.to_k.weight,0.0028007670771330595,smoothquant_a75,16,0.2221389776095748,0.32254165410995483,0.07917683571577072,0.10337377339601517,1.0,,,0.002485750475898385
UCE,Monet_s0.5,down_blocks.1.attentions.0.transformer_blocks.0.attn2.to_k.weight,0.0028007670771330595,smoothquant_a85,1,0.23095092177391052,1.2090075016021729,0.815386950969696,0.28474563360214233,1.0,,,0.002485750475898385
UCE,Monet_s0.5,down_blocks.1.attentions.0.transformer_blocks.0.attn2.to_k.weight,0.0028007670771330595,smoothquant_a85,4,0.23097534105181694,0.752985954284668,0.3105367124080658,0.1875409334897995,1.0,,,0.002485750475898385
UCE,Monet_s0.5,down_blocks.1.attentions.0.transformer_blocks.0.attn2.to_k.weight,0.0028007670771330595,smoothquant_a85,16,0.23010330088436604,0.3550160527229309,0.10611572116613388,0.11394456028938293,1.0,,,0.002485750475898385
UCE,Monet_s0.5,down_blocks.1.attentions.0.transformer_blocks.0.attn2.to_k.weight,0.0028007670771330595,awq_a50,1,0.2083638459444046,1.0461970567703247,0.678631603717804,0.2474658340215683,1.0,,,0.002485750475898385
UCE,Monet_s0.5,down_blocks.1.attentions.0.transformer_blocks.0.attn2.to_k.weight,0.0028007670771330595,awq_a50,4,0.20772959291934967,0.624534010887146,0.15286865830421448,0.15337707102298737,0.9999994933605194,,,0.002485750475898385
UCE,Monet_s0.5,down_blocks.1.attentions.0.transformer_blocks.0.attn2.to_k.weight,0.0028007670771330595,awq_a50,16,0.2073815669864416,0.29267725348472595,0.0500284843146801,0.09217118471860886,0.9999992400407791,,,0.002485750475898385
UCE,Monet_s0.5,down_blocks.1.attentions.0.transformer_blocks.0.attn2.to_v.weight,0.0010157149517908692,w_only_int8,0,0.21903076767921448,1.0,0.0,,,0.9991589784622192,0.9835779666900635,
UCE,Monet_s0.5,down_blocks.1.attentions.0.transformer_blocks.0.attn2.to_v.weight,0.0010157149517908692,smoothquant_a50,1,0.20694783329963684,0.9813985228538513,0.44924113154411316,0.24884933233261108,1.0,,,0.0028017410077154636
UCE,Monet_s0.5,down_blocks.1.attentions.0.transformer_blocks.0.attn2.to_v.weight,0.0010157149517908692,smoothquant_a50,4,0.20690205693244934,0.5414122343063354,0.0638427734375,0.14708983898162842,1.0,,,0.0028017410077154636
UCE,Monet_s0.5,down_blocks.1.attentions.0.transformer_blocks.0.attn2.to_v.weight,0.0010157149517908692,smoothquant_a50,16,0.20681495685130358,0.2606659233570099,0.01579793356359005,0.0884149968624115,1.0,,,0.0028017410077154636
UCE,Monet_s0.5,down_blocks.1.attentions.0.transformer_blocks.0.attn2.to_v.weight,0.0010157149517908692,smoothquant_a75,1,0.21010538935661316,1.0386439561843872,0.601104736328125,0.26386144757270813,1.0,,,0.0028017410077154636
UCE,Monet_s0.5,down_blocks.1.attentions.0.transformer_blocks.0.attn2.to_v.weight,0.0010157149517908692,smoothquant_a75,4,0.20988159254193306,0.5791652202606201,0.11709798127412796,0.15861466526985168,1.0,,,0.0028017410077154636
UCE,Monet_s0.5,down_blocks.1.attentions.0.transformer_blocks.0.attn2.to_v.weight,0.0010157149517908692,smoothquant_a75,16,0.20982233621180058,0.2880304455757141,0.0329793281853199,0.09709847718477249,1.0,,,0.0028017410077154636
UCE,Monet_s0.5,down_blocks.1.attentions.0.transformer_blocks.0.attn2.to_v.weight,0.0010157149517908692,smoothquant_a85,1,0.21112060546875,1.0821473598480225,0.6867533326148987,0.2756871283054352,1.0,,,0.0028017410077154636
UCE,Monet_s0.5,down_blocks.1.attentions.0.transformer_blocks.0.attn2.to_v.weight,0.0010157149517908692,smoothquant_a85,4,0.21081746369600296,0.6239060759544373,0.17076009511947632,0.1700936257839203,1.0,,,0.0028017410077154636
UCE,Monet_s0.5,down_blocks.1.attentions.0.transformer_blocks.0.attn2.to_v.weight,0.0010157149517908692,smoothquant_a85,16,0.21056098863482475,0.3159450590610504,0.05511474609375,0.10633581876754761,1.0,,,0.0028017410077154636
UCE,Monet_s0.5,down_blocks.1.attentions.0.transformer_blocks.0.attn2.to_v.weight,0.0010157149517908692,awq_a50,1,0.21431884169578552,1.0178821086883545,0.5870584845542908,0.25849875807762146,1.0,,,0.0028017410077154636
UCE,Monet_s0.5,down_blocks.1.attentions.0.transformer_blocks.0.attn2.to_v.weight,0.0010157149517908692,awq_a50,4,0.21439819037914276,0.5701361298561096,0.068389892578125,0.15428681671619415,0.9999994933605194,,,0.0028017410077154636
UCE,Monet_s0.5,down_blocks.1.attentions.0.transformer_blocks.0.attn2.to_v.weight,0.0010157149517908692,awq_a50,16,0.21449038200080395,0.27296096086502075,0.015063476748764515,0.09300865978002548,0.999999113380909,,,0.0028017410077154636
UCE,Monet_s0.5,down_blocks.1.attentions.1.transformer_blocks.0.attn2.to_k.weight,0.0024181774351745844,w_only_int8,0,0.20591023564338684,1.0,0.0,,,0.9988512992858887,0.9861670136451721,
UCE,Monet_s0.5,down_blocks.1.attentions.1.transformer_blocks.0.attn2.to_k.weight,0.0024181774351745844,smoothquant_a50,1,0.21414795517921448,1.0793923139572144,0.6773824095726013,0.255190372467041,1.0,,,0.002896868158131838
UCE,Monet_s0.5,down_blocks.1.attentions.1.transformer_blocks.0.attn2.to_k.weight,0.0024181774351745844,smoothquant_a50,4,0.21352335438132286,0.6699565649032593,0.20737101137638092,0.164826899766922,1.0,,,0.002896868158131838
UCE,Monet_s0.5,down_blocks.1.attentions.1.transformer_blocks.0.attn2.to_k.weight,0.0024181774351745844,smoothquant_a50,16,0.21319719962775707,0.32064008712768555,0.06673380732536316,0.10254191607236862,1.0,,,0.002896868158131838
UCE,Monet_s0.5,down_blocks.1.attentions.1.transformer_blocks.0.attn2.to_k.weight,0.0024181774351745844,smoothquant_a75,1,0.25160521268844604,1.3493317365646362,0.8679443597793579,0.30423516035079956,1.0,,,0.002896868158131838
UCE,Monet_s0.5,down_blocks.1.attentions.1.transformer_blocks.0.attn2.to_k.weight,0.0024181774351745844,smoothquant_a75,4,0.25138092041015625,0.8672686815261841,0.409637451171875,0.20928290486335754,1.0,,,0.002896868158131838
UCE,Monet_s0.5,down_blocks.1.attentions.1.transformer_blocks.0.attn2.to_k.weight,0.0024181774351745844,smoothquant_a75,16,0.2501349123194814,0.41498488187789917,0.15356241166591644,0.1320882886648178,1.0,,,0.002896868158131838
UCE,Monet_s0.5,down_blocks.1.attentions.1.transformer_blocks.0.attn2.to_k.weight,0.0024181774351745844,smoothquant_a85,1,0.27329713106155396,1.5321338176727295,0.9114481806755066,0.33139801025390625,1.0,,,0.002896868158131838
UCE,Monet_s0.5,down_blocks.1.attentions.1.transformer_blocks.0.attn2.to_k.weight,0.0024181774351745844,smoothquant_a85,4,0.2726079300045967,0.9817600250244141,0.4889668822288513,0.23262572288513184,1.0,,,0.002896868158131838
UCE,Monet_s0.5,down_blocks.1.attentions.1.transformer_blocks.0.attn2.to_k.weight,0.0024181774351745844,smoothquant_a85,16,0.2713185604661703,0.4778890609741211,0.20401611924171448,0.149534210562706,1.0,,,0.002896868158131838
UCE,Monet_s0.5,down_blocks.1.attentions.1.transformer_blocks.0.attn2.to_k.weight,0.0024181774351745844,awq_a50,1,0.22969156503677368,1.1644442081451416,0.8212300539016724,0.2746935188770294,1.0,,,0.002896868158131838
UCE,Monet_s0.5,down_blocks.1.attentions.1.transformer_blocks.0.attn2.to_k.weight,0.0024181774351745844,awq_a50,4,0.22950439527630806,0.7631142139434814,0.309539794921875,0.1839819699525833,1.0,,,0.002896868158131838
UCE,Monet_s0.5,down_blocks.1.attentions.1.transformer_blocks.0.attn2.to_k.weight,0.0024181774351745844,awq_a50,16,0.2290877029299736,0.36802682280540466,0.11754557490348816,0.11707093566656113,0.9999998733401299,,,0.002896868158131838
UCE,Monet_s0.5,down_blocks.1.attentions.1.transformer_blocks.0.attn2.to_v.weight,0.0008779849740676582,w_only_int8,0,0.21464844048023224,1.0,0.0,,,0.9992249608039856,0.9837163686752319,
UCE,Monet_s0.5,down_blocks.1.attentions.1.transformer_blocks.0.attn2.to_v.weight,0.0008779849740676582,smoothquant_a50,1,0.19808349013328552,0.9534518718719482,0.404327392578125,0.23725773394107819,1.0,,,0.003185752546414733
UCE,Monet_s0.5,down_blocks.1.attentions.1.transformer_blocks.0.attn2.to_v.weight,0.0008779849740676582,smoothquant_a50,4,0.19839121401309967,0.5319646596908569,0.07403564453125,0.14249306917190552,1.0,,,0.003185752546414733
UCE,Monet_s0.5,down_blocks.1.attentions.1.transformer_blocks.0.attn2.to_v.weight,0.0008779849740676582,smoothquant_a50,16,0.1979169212281704,0.26149624586105347,0.01919962652027607,0.08696770668029785,1.0,,,0.003185752546414733
UCE,Monet_s0.5,down_blocks.1.attentions.1.transformer_blocks.0.attn2.to_v.weight,0.0008779849740676582,smoothquant_a75,1,0.20210164785385132,1.0367916822433472,0.5794677734375,0.2605401575565338,1.0,,,0.003185752546414733
UCE,Monet_s0.5,down_blocks.1.attentions.1.transformer_blocks.0.attn2.to_v.weight,0.0008779849740676582,smoothquant_a75,4,0.20173746719956398,0.6016749739646912,0.1464131623506546,0.16088685393333435,1.0,,,0.003185752546414733
UCE,Monet_s0.5,down_blocks.1.attentions.1.transformer_blocks.0.attn2.to_v.weight,0.0008779849740676582,smoothquant_a75,16,0.20118370279669762,0.3018483817577362,0.04635213315486908,0.10047370940446854,1.0,,,0.003185752546414733
UCE,Monet_s0.5,down_blocks.1.attentions.1.transformer_blocks.0.attn2.to_v.weight,0.0008779849740676582,smoothquant_a85,1,0.20683187246322632,1.0955027341842651,0.6817342042922974,0.2756895124912262,1.0,,,0.003185752546414733
UCE,Monet_s0.5,down_blocks.1.attentions.1.transformer_blocks.0.attn2.to_v.weight,0.0008779849740676582,smoothquant_a85,4,0.20662587136030197,0.6544297337532043,0.20623983442783356,0.1743285059928894,1.0,,,0.003185752546414733
UCE,Monet_s0.5,down_blocks.1.attentions.1.transformer_blocks.0.attn2.to_v.weight,0.0008779849740676582,smoothquant_a85,16,0.20629958994686604,0.33460548520088196,0.0748189315199852,0.11103834956884384,1.0,,,0.003185752546414733
UCE,Monet_s0.5,down_blocks.1.attentions.1.transformer_blocks.0.attn2.to_v.weight,0.0008779849740676582,awq_a50,1,0.21302694082260132,1.0204347372055054,0.594696044921875,0.25681111216545105,1.0,,,0.003185752546414733
UCE,Monet_s0.5,down_blocks.1.attentions.1.transformer_blocks.0.attn2.to_v.weight,0.0008779849740676582,awq_a50,4,0.21299641579389572,0.583996593952179,0.08747965842485428,0.15649676322937012,1.0,,,0.003185752546414733
UCE,Monet_s0.5,down_blocks.1.attentions.1.transformer_blocks.0.attn2.to_v.weight,0.0008779849740676582,awq_a50,16,0.21263478603214025,0.28212690353393555,0.02538045309484005,0.09783560037612915,0.9999998733401299,,,0.003185752546414733
UCE,Monet_s0.5,down_blocks.2.attentions.0.transformer_blocks.0.attn2.to_k.weight,0.0022614216431975365,w_only_int8,0,0.19608663022518158,1.0,0.0,,,0.999073326587677,0.9876300692558289,
UCE,Monet_s0.5,down_blocks.2.attentions.0.transformer_blocks.0.attn2.to_k.weight,0.0022614216431975365,smoothquant_a50,1,0.19228211045265198,1.0312684774398804,0.6049519777297974,0.23319794237613678,1.0,,,0.002584630623459816
UCE,Monet_s0.5,down_blocks.2.attentions.0.transformer_blocks.0.attn2.to_k.weight,0.0022614216431975365,smoothquant_a50,4,0.1921791061758995,0.5826514959335327,0.10628052055835724,0.13948260247707367,1.0,,,0.002584630623459816
UCE,Monet_s0.5,down_blocks.2.attentions.0.transformer_blocks.0.attn2.to_k.weight,0.0022614216431975365,smoothquant_a50,16,0.1919778808951378,0.2799060344696045,0.03099670447409153,0.08461985737085342,1.0,,,0.002584630623459816
UCE,Monet_s0.5,down_blocks.2.attentions.0.transformer_blocks.0.attn2.to_k.weight,0.0022614216431975365,smoothquant_a75,1,0.20751647651195526,1.1174545288085938,0.7514485716819763,0.2564734220504761,1.0,,,0.002584630623459816
UCE,Monet_s0.5,down_blocks.2.attentions.0.transformer_blocks.0.attn2.to_k.weight,0.0022614216431975365,smoothquant_a75,4,0.20760396122932434,0.6659644246101379,0.21786294877529144,0.16123220324516296,1.0,,,0.002584630623459816
UCE,Monet_s0.5,down_blocks.2.attentions.0.transformer_blocks.0.attn2.to_k.weight,0.0022614216431975365,smoothquant_a75,16,0.20691661816090345,0.31615138053894043,0.06174926832318306,0.09648358821868896,1.0,,,0.002584630623459816
UCE,Monet_s0.5,down_blocks.2.attentions.0.transformer_blocks.0.attn2.to_k.weight,0.0022614216431975365,smoothquant_a85,1,0.218353271484375,1.1938482522964478,0.8135894536972046,0.27395328879356384,1.0,,,0.002584630623459816
UCE,Monet_s0.5,down_blocks.2.attentions.0.transformer_blocks.0.attn2.to_k.weight,0.0022614216431975365,smoothquant_a85,4,0.21775690838694572,0.7362092137336731,0.29348957538604736,0.17827089130878448,1.0,,,0.002584630623459816
UCE,Monet_s0.5,down_blocks.2.attentions.0.transformer_blocks.0.attn2.to_k.weight,0.0022614216431975365,smoothquant_a85,16,0.21660264395177364,0.34824424982070923,0.08975016325712204,0.10723841935396194,1.0,,,0.002584630623459816
UCE,Monet_s0.5,down_blocks.2.attentions.0.transformer_blocks.0.attn2.to_k.weight,0.0022614216431975365,awq_a50,1,0.19888916611671448,1.0425196886062622,0.6737640500068665,0.23898182809352875,1.0,,,0.002584630623459816
UCE,Monet_s0.5,down_blocks.2.attentions.0.transformer_blocks.0.attn2.to_k.weight,0.0022614216431975365,awq_a50,4,0.19850972667336464,0.6163690686225891,0.14196065068244934,0.1472589075565338,0.9999997466802597,,,0.002584630623459816
UCE,Monet_s0.5,down_blocks.2.attentions.0.transformer_blocks.0.attn2.to_k.weight,0.0022614216431975365,awq_a50,16,0.19829184096306562,0.28914910554885864,0.03518371656537056,0.08725794404745102,0.9999998100101948,,,0.002584630623459816
UCE,Monet_s0.5,down_blocks.2.attentions.0.transformer_blocks.0.attn2.to_v.weight,0.0013601392274722457,w_only_int8,0,0.22088521718978882,1.0,0.0,,,0.9994646310806274,0.9844419956207275,
UCE,Monet_s0.5,down_blocks.2.attentions.0.transformer_blocks.0.attn2.to_v.weight,0.0013601392274722457,smoothquant_a50,1,0.20874227583408356,0.9884019494056702,0.46546223759651184,0.2472940981388092,1.0,,,0.0028357263654470444
UCE,Monet_s0.5,down_blocks.2.attentions.0.transformer_blocks.0.attn2.to_v.weight,0.0013601392274722457,smoothquant_a50,4,0.2090853415429592,0.5392013192176819,0.06531371921300888,0.14519990980625153,1.0,,,0.0028357263654470444
UCE,Monet_s0.5,down_blocks.2.attentions.0.transformer_blocks.0.attn2.to_v.weight,0.0013601392274722457,smoothquant_a50,16,0.2092540105804801,0.2614686191082001,0.01678568497300148,0.08770977705717087,1.0,,,0.0028357263654470444
UCE,Monet_s0.5,down_blocks.2.attentions.0.transformer_blocks.0.attn2.to_v.weight,0.0013601392274722457,smoothquant_a75,1,0.21389871835708618,1.0326303243637085,0.5887685418128967,0.25915026664733887,1.0,,,0.0028357263654470444
UCE,Monet_s0.5,down_blocks.2.attentions.0.transformer_blocks.0.attn2.to_v.weight,0.0013601392274722457,smoothquant_a75,4,0.21442362293601036,0.5633142590522766,0.10187683254480362,0.15308170020580292,1.0,,,0.0028357263654470444
UCE,Monet_s0.5,down_blocks.2.attentions.0.transformer_blocks.0.attn2.to_v.weight,0.0013601392274722457,smoothquant_a75,16,0.21459840051829815,0.2743873596191406,0.02599487267434597,0.0912267416715622,1.0,,,0.0028357263654470444
UCE,Monet_s0.5,down_blocks.2.attentions.0.transformer_blocks.0.attn2.to_v.weight,0.0013601392274722457,smoothquant_a85,1,0.21531575918197632,1.0607352256774902,0.6490844488143921,0.26637426018714905,1.0,,,0.0028357263654470444
UCE,Monet_s0.5,down_blocks.2.attentions.0.transformer_blocks.0.attn2.to_v.weight,0.0013601392274722457,smoothquant_a85,4,0.2160090133547783,0.5830649733543396,0.12801004946231842,0.15859977900981903,1.0,,,0.0028357263654470444
UCE,Monet_s0.5,down_blocks.2.attentions.0.transformer_blocks.0.attn2.to_v.weight,0.0013601392274722457,smoothquant_a85,16,0.21608161833137274,0.28437891602516174,0.03444010391831398,0.09498362243175507,1.0,,,0.0028357263654470444
UCE,Monet_s0.5,down_blocks.2.attentions.0.transformer_blocks.0.attn2.to_v.weight,0.0013601392274722457,awq_a50,1,0.21513570845127106,1.0098011493682861,0.5481832027435303,0.25191542506217957,1.0,,,0.0028357263654470444
UCE,Monet_s0.5,down_blocks.2.attentions.0.transformer_blocks.0.attn2.to_v.weight,0.0013601392274722457,awq_a50,4,0.21538060903549194,0.55194091796875,0.0547434501349926,0.14738716185092926,0.9999997466802597,,,0.0028357263654470444
UCE,Monet_s0.5,down_blocks.2.attentions.0.transformer_blocks.0.attn2.to_v.weight,0.0013601392274722457,awq_a50,16,0.215188916772604,0.2665642499923706,0.011098225601017475,0.0889882892370224,0.9999998100101948,,,0.0028357263654470444
UCE,Monet_s0.5,down_blocks.2.attentions.1.transformer_blocks.0.attn2.to_k.weight,0.002389719244092703,w_only_int8,0,0.20089314877986908,1.0,0.0,,,0.9991442561149597,0.9865192770957947,
UCE,Monet_s0.5,down_blocks.2.attentions.1.transformer_blocks.0.attn2.to_k.weight,0.002389719244092703,smoothquant_a50,1,0.19687601923942566,1.0240137577056885,0.5797129273414612,0.23717765510082245,1.0,,,0.0027768942527472973
UCE,Monet_s0.5,down_blocks.2.attentions.1.transformer_blocks.0.attn2.to_k.weight,0.002389719244092703,smoothquant_a50,4,0.1967155486345291,0.5671745538711548,0.08765767514705658,0.14046022295951843,1.0,,,0.0027768942527472973
UCE,Monet_s0.5,down_blocks.2.attentions.1.transformer_blocks.0.attn2.to_k.weight,0.002389719244092703,smoothquant_a50,16,0.1967771528288722,0.2745201289653778,0.02351888082921505,0.08510196208953857,1.0,,,0.0027768942527472973
UCE,Monet_s0.5,down_blocks.2.attentions.1.transformer_blocks.0.attn2.to_k.weight,0.002389719244092703,smoothquant_a75,1,0.20867207646369934,1.0819494724273682,0.7026448845863342,0.25544968247413635,1.0,,,0.0027768942527472973
UCE,Monet_s0.5,down_blocks.2.attentions.1.transformer_blocks.0.attn2.to_k.weight,0.002389719244092703,smoothquant_a75,4,0.20849863439798355,0.6200922131538391,0.17111001908779144,0.15694105625152588,1.0,,,0.0027768942527472973
UCE,Monet_s0.5,down_blocks.2.attentions.1.transformer_blocks.0.attn2.to_k.weight,0.002389719244092703,smoothquant_a75,16,0.20814209058880806,0.2934141755104065,0.04070841521024704,0.09195926040410995,1.0,,,0.0027768942527472973
UCE,Monet_s0.5,down_blocks.2.attentions.1.transformer_blocks.0.attn2.to_k.weight,0.002389719244092703,smoothquant_a85,1,0.21589049696922302,1.131230354309082,0.7614166140556335,0.2695150077342987,1.0,,,0.0027768942527472973
UCE,Monet_s0.5,down_blocks.2.attentions.1.transformer_blocks.0.attn2.to_k.weight,0.002389719244092703,smoothquant_a85,4,0.21562067046761513,0.6753813624382019,0.23311766982078552,0.1710679680109024,1.0,,,0.0027768942527472973
UCE,Monet_s0.5,down_blocks.2.attentions.1.transformer_blocks.0.attn2.to_k.weight,0.002389719244092703,smoothquant_a85,16,0.21483141463249922,0.3141815960407257,0.05769551545381546,0.0990489274263382,1.0,,,0.0027768942527472973
UCE,Monet_s0.5,down_blocks.2.attentions.1.transformer_blocks.0.attn2.to_k.weight,0.002389719244092703,awq_a50,1,0.20189209282398224,1.0326664447784424,0.6416890621185303,0.24366015195846558,1.0,,,0.0027768942527472973
UCE,Monet_s0.5,down_blocks.2.attentions.1.transformer_blocks.0.attn2.to_k.weight,0.002389719244092703,awq_a50,4,0.20188191905617714,0.5990562438964844,0.12151183933019638,0.14876620471477509,1.0,,,0.0027768942527472973
UCE,Monet_s0.5,down_blocks.2.attentions.1.transformer_blocks.0.attn2.to_k.weight,0.002389719244092703,awq_a50,16,0.20181217323988676,0.2824549674987793,0.026947021484375,0.08783002197742462,1.0,,,0.0027768942527472973
UCE,Monet_s0.5,down_blocks.2.attentions.1.transformer_blocks.0.attn2.to_v.weight,0.0013939115451648831,w_only_int8,0,0.21996764838695526,1.0,0.0,,,0.9993914365768433,0.9839198589324951,
UCE,Monet_s0.5,down_blocks.2.attentions.1.transformer_blocks.0.attn2.to_v.weight,0.0013939115451648831,smoothquant_a50,1,0.2088419646024704,0.997185230255127,0.4920969605445862,0.25220105051994324,1.0,,,0.0028655128553509712
UCE,Monet_s0.5,down_blocks.2.attentions.1.transformer_blocks.0.attn2.to_v.weight,0.0013939115451648831,smoothquant_a50,4,0.20909296721220016,0.548024594783783,0.07788289338350296,0.14873100817203522,1.0,,,0.0028655128553509712
UCE,Monet_s0.5,down_blocks.2.attentions.1.transformer_blocks.0.attn2.to_v.weight,0.0013939115451648831,smoothquant_a50,16,0.20908813457936049,0.2667006254196167,0.023193359375,0.09075312316417694,1.0,,,0.0028655128553509712
UCE,Monet_s0.5,down_blocks.2.attentions.1.transformer_blocks.0.attn2.to_v.weight,0.0013939115451648831,smoothquant_a75,1,0.21220703423023224,1.0320401191711426,0.5869303345680237,0.2616834342479706,1.0,,,0.0028655128553509712
UCE,Monet_s0.5,down_blocks.2.attentions.1.transformer_blocks.0.attn2.to_v.weight,0.0013939115451648831,smoothquant_a75,4,0.21269810944795609,0.561224639415741,0.10214843600988388,0.15407587587833405,1.0,,,0.0028655128553509712
UCE,Monet_s0.5,down_blocks.2.attentions.1.transformer_blocks.0.attn2.to_v.weight,0.0013939115451648831,smoothquant_a75,16,0.21294377744197845,0.27531442046165466,0.03069559670984745,0.093104287981987,1.0,,,0.0028655128553509712
UCE,Monet_s0.5,down_blocks.2.attentions.1.transformer_blocks.0.attn2.to_v.weight,0.0013939115451648831,smoothquant_a85,1,0.21426086127758026,1.0526188611984253,0.6334767937660217,0.2667926549911499,1.0,,,0.0028655128553509712
UCE,Monet_s0.5,down_blocks.2.attentions.1.transformer_blocks.0.attn2.to_v.weight,0.0013939115451648831,smoothquant_a85,4,0.2146001197397709,0.5744070410728455,0.12012328952550888,0.15818703174591064,1.0,,,0.0028655128553509712
UCE,Monet_s0.5,down_blocks.2.attentions.1.transformer_blocks.0.attn2.to_v.weight,0.0013939115451648831,smoothquant_a85,16,0.21428534109145403,0.2844878137111664,0.03783874586224556,0.09622769802808762,1.0,,,0.0028655128553509712
UCE,Monet_s0.5,down_blocks.2.attentions.1.transformer_blocks.0.attn2.to_v.weight,0.0013939115451648831,awq_a50,1,0.21478576958179474,1.0097565650939941,0.5492746829986572,0.25369003415107727,1.0,,,0.0028655128553509712
UCE,Monet_s0.5,down_blocks.2.attentions.1.transformer_blocks.0.attn2.to_v.weight,0.0013939115451648831,awq_a50,4,0.21463724970817566,0.5488337874412537,0.04717305675148964,0.1477438062429428,0.9999992400407791,,,0.0028655128553509712
UCE,Monet_s0.5,down_blocks.2.attentions.1.transformer_blocks.0.attn2.to_v.weight,0.0013939115451648831,awq_a50,16,0.21480973530560732,0.2664737403392792,0.009328206069767475,0.08965957164764404,0.9999994933605194,,,0.0028655128553509712
UCE,Monet_s0.5,up_blocks.1.attentions.0.transformer_blocks.0.attn2.to_k.weight,0.0024657973553985357,w_only_int8,0,0.2104644775390625,1.0,0.0,,,0.9993435144424438,0.98546302318573,
UCE,Monet_s0.5,up_blocks.1.attentions.0.transformer_blocks.0.attn2.to_k.weight,0.0024657973553985357,smoothquant_a50,1,0.20333760976791382,1.0116709470748901,0.5440419316291809,0.2431437075138092,1.0,,,0.002760627306997776
UCE,Monet_s0.5,up_blocks.1.attentions.0.transformer_blocks.0.attn2.to_k.weight,0.0024657973553985357,smoothquant_a50,4,0.20342585444450378,0.5524799227714539,0.0708109512925148,0.14326050877571106,1.0,,,0.002760627306997776
UCE,Monet_s0.5,up_blocks.1.attentions.0.transformer_blocks.0.attn2.to_k.weight,0.0024657973553985357,smoothquant_a50,16,0.20339959487318993,0.2661825716495514,0.01889648474752903,0.08647671341896057,1.0,,,0.002760627306997776
UCE,Monet_s0.5,up_blocks.1.attentions.0.transformer_blocks.0.attn2.to_k.weight,0.0024657973553985357,smoothquant_a75,1,0.21296386420726776,1.0549736022949219,0.6531219482421875,0.2562924921512604,1.0,,,0.002760627306997776
UCE,Monet_s0.5,up_blocks.1.attentions.0.transformer_blocks.0.attn2.to_k.weight,0.0024657973553985357,smoothquant_a75,4,0.2126167267560959,0.5843088626861572,0.12676188349723816,0.15412378311157227,1.0,,,0.002760627306997776
UCE,Monet_s0.5,up_blocks.1.attentions.0.transformer_blocks.0.attn2.to_k.weight,0.0024657973553985357,smoothquant_a75,16,0.2124908436089754,0.2764796018600464,0.02751668356359005,0.09014082700014114,1.0,,,0.002760627306997776
UCE,Monet_s0.5,up_blocks.1.attentions.0.transformer_blocks.0.attn2.to_k.weight,0.0024657973553985357,smoothquant_a85,1,0.21714171767234802,1.0881576538085938,0.706591784954071,0.2658933997154236,1.0,,,0.002760627306997776
UCE,Monet_s0.5,up_blocks.1.attentions.0.transformer_blocks.0.attn2.to_k.weight,0.0024657973553985357,smoothquant_a85,4,0.21721801534295082,0.6176731586456299,0.1714223176240921,0.16382242739200592,1.0,,,0.002760627306997776
UCE,Monet_s0.5,up_blocks.1.attentions.0.transformer_blocks.0.attn2.to_k.weight,0.0024657973553985357,smoothquant_a85,16,0.2166819255799055,0.290701687335968,0.03721415251493454,0.09532398730516434,1.0,,,0.002760627306997776
UCE,Monet_s0.5,up_blocks.1.attentions.0.transformer_blocks.0.attn2.to_k.weight,0.0024657973553985357,awq_a50,1,0.20692545175552368,1.0181117057800293,0.5851094722747803,0.24620908498764038,1.0,,,0.002760627306997776
UCE,Monet_s0.5,up_blocks.1.attentions.0.transformer_blocks.0.attn2.to_k.weight,0.0024657973553985357,awq_a50,4,0.20729268342256546,0.5694291591644287,0.0808766707777977,0.14728589355945587,0.9999997466802597,,,0.002760627306997776
UCE,Monet_s0.5,up_blocks.1.attentions.0.transformer_blocks.0.attn2.to_k.weight,0.0024657973553985357,awq_a50,16,0.207181166857481,0.2710000276565552,0.01721394807100296,0.08783437311649323,0.9999994933605194,,,0.002760627306997776
UCE,Monet_s0.5,up_blocks.1.attentions.0.transformer_blocks.0.attn2.to_v.weight,0.0017223136965185404,w_only_int8,0,0.22518107295036316,1.0,0.0,,,0.9990310072898865,0.9830803871154785,
UCE,Monet_s0.5,up_blocks.1.attentions.0.transformer_blocks.0.attn2.to_v.weight,0.0017223136965185404,smoothquant_a50,1,0.21207986772060394,0.995104193687439,0.4842946231365204,0.2553706765174866,1.0,,,0.002778710564598441
UCE,Monet_s0.5,up_blocks.1.attentions.0.transformer_blocks.0.attn2.to_v.weight,0.0017223136965185404,smoothquant_a50,4,0.21190745010972023,0.5404994487762451,0.06162821501493454,0.14993277192115784,1.0,,,0.002778710564598441
UCE,Monet_s0.5,up_blocks.1.attentions.0.transformer_blocks.0.attn2.to_v.weight,0.0017223136965185404,smoothquant_a50,16,0.21190032735466957,0.2645952105522156,0.014728800393640995,0.09119387716054916,1.0,,,0.002778710564598441
UCE,Monet_s0.5,up_blocks.1.attentions.0.transformer_blocks.0.attn2.to_v.weight,0.0017223136965185404,smoothquant_a75,1,0.21537576615810394,1.0249725580215454,0.5739156007766724,0.26236921548843384,1.0,,,0.002778710564598441
UCE,Monet_s0.5,up_blocks.1.attentions.0.transformer_blocks.0.attn2.to_v.weight,0.0017223136965185404,smoothquant_a75,4,0.21551183238625526,0.5484172701835632,0.07801005244255066,0.15267418324947357,1.0,,,0.002778710564598441
UCE,Monet_s0.5,up_blocks.1.attentions.0.transformer_blocks.0.attn2.to_v.weight,0.0017223136965185404,smoothquant_a75,16,0.21536172274500132,0.26904258131980896,0.01675618439912796,0.09143736213445663,1.0,,,0.002778710564598441
UCE,Monet_s0.5,up_blocks.1.attentions.0.transformer_blocks.0.attn2.to_v.weight,0.0017223136965185404,smoothquant_a85,1,0.2170817106962204,1.0415080785751343,0.6141387820243835,0.26634618639945984,1.0,,,0.002778710564598441
UCE,Monet_s0.5,up_blocks.1.attentions.0.transformer_blocks.0.attn2.to_v.weight,0.0017223136965185404,smoothquant_a85,4,0.21731135249137878,0.5550166368484497,0.0885772705078125,0.1547640562057495,1.0,,,0.002778710564598441
UCE,Monet_s0.5,up_blocks.1.attentions.0.transformer_blocks.0.attn2.to_v.weight,0.0017223136965185404,smoothquant_a85,16,0.2173465108498931,0.2724755108356476,0.01916605606675148,0.09229079633951187,1.0,,,0.002778710564598441
UCE,Monet_s0.5,up_blocks.1.attentions.0.transformer_blocks.0.attn2.to_v.weight,0.0017223136965185404,awq_a50,1,0.2186279296875,1.0080972909927368,0.5414652228355408,0.25886526703834534,1.0,,,0.002778710564598441
UCE,Monet_s0.5,up_blocks.1.attentions.0.transformer_blocks.0.attn2.to_v.weight,0.0017223136965185404,awq_a50,4,0.21861037984490395,0.5443992018699646,0.0426584891974926,0.1503264605998993,0.9999997466802597,,,0.002778710564598441
UCE,Monet_s0.5,up_blocks.1.attentions.0.transformer_blocks.0.attn2.to_v.weight,0.0017223136965185404,awq_a50,16,0.21856676787137985,0.2670096158981323,0.008084106259047985,0.09179873764514923,0.9999999366700649,,,0.002778710564598441
UCE,Monet_s0.5,up_blocks.1.attentions.1.transformer_blocks.0.attn2.to_k.weight,0.002570005366578698,w_only_int8,0,0.21140950918197632,1.0,0.0,,,0.9991376996040344,0.9851635694503784,
UCE,Monet_s0.5,up_blocks.1.attentions.1.transformer_blocks.0.attn2.to_k.weight,0.002570005366578698,smoothquant_a50,1,0.20637308061122894,1.014417290687561,0.5486724972724915,0.24568210542201996,1.0,,,0.0026320030447095633
UCE,Monet_s0.5,up_blocks.1.attentions.1.transformer_blocks.0.attn2.to_k.weight,0.002570005366578698,smoothquant_a50,4,0.20635731890797615,0.5504939556121826,0.07022196799516678,0.14394930005073547,1.0,,,0.0026320030447095633
UCE,Monet_s0.5,up_blocks.1.attentions.1.transformer_blocks.0.attn2.to_k.weight,0.002570005366578698,smoothquant_a50,16,0.20641625486314297,0.2681829333305359,0.02049967460334301,0.08810200542211533,1.0,,,0.0026320030447095633
UCE,Monet_s0.5,up_blocks.1.attentions.1.transformer_blocks.0.attn2.to_k.weight,0.002570005366578698,smoothquant_a75,1,0.215576171875,1.053972840309143,0.6479451656341553,0.25827857851982117,1.0,,,0.0026320030447095633
UCE,Monet_s0.5,up_blocks.1.attentions.1.transformer_blocks.0.attn2.to_k.weight,0.002570005366578698,smoothquant_a75,4,0.21578038483858109,0.5796431303024292,0.12043558806180954,0.15449826419353485,1.0,,,0.0026320030447095633
UCE,Monet_s0.5,up_blocks.1.attentions.1.transformer_blocks.0.attn2.to_k.weight,0.002570005366578698,smoothquant_a75,16,0.21562811359763145,0.27711454033851624,0.02921549417078495,0.09140171855688095,1.0,,,0.0026320030447095633
UCE,Monet_s0.5,up_blocks.1.attentions.1.transformer_blocks.0.attn2.to_k.weight,0.002570005366578698,smoothquant_a85,1,0.22006632387638092,1.0856233835220337,0.7012186646461487,0.2673657238483429,1.0,,,0.0026320030447095633
UCE,Monet_s0.5,up_blocks.1.attentions.1.transformer_blocks.0.attn2.to_k.weight,0.002570005366578698,smoothquant_a85,4,0.22026189044117928,0.6082565784454346,0.1609293669462204,0.1632748693227768,1.0,,,0.0026320030447095633
UCE,Monet_s0.5,up_blocks.1.attentions.1.transformer_blocks.0.attn2.to_k.weight,0.002570005366578698,smoothquant_a85,16,0.21992352977395058,0.28967735171318054,0.0380910225212574,0.09615173190832138,1.0,,,0.0026320030447095633
UCE,Monet_s0.5,up_blocks.1.attentions.1.transformer_blocks.0.attn2.to_k.weight,0.002570005366578698,awq_a50,1,0.21006469428539276,1.0182167291641235,0.5860728025436401,0.24786324799060822,1.0,,,0.0026320030447095633
UCE,Monet_s0.5,up_blocks.1.attentions.1.transformer_blocks.0.attn2.to_k.weight,0.002570005366578698,awq_a50,4,0.20972264558076859,0.5640713572502136,0.07732442021369934,0.1474262923002243,1.0,,,0.0026320030447095633
UCE,Monet_s0.5,up_blocks.1.attentions.1.transformer_blocks.0.attn2.to_k.weight,0.002570005366578698,awq_a50,16,0.20974725019186735,0.26942920684814453,0.01848449744284153,0.08855348825454712,0.9999996833503246,,,0.0026320030447095633
UCE,Monet_s0.5,up_blocks.1.attentions.1.transformer_blocks.0.attn2.to_v.weight,0.0018985025817528367,w_only_int8,0,0.23064778745174408,1.0,0.0,,,0.9990714192390442,0.9819220304489136,
UCE,Monet_s0.5,up_blocks.1.attentions.1.transformer_blocks.0.attn2.to_v.weight,0.0018985025817528367,smoothquant_a50,1,0.21714681386947632,0.9863781929016113,0.4566548764705658,0.26023322343826294,1.0,,,0.002883613109588623
UCE,Monet_s0.5,up_blocks.1.attentions.1.transformer_blocks.0.attn2.to_v.weight,0.0018985025817528367,smoothquant_a50,4,0.2165784202516079,0.5366712212562561,0.05721944198012352,0.15315258502960205,1.0,,,0.002883613109588623
UCE,Monet_s0.5,up_blocks.1.attentions.1.transformer_blocks.0.attn2.to_v.weight,0.0018985025817528367,smoothquant_a50,16,0.21649710088968277,0.259499728679657,0.013585408218204975,0.0924200564622879,1.0,,,0.002883613109588623
UCE,Monet_s0.5,up_blocks.1.attentions.1.transformer_blocks.0.attn2.to_v.weight,0.0018985025817528367,smoothquant_a75,1,0.222015380859375,1.0179798603057861,0.5548258423805237,0.2678689956665039,1.0,,,0.002883613109588623
UCE,Monet_s0.5,up_blocks.1.attentions.1.transformer_blocks.0.attn2.to_v.weight,0.0018985025817528367,smoothquant_a75,4,0.22187627106904984,0.5440745949745178,0.070404052734375,0.15584434568881989,1.0,,,0.002883613109588623
UCE,Monet_s0.5,up_blocks.1.attentions.1.transformer_blocks.0.attn2.to_v.weight,0.0018985025817528367,smoothquant_a75,16,0.2217229837551713,0.2634994685649872,0.014170329086482525,0.09224244207143784,1.0,,,0.002883613109588623
UCE,Monet_s0.5,up_blocks.1.attentions.1.transformer_blocks.0.attn2.to_v.weight,0.0018985025817528367,smoothquant_a85,1,0.22485452890396118,1.0348811149597168,0.5993662476539612,0.27175506949424744,1.0,,,0.002883613109588623
UCE,Monet_s0.5,up_blocks.1.attentions.1.transformer_blocks.0.attn2.to_v.weight,0.0018985025817528367,smoothquant_a85,4,0.22436192631721497,0.550116240978241,0.08042297512292862,0.15772545337677002,1.0,,,0.002883613109588623
UCE,Monet_s0.5,up_blocks.1.attentions.1.transformer_blocks.0.attn2.to_v.weight,0.0018985025817528367,smoothquant_a85,16,0.22428875043988228,0.26760029792785645,0.015535482205450535,0.09320680797100067,1.0,,,0.002883613109588623
UCE,Monet_s0.5,up_blocks.1.attentions.1.transformer_blocks.0.attn2.to_v.weight,0.0018985025817528367,awq_a50,1,0.22412414848804474,1.0087974071502686,0.5453440546989441,0.26536133885383606,1.0,,,0.002883613109588623
UCE,Monet_s0.5,up_blocks.1.attentions.1.transformer_blocks.0.attn2.to_v.weight,0.0018985025817528367,awq_a50,4,0.22410380095243454,0.5492942929267883,0.04552408680319786,0.15546828508377075,0.9999997466802597,,,0.002883613109588623
UCE,Monet_s0.5,up_blocks.1.attentions.1.transformer_blocks.0.attn2.to_v.weight,0.0018985025817528367,awq_a50,16,0.22417189460247755,0.26606881618499756,0.007901000790297985,0.09418924897909164,0.9999994300305843,,,0.002883613109588623
UCE,Monet_s0.5,up_blocks.1.attentions.2.transformer_blocks.0.attn2.to_k.weight,0.002643212676048279,w_only_int8,0,0.2054188996553421,1.0,0.0,,,0.9989401698112488,0.9861436486244202,
UCE,Monet_s0.5,up_blocks.1.attentions.2.transformer_blocks.0.attn2.to_k.weight,0.002643212676048279,smoothquant_a50,1,0.19985249638557434,1.0183781385421753,0.5646759271621704,0.23987755179405212,1.0,,,0.002615344012156129
UCE,Monet_s0.5,up_blocks.1.attentions.2.transformer_blocks.0.attn2.to_k.weight,0.002643212676048279,smoothquant_a50,4,0.2000328041613102,0.5633912086486816,0.08195393532514572,0.14197590947151184,1.0,,,0.002615344012156129
UCE,Monet_s0.5,up_blocks.1.attentions.2.transformer_blocks.0.attn2.to_k.weight,0.002643212676048279,smoothquant_a50,16,0.20000438764691353,0.2700236141681671,0.02199503593146801,0.0857701376080513,1.0,,,0.002615344012156129
UCE,Monet_s0.5,up_blocks.1.attentions.2.transformer_blocks.0.attn2.to_k.weight,0.002643212676048279,smoothquant_a75,1,0.21045735478401184,1.0693897008895874,0.6821848750114441,0.25457459688186646,1.0,,,0.002615344012156129
UCE,Monet_s0.5,up_blocks.1.attentions.2.transformer_blocks.0.attn2.to_k.weight,0.002643212676048279,smoothquant_a75,4,0.21031977236270905,0.5993035435676575,0.14291483163833618,0.15384441614151,1.0,,,0.002615344012156129
UCE,Monet_s0.5,up_blocks.1.attentions.2.transformer_blocks.0.attn2.to_k.weight,0.002643212676048279,smoothquant_a75,16,0.21015218179672956,0.28555259108543396,0.03516744077205658,0.09097915887832642,1.0,,,0.002615344012156129
UCE,Monet_s0.5,up_blocks.1.attentions.2.transformer_blocks.0.attn2.to_k.weight,0.002643212676048279,smoothquant_a85,1,0.21390584111213684,1.1082587242126465,0.7373412847518921,0.2649645209312439,1.0,,,0.002615344012156129
UCE,Monet_s0.5,up_blocks.1.attentions.2.transformer_blocks.0.attn2.to_k.weight,0.002643212676048279,smoothquant_a85,4,0.21433791890740395,0.6353758573532104,0.18931986391544342,0.16383874416351318,1.0,,,0.002615344012156129
UCE,Monet_s0.5,up_blocks.1.attentions.2.transformer_blocks.0.attn2.to_k.weight,0.002643212676048279,smoothquant_a85,16,0.21399688627570868,0.30166634917259216,0.0471852608025074,0.09655620157718658,1.0,,,0.002615344012156129
UCE,Monet_s0.5,up_blocks.1.attentions.2.transformer_blocks.0.attn2.to_k.weight,0.002643212676048279,awq_a50,1,0.20278218388557434,1.0240172147750854,0.6096018552780151,0.24252836406230927,1.0,,,0.002615344012156129
UCE,Monet_s0.5,up_blocks.1.attentions.2.transformer_blocks.0.attn2.to_k.weight,0.002643212676048279,awq_a50,4,0.20274124294519424,0.5722635388374329,0.08763936161994934,0.14464585483074188,1.0,,,0.002615344012156129
UCE,Monet_s0.5,up_blocks.1.attentions.2.transformer_blocks.0.attn2.to_k.weight,0.002643212676048279,awq_a50,16,0.20274009741842747,0.2754482626914978,0.02126871794462204,0.08719459921121597,0.9999999366700649,,,0.002615344012156129
UCE,Monet_s0.5,up_blocks.1.attentions.2.transformer_blocks.0.attn2.to_v.weight,0.00181489996612072,w_only_int8,0,0.22668050229549408,1.0,0.0,,,0.99898362159729,0.9831860661506653,
UCE,Monet_s0.5,up_blocks.1.attentions.2.transformer_blocks.0.attn2.to_v.weight,0.00181489996612072,smoothquant_a50,1,0.20973104238510132,0.9714422821998596,0.4202463924884796,0.2506648898124695,1.0,,,0.0029335522558540106
UCE,Monet_s0.5,up_blocks.1.attentions.2.transformer_blocks.0.attn2.to_v.weight,0.00181489996612072,smoothquant_a50,4,0.209727481007576,0.5226675271987915,0.05348917469382286,0.14578299224376678,1.0,,,0.0029335522558540106
UCE,Monet_s0.5,up_blocks.1.attentions.2.transformer_blocks.0.attn2.to_v.weight,0.00181489996612072,smoothquant_a50,16,0.2098823543637991,0.2554647922515869,0.013584391213953495,0.08857129514217377,1.0,,,0.0029335522558540106
UCE,Monet_s0.5,up_blocks.1.attentions.2.transformer_blocks.0.attn2.to_v.weight,0.00181489996612072,smoothquant_a75,1,0.21514892578125,1.0088615417480469,0.5257171392440796,0.2593632936477661,1.0,,,0.0029335522558540106
UCE,Monet_s0.5,up_blocks.1.attentions.2.transformer_blocks.0.attn2.to_v.weight,0.00181489996612072,smoothquant_a75,4,0.21553472056984901,0.534376323223114,0.06707458198070526,0.1495276391506195,1.0,,,0.0029335522558540106
UCE,Monet_s0.5,up_blocks.1.attentions.2.transformer_blocks.0.attn2.to_v.weight,0.00181489996612072,smoothquant_a75,16,0.2158618289977312,0.26102617383003235,0.014545694924890995,0.08919809758663177,1.0,,,0.0029335522558540106
UCE,Monet_s0.5,up_blocks.1.attentions.2.transformer_blocks.0.attn2.to_v.weight,0.00181489996612072,smoothquant_a85,1,0.21900227665901184,1.030341386795044,0.5825245976448059,0.26417380571365356,1.0,,,0.0029335522558540106
UCE,Monet_s0.5,up_blocks.1.attentions.2.transformer_blocks.0.attn2.to_v.weight,0.00181489996612072,smoothquant_a85,4,0.2192631997168064,0.5432097911834717,0.08026123046875,0.1524972915649414,1.0,,,0.0029335522558540106
UCE,Monet_s0.5,up_blocks.1.attentions.2.transformer_blocks.0.attn2.to_v.weight,0.00181489996612072,smoothquant_a85,16,0.21968288347125053,0.2668265402317047,0.01663309708237648,0.090594083070755,1.0,,,0.0029335522558540106
UCE,Monet_s0.5,up_blocks.1.attentions.2.transformer_blocks.0.attn2.to_v.weight,0.00181489996612072,awq_a50,1,0.21978454291820526,1.0071067810058594,0.5362823605537415,0.25861161947250366,1.0,,,0.0029335522558540106
UCE,Monet_s0.5,up_blocks.1.attentions.2.transformer_blocks.0.attn2.to_v.weight,0.00181489996612072,awq_a50,4,0.2203112281858921,0.5499240159988403,0.04538167268037796,0.1514783501625061,0.9999994933605194,,,0.0029335522558540106
UCE,Monet_s0.5,up_blocks.1.attentions.2.transformer_blocks.0.attn2.to_v.weight,0.00181489996612072,awq_a50,16,0.22033348120748997,0.2655099332332611,0.00839335098862648,0.09186207503080368,0.9999993033707142,,,0.0029335522558540106
UCE,Monet_s0.5,up_blocks.2.attentions.0.transformer_blocks.0.attn2.to_k.weight,0.0034804672468453646,w_only_int8,0,0.17949219048023224,1.0,0.0,,,0.9988262057304382,0.9895092844963074,
UCE,Monet_s0.5,up_blocks.2.attentions.0.transformer_blocks.0.attn2.to_k.weight,0.0034804672468453646,smoothquant_a50,1,0.17613118886947632,1.0238308906555176,0.5721781253814697,0.21040676534175873,1.0,,,0.002832530066370964
UCE,Monet_s0.5,up_blocks.2.attentions.0.transformer_blocks.0.attn2.to_k.weight,0.0034804672468453646,smoothquant_a50,4,0.17566274106502533,0.6020407676696777,0.12080485373735428,0.13043685257434845,1.0,,,0.002832530066370964
UCE,Monet_s0.5,up_blocks.2.attentions.0.transformer_blocks.0.attn2.to_k.weight,0.0034804672468453646,smoothquant_a50,16,0.17566896975040436,0.28749218583106995,0.03375244140625,0.07956936955451965,1.0,,,0.002832530066370964
UCE,Monet_s0.5,up_blocks.2.attentions.0.transformer_blocks.0.attn2.to_k.weight,0.0034804672468453646,smoothquant_a75,1,0.19842122495174408,1.1984269618988037,0.804272472858429,0.24737755954265594,1.0,,,0.002832530066370964
UCE,Monet_s0.5,up_blocks.2.attentions.0.transformer_blocks.0.attn2.to_k.weight,0.0034804672468453646,smoothquant_a75,4,0.19812927395105362,0.7481992244720459,0.29893189668655396,0.16286325454711914,1.0,,,0.002832530066370964
UCE,Monet_s0.5,up_blocks.2.attentions.0.transformer_blocks.0.attn2.to_k.weight,0.0034804672468453646,smoothquant_a75,16,0.19730555079877377,0.3527342677116394,0.09311726689338684,0.098597951233387,1.0,,,0.002832530066370964
UCE,Monet_s0.5,up_blocks.2.attentions.0.transformer_blocks.0.attn2.to_k.weight,0.0034804672468453646,smoothquant_a85,1,0.2118632048368454,1.3294013738632202,0.8735982179641724,0.26910290122032166,1.0,,,0.002832530066370964
UCE,Monet_s0.5,up_blocks.2.attentions.0.transformer_blocks.0.attn2.to_k.weight,0.0034804672468453646,smoothquant_a85,4,0.21186574548482895,0.8441159129142761,0.3873738646507263,0.1820669323205948,1.0,,,0.002832530066370964
UCE,Monet_s0.5,up_blocks.2.attentions.0.transformer_blocks.0.attn2.to_k.weight,0.0034804672468453646,smoothquant_a85,16,0.21078847348690033,0.401363343000412,0.13218383491039276,0.11129838973283768,1.0,,,0.002832530066370964
UCE,Monet_s0.5,up_blocks.2.attentions.0.transformer_blocks.0.attn2.to_k.weight,0.0034804672468453646,awq_a50,1,0.18810831010341644,1.0942541360855103,0.75592041015625,0.23097224533557892,1.0,,,0.002832530066370964
UCE,Monet_s0.5,up_blocks.2.attentions.0.transformer_blocks.0.attn2.to_k.weight,0.0034804672468453646,awq_a50,4,0.1882929466664791,0.6997767090797424,0.23441976308822632,0.15015515685081482,1.0,,,0.002832530066370964
UCE,Monet_s0.5,up_blocks.2.attentions.0.transformer_blocks.0.attn2.to_k.weight,0.0034804672468453646,awq_a50,16,0.18803342152386904,0.3290276825428009,0.07213745266199112,0.0910416841506958,1.0,,,0.002832530066370964
UCE,Monet_s0.5,up_blocks.2.attentions.0.transformer_blocks.0.attn2.to_v.weight,0.0026915520429611206,w_only_int8,0,0.20965169370174408,1.0,0.0,,,0.9996097087860107,0.9856063723564148,
UCE,Monet_s0.5,up_blocks.2.attentions.0.transformer_blocks.0.attn2.to_v.weight,0.0026915520429611206,smoothquant_a50,1,0.1907450407743454,0.938892662525177,0.34251099824905396,0.2280975878238678,1.0,,,0.002901598112657666
UCE,Monet_s0.5,up_blocks.2.attentions.0.transformer_blocks.0.attn2.to_v.weight,0.0026915520429611206,smoothquant_a50,4,0.19033101573586464,0.515878438949585,0.04518025740981102,0.1336137056350708,1.0,,,0.002901598112657666
UCE,Monet_s0.5,up_blocks.2.attentions.0.transformer_blocks.0.attn2.to_v.weight,0.0026915520429611206,smoothquant_a50,16,0.19046961516141891,0.2518123388290405,0.011525471694767475,0.08073391765356064,1.0,,,0.002901598112657666
UCE,Monet_s0.5,up_blocks.2.attentions.0.transformer_blocks.0.attn2.to_v.weight,0.0026915520429611206,smoothquant_a75,1,0.20264892280101776,1.0074597597122192,0.5206298828125,0.24309198558330536,1.0,,,0.002901598112657666
UCE,Monet_s0.5,up_blocks.2.attentions.0.transformer_blocks.0.attn2.to_v.weight,0.0026915520429611206,smoothquant_a75,4,0.20267842337489128,0.5491405725479126,0.07862956076860428,0.1423427313566208,1.0,,,0.002901598112657666
UCE,Monet_s0.5,up_blocks.2.attentions.0.transformer_blocks.0.attn2.to_v.weight,0.0026915520429611206,smoothquant_a75,16,0.20263277553021908,0.26616260409355164,0.01700846292078495,0.08399982750415802,1.0,,,0.002901598112657666
UCE,Monet_s0.5,up_blocks.2.attentions.0.transformer_blocks.0.attn2.to_v.weight,0.0026915520429611206,smoothquant_a85,1,0.20813192427158356,1.0413044691085815,0.6072367429733276,0.25095075368881226,1.0,,,0.002901598112657666
UCE,Monet_s0.5,up_blocks.2.attentions.0.transformer_blocks.0.attn2.to_v.weight,0.0026915520429611206,smoothquant_a85,4,0.20819295197725296,0.5653623342514038,0.10059814155101776,0.14725114405155182,1.0,,,0.002901598112657666
UCE,Monet_s0.5,up_blocks.2.attentions.0.transformer_blocks.0.attn2.to_v.weight,0.0026915520429611206,smoothquant_a85,16,0.2081237779930234,0.2752150595188141,0.021484375,0.0865904688835144,1.0,,,0.002901598112657666
UCE,Monet_s0.5,up_blocks.2.attentions.0.transformer_blocks.0.attn2.to_v.weight,0.0026915520429611206,awq_a50,1,0.20747274160385132,1.0191450119018555,0.5946004390716553,0.24402669072151184,1.0,,,0.002901598112657666
UCE,Monet_s0.5,up_blocks.2.attentions.0.transformer_blocks.0.attn2.to_v.weight,0.0026915520429611206,awq_a50,4,0.2069503776729107,0.5655136108398438,0.06149495393037796,0.14427323639392853,1.0,,,0.002901598112657666
UCE,Monet_s0.5,up_blocks.2.attentions.0.transformer_blocks.0.attn2.to_v.weight,0.0026915520429611206,awq_a50,16,0.20680084265768528,0.2747911512851715,0.01206868514418602,0.08782987296581268,0.9999994933605194,,,0.002901598112657666
UCE,Monet_s0.5,up_blocks.2.attentions.1.transformer_blocks.0.attn2.to_k.weight,0.00255050091072917,w_only_int8,0,0.20328369736671448,1.0,0.0,,,0.998604416847229,0.9868856072425842,
UCE,Monet_s0.5,up_blocks.2.attentions.1.transformer_blocks.0.attn2.to_k.weight,0.00255050091072917,smoothquant_a50,1,0.20264485478401184,1.030754566192627,0.588055431842804,0.24238795042037964,1.0,,,0.00273683643899858
UCE,Monet_s0.5,up_blocks.2.attentions.1.transformer_blocks.0.attn2.to_k.weight,0.00255050091072917,smoothquant_a50,4,0.20248616486787796,0.5990840792655945,0.13358764350414276,0.14943885803222656,1.0,,,0.00273683643899858
UCE,Monet_s0.5,up_blocks.2.attentions.1.transformer_blocks.0.attn2.to_k.weight,0.00255050091072917,smoothquant_a50,16,0.20230776350945234,0.2855270504951477,0.0437825508415699,0.09060098975896835,1.0,,,0.00273683643899858
UCE,Monet_s0.5,up_blocks.2.attentions.1.transformer_blocks.0.attn2.to_k.weight,0.00255050091072917,smoothquant_a75,1,0.22359822690486908,1.1392393112182617,0.7667317986488342,0.2731809616088867,1.0,,,0.00273683643899858
UCE,Monet_s0.5,up_blocks.2.attentions.1.transformer_blocks.0.attn2.to_k.weight,0.00255050091072917,smoothquant_a75,4,0.2235661819577217,0.7075140476226807,0.2631734311580658,0.17826205492019653,1.0,,,0.00273683643899858
UCE,Monet_s0.5,up_blocks.2.attentions.1.transformer_blocks.0.attn2.to_k.weight,0.00255050091072917,smoothquant_a75,16,0.22314758226275444,0.3256058096885681,0.08049723505973816,0.10561136901378632,1.0,,,0.00273683643899858
UCE,Monet_s0.5,up_blocks.2.attentions.1.transformer_blocks.0.attn2.to_k.weight,0.00255050091072917,smoothquant_a85,1,0.23370157182216644,1.23792564868927,0.8392130732536316,0.2933851480484009,1.0,,,0.00273683643899858
UCE,Monet_s0.5,up_blocks.2.attentions.1.transformer_blocks.0.attn2.to_k.weight,0.00255050091072917,smoothquant_a85,4,0.2335362732410431,0.7963013052940369,0.34556275606155396,0.19819466769695282,1.0,,,0.00273683643899858
UCE,Monet_s0.5,up_blocks.2.attentions.1.transformer_blocks.0.attn2.to_k.weight,0.00255050091072917,smoothquant_a85,16,0.23259480576962233,0.36471959948539734,0.11010538786649704,0.11807374656200409,1.0,,,0.00273683643899858
UCE,Monet_s0.5,up_blocks.2.attentions.1.transformer_blocks.0.attn2.to_k.weight,0.00255050091072917,awq_a50,1,0.2121988981962204,1.062893033027649,0.7237080931663513,0.2559830844402313,1.0,,,0.00273683643899858
UCE,Monet_s0.5,up_blocks.2.attentions.1.transformer_blocks.0.attn2.to_k.weight,0.00255050091072917,awq_a50,4,0.2120869942009449,0.6708139777183533,0.20261840522289276,0.16479095816612244,0.9999994933605194,,,0.00273683643899858
UCE,Monet_s0.5,up_blocks.2.attentions.1.transformer_blocks.0.attn2.to_k.weight,0.00255050091072917,awq_a50,16,0.21144040394574404,0.30984628200531006,0.06515909731388092,0.09900707006454468,0.9999994933605194,,,0.00273683643899858
UCE,Monet_s0.5,up_blocks.2.attentions.1.transformer_blocks.0.attn2.to_v.weight,0.0017053599003702402,w_only_int8,0,0.21743570268154144,1.0,0.0,,,0.999417245388031,0.9834440350532532,
UCE,Monet_s0.5,up_blocks.2.attentions.1.transformer_blocks.0.attn2.to_v.weight,0.0017053599003702402,smoothquant_a50,1,0.19781494140625,0.9422234892845154,0.36770427227020264,0.24130268394947052,1.0,,,0.002622258849442005
UCE,Monet_s0.5,up_blocks.2.attentions.1.transformer_blocks.0.attn2.to_v.weight,0.0017053599003702402,smoothquant_a50,4,0.1974334716796875,0.5204408168792725,0.06473185122013092,0.1428317129611969,1.0,,,0.002622258849442005
UCE,Monet_s0.5,up_blocks.2.attentions.1.transformer_blocks.0.attn2.to_v.weight,0.0017053599003702402,smoothquant_a50,16,0.19748293422162533,0.25461670756340027,0.01925455778837204,0.08692101389169693,1.0,,,0.002622258849442005
UCE,Monet_s0.5,up_blocks.2.attentions.1.transformer_blocks.0.attn2.to_v.weight,0.0017053599003702402,smoothquant_a75,1,0.2083943635225296,1.0052508115768433,0.5133707523345947,0.25707611441612244,1.0,,,0.002622258849442005
UCE,Monet_s0.5,up_blocks.2.attentions.1.transformer_blocks.0.attn2.to_v.weight,0.0017053599003702402,smoothquant_a75,4,0.2075907401740551,0.5560827255249023,0.09697672724723816,0.15272323787212372,1.0,,,0.002622258849442005
UCE,Monet_s0.5,up_blocks.2.attentions.1.transformer_blocks.0.attn2.to_v.weight,0.0017053599003702402,smoothquant_a75,16,0.20753288455307484,0.2717435657978058,0.02877197228372097,0.09220519661903381,1.0,,,0.002622258849442005
UCE,Monet_s0.5,up_blocks.2.attentions.1.transformer_blocks.0.attn2.to_v.weight,0.0017053599003702402,smoothquant_a85,1,0.21433308720588684,1.0388654470443726,0.5948588252067566,0.2652093768119812,1.0,,,0.002622258849442005
UCE,Monet_s0.5,up_blocks.2.attentions.1.transformer_blocks.0.attn2.to_v.weight,0.0017053599003702402,smoothquant_a85,4,0.21293741837143898,0.5759723782539368,0.11896565556526184,0.15831130743026733,1.0,,,0.002622258849442005
UCE,Monet_s0.5,up_blocks.2.attentions.1.transformer_blocks.0.attn2.to_v.weight,0.0017053599003702402,smoothquant_a85,16,0.21316668204963207,0.28423070907592773,0.03614502027630806,0.09616458415985107,1.0,,,0.002622258849442005
UCE,Monet_s0.5,up_blocks.2.attentions.1.transformer_blocks.0.attn2.to_v.weight,0.0017053599003702402,awq_a50,1,0.21238607168197632,1.0153517723083496,0.5724548101425171,0.256761372089386,1.0,,,0.002622258849442005
UCE,Monet_s0.5,up_blocks.2.attentions.1.transformer_blocks.0.attn2.to_v.weight,0.0017053599003702402,awq_a50,4,0.2124933861196041,0.5676813721656799,0.06475016474723816,0.15265673398971558,1.0,,,0.002622258849442005
UCE,Monet_s0.5,up_blocks.2.attentions.1.transformer_blocks.0.attn2.to_v.weight,0.0017053599003702402,awq_a50,16,0.21265169885009527,0.27651214599609375,0.01581420935690403,0.09381097555160522,0.9999997466802597,,,0.002622258849442005
UCE,Monet_s0.5,up_blocks.2.attentions.2.transformer_blocks.0.attn2.to_k.weight,0.0024869318585842848,w_only_int8,0,0.21206054091453552,1.0,0.0,,,0.9991535544395447,0.9862738251686096,
UCE,Monet_s0.5,up_blocks.2.attentions.2.transformer_blocks.0.attn2.to_k.weight,0.0024869318585842848,smoothquant_a50,1,0.21246744692325592,1.0278986692428589,0.5801452398300171,0.24786138534545898,1.0,,,0.002616351470351219
UCE,Monet_s0.5,up_blocks.2.attentions.2.transformer_blocks.0.attn2.to_k.weight,0.0024869318585842848,smoothquant_a50,4,0.21200205385684967,0.6009781956672668,0.13755086064338684,0.15317387878894806,1.0,,,0.002616351470351219
UCE,Monet_s0.5,up_blocks.2.attentions.2.transformer_blocks.0.attn2.to_k.weight,0.0024869318585842848,smoothquant_a50,16,0.2120540626347065,0.2835761308670044,0.04757283627986908,0.09288284182548523,1.0,,,0.002616351470351219
UCE,Monet_s0.5,up_blocks.2.attentions.2.transformer_blocks.0.attn2.to_k.weight,0.0024869318585842848,smoothquant_a75,1,0.23468831181526184,1.1332907676696777,0.7547953128814697,0.2766183018684387,1.0,,,0.002616351470351219
UCE,Monet_s0.5,up_blocks.2.attentions.2.transformer_blocks.0.attn2.to_k.weight,0.0024869318585842848,smoothquant_a75,4,0.2349248230457306,0.6921927332878113,0.25359293818473816,0.1790635585784912,1.0,,,0.002616351470351219
UCE,Monet_s0.5,up_blocks.2.attentions.2.transformer_blocks.0.attn2.to_k.weight,0.0024869318585842848,smoothquant_a75,16,0.23391710687428713,0.32042765617370605,0.07965698093175888,0.1060279831290245,1.0,,,0.002616351470351219
UCE,Monet_s0.5,up_blocks.2.attentions.2.transformer_blocks.0.attn2.to_k.weight,0.0024869318585842848,smoothquant_a85,1,0.24525146186351776,1.2071287631988525,0.8145507574081421,0.2931733727455139,1.0,,,0.002616351470351219
UCE,Monet_s0.5,up_blocks.2.attentions.2.transformer_blocks.0.attn2.to_k.weight,0.0024869318585842848,smoothquant_a85,4,0.2452336624264717,0.7562647461891174,0.3144470155239105,0.19400663673877716,1.0,,,0.002616351470351219
UCE,Monet_s0.5,up_blocks.2.attentions.2.transformer_blocks.0.attn2.to_k.weight,0.0024869318585842848,smoothquant_a85,16,0.2439403524622321,0.34973809123039246,0.10183919221162796,0.11550752818584442,1.0,,,0.002616351470351219
UCE,Monet_s0.5,up_blocks.2.attentions.2.transformer_blocks.0.attn2.to_k.weight,0.0024869318585842848,awq_a50,1,0.21736857295036316,1.0464587211608887,0.6800171136856079,0.25458088517189026,1.0,,,0.002616351470351219
UCE,Monet_s0.5,up_blocks.2.attentions.2.transformer_blocks.0.attn2.to_k.weight,0.0024869318585842848,awq_a50,4,0.21712544932961464,0.6298826932907104,0.1604410856962204,0.15916526317596436,1.0,,,0.002616351470351219
UCE,Monet_s0.5,up_blocks.2.attentions.2.transformer_blocks.0.attn2.to_k.weight,0.0024869318585842848,awq_a50,16,0.216954929754138,0.29515716433525085,0.04891764372587204,0.09530225396156311,0.9999998733401299,,,0.002616351470351219
UCE,Monet_s0.5,up_blocks.2.attentions.2.transformer_blocks.0.attn2.to_v.weight,0.0014249973464757204,w_only_int8,0,0.23464761674404144,1.0,0.0,,,0.999272346496582,0.9813181161880493,
UCE,Monet_s0.5,up_blocks.2.attentions.2.transformer_blocks.0.attn2.to_v.weight,0.0014249973464757204,smoothquant_a50,1,0.2062581330537796,0.911052942276001,0.30517578125,0.24768635630607605,1.0,,,0.0025610066950321198
UCE,Monet_s0.5,up_blocks.2.attentions.2.transformer_blocks.0.attn2.to_v.weight,0.0014249973464757204,smoothquant_a50,4,0.2058563232421875,0.4936242699623108,0.04607544094324112,0.14487475156784058,1.0,,,0.0025610066950321198
UCE,Monet_s0.5,up_blocks.2.attentions.2.transformer_blocks.0.attn2.to_v.weight,0.0014249973464757204,smoothquant_a50,16,0.20591049082577229,0.24329471588134766,0.013519287109375,0.08842737227678299,1.0,,,0.0025610066950321198
UCE,Monet_s0.5,up_blocks.2.attentions.2.transformer_blocks.0.attn2.to_v.weight,0.0014249973464757204,smoothquant_a75,1,0.21893921494483948,0.9866808652877808,0.4660481810569763,0.26583245396614075,1.0,,,0.0025610066950321198
UCE,Monet_s0.5,up_blocks.2.attentions.2.transformer_blocks.0.attn2.to_v.weight,0.0014249973464757204,smoothquant_a75,4,0.21877441555261612,0.5403414964675903,0.07455240935087204,0.1570514291524887,1.0,,,0.0025610066950321198
UCE,Monet_s0.5,up_blocks.2.attentions.2.transformer_blocks.0.attn2.to_v.weight,0.0014249973464757204,smoothquant_a75,16,0.21915359515696764,0.2671108543872833,0.02072346955537796,0.09504775702953339,1.0,,,0.0025610066950321198
UCE,Monet_s0.5,up_blocks.2.attentions.2.transformer_blocks.0.attn2.to_v.weight,0.0014249973464757204,smoothquant_a85,1,0.227294921875,1.0260608196258545,0.5652120113372803,0.27544867992401123,1.0,,,0.0025610066950321198
UCE,Monet_s0.5,up_blocks.2.attentions.2.transformer_blocks.0.attn2.to_v.weight,0.0014249973464757204,smoothquant_a85,4,0.22569427266716957,0.5637118220329285,0.10006510466337204,0.16347196698188782,1.0,,,0.0025610066950321198
UCE,Monet_s0.5,up_blocks.2.attentions.2.transformer_blocks.0.attn2.to_v.weight,0.0014249973464757204,smoothquant_a85,16,0.22644043061882257,0.27615833282470703,0.02699381485581398,0.09849034994840622,1.0,,,0.0025610066950321198
UCE,Monet_s0.5,up_blocks.2.attentions.2.transformer_blocks.0.attn2.to_v.weight,0.0014249973464757204,awq_a50,1,0.23077188432216644,1.0129117965698242,0.5652262568473816,0.2699892818927765,1.0,,,0.0025610066950321198
UCE,Monet_s0.5,up_blocks.2.attentions.2.transformer_blocks.0.attn2.to_v.weight,0.0014249973464757204,awq_a50,4,0.2304636612534523,0.5599879622459412,0.05587158352136612,0.1603766828775406,1.0,,,0.0025610066950321198
UCE,Monet_s0.5,up_blocks.2.attentions.2.transformer_blocks.0.attn2.to_v.weight,0.0014249973464757204,awq_a50,16,0.23037490714341402,0.2732839584350586,0.014469400979578495,0.09859397262334824,0.9999994933605194,,,0.0025610066950321198
UCE,Monet_s0.5,up_blocks.3.attentions.0.transformer_blocks.0.attn2.to_k.weight,0.002809209283441305,w_only_int8,0,0.25375163555145264,1.0,0.0,,,0.9974955320358276,0.9770293831825256,
UCE,Monet_s0.5,up_blocks.3.attentions.0.transformer_blocks.0.attn2.to_k.weight,0.002809209283441305,smoothquant_a50,1,0.24842528998851776,0.9135003685951233,0.35767823457717896,0.2625408172607422,1.0,,,0.003987588454037905
UCE,Monet_s0.5,up_blocks.3.attentions.0.transformer_blocks.0.attn2.to_k.weight,0.002809209283441305,smoothquant_a50,4,0.24846598505973816,0.6368153691291809,0.15510253608226776,0.18340559303760529,1.0,,,0.003987588454037905
UCE,Monet_s0.5,up_blocks.3.attentions.0.transformer_blocks.0.attn2.to_k.weight,0.002809209283441305,smoothquant_a50,16,0.24809748400002718,0.35143718123435974,0.09070231020450592,0.12721748650074005,1.0,,,0.003987588454037905
UCE,Monet_s0.5,up_blocks.3.attentions.0.transformer_blocks.0.attn2.to_k.weight,0.002809209283441305,smoothquant_a75,1,0.3389689028263092,1.3704208135604858,0.9588826298713684,0.36173883080482483,1.0,,,0.003987588454037905
UCE,Monet_s0.5,up_blocks.3.attentions.0.transformer_blocks.0.attn2.to_k.weight,0.002809209283441305,smoothquant_a75,4,0.3376118987798691,1.0117641687393188,0.5085856318473816,0.2648043632507324,1.0,,,0.003987588454037905
UCE,Monet_s0.5,up_blocks.3.attentions.0.transformer_blocks.0.attn2.to_k.weight,0.002809209283441305,smoothquant_a75,16,0.3360761050134897,0.5633485317230225,0.2517049014568329,0.18701450526714325,1.0,,,0.003987588454037905
UCE,Monet_s0.5,up_blocks.3.attentions.0.transformer_blocks.0.attn2.to_k.weight,0.002809209283441305,smoothquant_a85,1,0.3817097842693329,1.6464099884033203,0.9781087040901184,0.4083815813064575,1.0,,,0.003987588454037905
UCE,Monet_s0.5,up_blocks.3.attentions.0.transformer_blocks.0.attn2.to_k.weight,0.002809209283441305,smoothquant_a85,4,0.3809407502412796,1.22299325466156,0.6265869140625,0.30493369698524475,1.0,,,0.003987588454037905
UCE,Monet_s0.5,up_blocks.3.attentions.0.transformer_blocks.0.attn2.to_k.weight,0.002809209283441305,smoothquant_a85,16,0.3789296466857195,0.6912484765052795,0.34197998046875,0.2185460478067398,1.0,,,0.003987588454037905
UCE,Monet_s0.5,up_blocks.3.attentions.0.transformer_blocks.0.attn2.to_k.weight,0.002809209283441305,awq_a50,1,0.3263102173805237,1.433964729309082,0.9686279296875,0.3617001175880432,1.0,,,0.003987588454037905
UCE,Monet_s0.5,up_blocks.3.attentions.0.transformer_blocks.0.attn2.to_k.weight,0.002809209283441305,awq_a50,4,0.3266693130135536,1.070416808128357,0.5460652709007263,0.26807960867881775,1.0,,,0.003987588454037905
UCE,Monet_s0.5,up_blocks.3.attentions.0.transformer_blocks.0.attn2.to_k.weight,0.002809209283441305,awq_a50,16,0.32576039619743824,0.613141655921936,0.29462483525276184,0.19587163627147675,1.0,,,0.003987588454037905
UCE,Monet_s0.5,up_blocks.3.attentions.0.transformer_blocks.0.attn2.to_v.weight,0.0007023989455774426,w_only_int8,0,0.21862386167049408,1.0,0.0,,,0.997328519821167,0.9795545339584351,
UCE,Monet_s0.5,up_blocks.3.attentions.0.transformer_blocks.0.attn2.to_v.weight,0.0007023989455774426,smoothquant_a50,1,0.20086263120174408,0.975845217704773,0.4480549991130829,0.2360348105430603,1.0,,,0.0036815160419791937
UCE,Monet_s0.5,up_blocks.3.attentions.0.transformer_blocks.0.attn2.to_v.weight,0.0007023989455774426,smoothquant_a50,4,0.20172933116555214,0.5445190668106079,0.08724772185087204,0.1438165009021759,1.0,,,0.0036815160419791937
UCE,Monet_s0.5,up_blocks.3.attentions.0.transformer_blocks.0.attn2.to_v.weight,0.0007023989455774426,smoothquant_a50,16,0.20189158152788877,0.26863351464271545,0.02696940116584301,0.08945008367300034,1.0,,,0.0036815160419791937
UCE,Monet_s0.5,up_blocks.3.attentions.0.transformer_blocks.0.attn2.to_v.weight,0.0007023989455774426,smoothquant_a75,1,0.23100586235523224,1.14622962474823,0.7432901859283447,0.2878665626049042,1.0,,,0.0036815160419791937
UCE,Monet_s0.5,up_blocks.3.attentions.0.transformer_blocks.0.attn2.to_v.weight,0.0007023989455774426,smoothquant_a75,4,0.23178202658891678,0.7089881896972656,0.2576456665992737,0.1879694163799286,1.0,,,0.0036815160419791937
UCE,Monet_s0.5,up_blocks.3.attentions.0.transformer_blocks.0.attn2.to_v.weight,0.0007023989455774426,smoothquant_a75,16,0.23092066496610641,0.3501986563205719,0.08553873747587204,0.11961190402507782,1.0,,,0.0036815160419791937
UCE,Monet_s0.5,up_blocks.3.attentions.0.transformer_blocks.0.attn2.to_v.weight,0.0007023989455774426,smoothquant_a85,1,0.2511027157306671,1.3388493061065674,0.8461588621139526,0.3224315345287323,1.0,,,0.0036815160419791937
UCE,Monet_s0.5,up_blocks.3.attentions.0.transformer_blocks.0.attn2.to_v.weight,0.0007023989455774426,smoothquant_a85,4,0.2504730261862278,0.8541626334190369,0.3956542909145355,0.2199515700340271,1.0,,,0.0036815160419791937
UCE,Monet_s0.5,up_blocks.3.attentions.0.transformer_blocks.0.attn2.to_v.weight,0.0007023989455774426,smoothquant_a85,16,0.24889984168112278,0.42599940299987793,0.15160726010799408,0.14276380836963654,1.0,,,0.0036815160419791937
UCE,Monet_s0.5,up_blocks.3.attentions.0.transformer_blocks.0.attn2.to_v.weight,0.0007023989455774426,awq_a50,1,0.2365519255399704,1.1114383935928345,0.7622477412223816,0.2921684682369232,1.0,,,0.0036815160419791937
UCE,Monet_s0.5,up_blocks.3.attentions.0.transformer_blocks.0.attn2.to_v.weight,0.0007023989455774426,awq_a50,4,0.2362569160759449,0.7164596915245056,0.2562215030193329,0.19594086706638336,1.0,,,0.0036815160419791937
UCE,Monet_s0.5,up_blocks.3.attentions.0.transformer_blocks.0.attn2.to_v.weight,0.0007023989455774426,awq_a50,16,0.23512801993638277,0.346163272857666,0.09060872346162796,0.12957993149757385,1.0,,,0.0036815160419791937
UCE,Monet_s0.5,up_blocks.3.attentions.1.transformer_blocks.0.attn2.to_k.weight,0.002776167821139097,w_only_int8,0,0.23946939408779144,1.0,0.0,,,0.997870147228241,0.978847861289978,
UCE,Monet_s0.5,up_blocks.3.attentions.1.transformer_blocks.0.attn2.to_k.weight,0.002776167821139097,smoothquant_a50,1,0.24824218451976776,0.9659865498542786,0.4475463926792145,0.271819144487381,1.0,,,0.0038145992439240217
UCE,Monet_s0.5,up_blocks.3.attentions.1.transformer_blocks.0.attn2.to_k.weight,0.002776167821139097,smoothquant_a50,4,0.24778442457318306,0.680233359336853,0.20938314497470856,0.18791808187961578,1.0,,,0.0038145992439240217
UCE,Monet_s0.5,up_blocks.3.attentions.1.transformer_blocks.0.attn2.to_k.weight,0.002776167821139097,smoothquant_a50,16,0.24703318439424038,0.38734179735183716,0.13202311098575592,0.13119500875473022,1.0,,,0.0038145992439240217
UCE,Monet_s0.5,up_blocks.3.attentions.1.transformer_blocks.0.attn2.to_k.weight,0.002776167821139097,smoothquant_a75,1,0.3344685733318329,1.413988471031189,0.957995593547821,0.3644261360168457,1.0,,,0.0038145992439240217
UCE,Monet_s0.5,up_blocks.3.attentions.1.transformer_blocks.0.attn2.to_k.weight,0.002776167821139097,smoothquant_a75,4,0.3342346176505089,1.0631622076034546,0.5423583984375,0.2677552402019501,1.0,,,0.0038145992439240217
UCE,Monet_s0.5,up_blocks.3.attentions.1.transformer_blocks.0.attn2.to_k.weight,0.002776167821139097,smoothquant_a75,16,0.3333770763128996,0.6143873929977417,0.3002075254917145,0.19190140068531036,1.0,,,0.0038145992439240217
UCE,Monet_s0.5,up_blocks.3.attentions.1.transformer_blocks.0.attn2.to_k.weight,0.002776167821139097,smoothquant_a85,1,0.37737223505973816,1.6977336406707764,0.9805826544761658,0.41091305017471313,1.0,,,0.0038145992439240217
UCE,Monet_s0.5,up_blocks.3.attentions.1.transformer_blocks.0.attn2.to_k.weight,0.002776167821139097,smoothquant_a85,4,0.37658996880054474,1.284725546836853,0.6524210572242737,0.30736044049263,1.0,,,0.0038145992439240217
UCE,Monet_s0.5,up_blocks.3.attentions.1.transformer_blocks.0.attn2.to_k.weight,0.002776167821139097,smoothquant_a85,16,0.37501348182559013,0.7561270594596863,0.3861043155193329,0.22308814525604248,1.0,,,0.0038145992439240217
UCE,Monet_s0.5,up_blocks.3.attentions.1.transformer_blocks.0.attn2.to_k.weight,0.002776167821139097,awq_a50,1,0.30809733271598816,1.4325454235076904,0.9595621824264526,0.3483390510082245,1.0,,,0.0038145992439240217
UCE,Monet_s0.5,up_blocks.3.attentions.1.transformer_blocks.0.attn2.to_k.weight,0.002776167821139097,awq_a50,4,0.30814819782972336,1.0503005981445312,0.5337606072425842,0.25508520007133484,1.0,,,0.0038145992439240217
UCE,Monet_s0.5,up_blocks.3.attentions.1.transformer_blocks.0.attn2.to_k.weight,0.002776167821139097,awq_a50,16,0.30766754411160946,0.5972970724105835,0.28387451171875,0.1817350536584854,1.0,,,0.0038145992439240217
UCE,Monet_s0.5,up_blocks.3.attentions.1.transformer_blocks.0.attn2.to_v.weight,0.0009290421730838716,w_only_int8,0,0.21635742485523224,1.0,0.0,,,0.9995657205581665,0.9806844592094421,
UCE,Monet_s0.5,up_blocks.3.attentions.1.transformer_blocks.0.attn2.to_v.weight,0.0009290421730838716,smoothquant_a50,1,0.19340820610523224,0.9352958798408508,0.3629801571369171,0.2329549640417099,1.0,,,0.003243370447307825
UCE,Monet_s0.5,up_blocks.3.attentions.1.transformer_blocks.0.attn2.to_v.weight,0.0009290421730838716,smoothquant_a50,4,0.19324849545955658,0.5084947347640991,0.05896402895450592,0.13749121129512787,1.0,,,0.003243370447307825
UCE,Monet_s0.5,up_blocks.3.attentions.1.transformer_blocks.0.attn2.to_v.weight,0.0009290421730838716,smoothquant_a50,16,0.1931185396388173,0.25156980752944946,0.01904296875,0.08535724878311157,1.0,,,0.003243370447307825
UCE,Monet_s0.5,up_blocks.3.attentions.1.transformer_blocks.0.attn2.to_v.weight,0.0009290421730838716,smoothquant_a75,1,0.2146809846162796,1.0974271297454834,0.6851643919944763,0.2762599587440491,1.0,,,0.003243370447307825
UCE,Monet_s0.5,up_blocks.3.attentions.1.transformer_blocks.0.attn2.to_v.weight,0.0009290421730838716,smoothquant_a75,4,0.21554158255457878,0.6330892443656921,0.18675944209098816,0.1718171387910843,1.0,,,0.003243370447307825
UCE,Monet_s0.5,up_blocks.3.attentions.1.transformer_blocks.0.attn2.to_v.weight,0.0009290421730838716,smoothquant_a75,16,0.21549326553940773,0.317661851644516,0.0638224259018898,0.10950697958469391,1.0,,,0.003243370447307825
UCE,Monet_s0.5,up_blocks.3.attentions.1.transformer_blocks.0.attn2.to_v.weight,0.0009290421730838716,smoothquant_a85,1,0.23227132856845856,1.2339047193527222,0.803149402141571,0.3048933446407318,1.0,,,0.003243370447307825
UCE,Monet_s0.5,up_blocks.3.attentions.1.transformer_blocks.0.attn2.to_v.weight,0.0009290421730838716,smoothquant_a85,4,0.23258056864142418,0.7248917818069458,0.2851196229457855,0.19618827104568481,1.0,,,0.003243370447307825
UCE,Monet_s0.5,up_blocks.3.attentions.1.transformer_blocks.0.attn2.to_v.weight,0.0009290421730838716,smoothquant_a85,16,0.23282775841653347,0.3638816475868225,0.1078084334731102,0.12651827931404114,1.0,,,0.003243370447307825
UCE,Monet_s0.5,up_blocks.3.attentions.1.transformer_blocks.0.attn2.to_v.weight,0.0009290421730838716,awq_a50,1,0.22563070058822632,1.086193323135376,0.7498006224632263,0.281120240688324,1.0,,,0.003243370447307825
UCE,Monet_s0.5,up_blocks.3.attentions.1.transformer_blocks.0.attn2.to_v.weight,0.0009290421730838716,awq_a50,4,0.22613423690199852,0.6482484340667725,0.18500569462776184,0.17910359799861908,1.0,,,0.003243370447307825
UCE,Monet_s0.5,up_blocks.3.attentions.1.transformer_blocks.0.attn2.to_v.weight,0.0009290421730838716,awq_a50,16,0.22607650887221098,0.3209342062473297,0.06967366486787796,0.11837495118379593,0.9999997466802597,,,0.003243370447307825
UCE,Monet_s0.5,up_blocks.3.attentions.2.transformer_blocks.0.attn2.to_k.weight,0.002415683353319764,w_only_int8,0,0.2611083984375,1.0,0.0,,,0.9984432458877563,0.9749031662940979,
UCE,Monet_s0.5,up_blocks.3.attentions.2.transformer_blocks.0.attn2.to_k.weight,0.002415683353319764,smoothquant_a50,1,0.2733561098575592,0.9578789472579956,0.44054362177848816,0.2828695476055145,1.0,,,0.004179481882601976
UCE,Monet_s0.5,up_blocks.3.attentions.2.transformer_blocks.0.attn2.to_k.weight,0.002415683353319764,smoothquant_a50,4,0.2739705368876457,0.679076611995697,0.22303873300552368,0.2008148431777954,1.0,,,0.004179481882601976
UCE,Monet_s0.5,up_blocks.3.attentions.2.transformer_blocks.0.attn2.to_k.weight,0.002415683353319764,smoothquant_a50,16,0.2734657283872366,0.37270796298980713,0.14387206733226776,0.1358088254928589,1.0,,,0.004179481882601976
UCE,Monet_s0.5,up_blocks.3.attentions.2.transformer_blocks.0.attn2.to_k.weight,0.002415683353319764,smoothquant_a75,1,0.3676513731479645,1.427914023399353,0.9570149779319763,0.3853263556957245,1.0,,,0.004179481882601976
UCE,Monet_s0.5,up_blocks.3.attentions.2.transformer_blocks.0.attn2.to_k.weight,0.002415683353319764,smoothquant_a75,4,0.36741434782743454,1.0708801746368408,0.5492798089981079,0.28536084294319153,1.0,,,0.004179481882601976
UCE,Monet_s0.5,up_blocks.3.attentions.2.transformer_blocks.0.attn2.to_k.weight,0.002415683353319764,smoothquant_a75,16,0.36612039990723133,0.6171809434890747,0.30192869901657104,0.20046387612819672,1.0,,,0.004179481882601976
UCE,Monet_s0.5,up_blocks.3.attentions.2.transformer_blocks.0.attn2.to_k.weight,0.002415683353319764,smoothquant_a85,1,0.4123697876930237,1.7106645107269287,0.9801473021507263,0.43397605419158936,1.0,,,0.004179481882601976
UCE,Monet_s0.5,up_blocks.3.attentions.2.transformer_blocks.0.attn2.to_k.weight,0.002415683353319764,smoothquant_a85,4,0.41211140155792236,1.2952059507369995,0.6581339240074158,0.3255006670951843,1.0,,,0.004179481882601976
UCE,Monet_s0.5,up_blocks.3.attentions.2.transformer_blocks.0.attn2.to_k.weight,0.002415683353319764,smoothquant_a85,16,0.41078135184943676,0.7678771615028381,0.3923380672931671,0.23425251245498657,1.0,,,0.004179481882601976
UCE,Monet_s0.5,up_blocks.3.attentions.2.transformer_blocks.0.attn2.to_k.weight,0.002415683353319764,awq_a50,1,0.34742432832717896,1.4425523281097412,0.972900390625,0.3775954246520996,1.0,,,0.004179481882601976
UCE,Monet_s0.5,up_blocks.3.attentions.2.transformer_blocks.0.attn2.to_k.weight,0.002415683353319764,awq_a50,4,0.3474222868680954,1.076523780822754,0.5514729619026184,0.27793723344802856,0.9999969601631165,,,0.004179481882601976
UCE,Monet_s0.5,up_blocks.3.attentions.2.transformer_blocks.0.attn2.to_k.weight,0.002415683353319764,awq_a50,16,0.3468414321541786,0.6288442611694336,0.30952149629592896,0.20186176896095276,0.9999997466802597,,,0.004179481882601976
UCE,Monet_s0.5,up_blocks.3.attentions.2.transformer_blocks.0.attn2.to_v.weight,0.0008561481954529881,w_only_int8,0,0.23024901747703552,1.0,0.0,,,0.9996908903121948,0.9777150750160217,
UCE,Monet_s0.5,up_blocks.3.attentions.2.transformer_blocks.0.attn2.to_v.weight,0.0008561481954529881,smoothquant_a50,1,0.19650472700595856,0.8928346633911133,0.3104614317417145,0.238982692360878,1.0,,,0.0035012313164770603
UCE,Monet_s0.5,up_blocks.3.attentions.2.transformer_blocks.0.attn2.to_v.weight,0.0008561481954529881,smoothquant_a50,4,0.19652201607823372,0.5041471123695374,0.06027831882238388,0.14687350392341614,1.0,,,0.0035012313164770603
UCE,Monet_s0.5,up_blocks.3.attentions.2.transformer_blocks.0.attn2.to_v.weight,0.0008561481954529881,smoothquant_a50,16,0.1963325496762991,0.2534761428833008,0.01906331442296505,0.09240439534187317,1.0,,,0.0035012313164770603
UCE,Monet_s0.5,up_blocks.3.attentions.2.transformer_blocks.0.attn2.to_v.weight,0.0008561481954529881,smoothquant_a75,1,0.22251790761947632,1.0838956832885742,0.6593465209007263,0.28700053691864014,1.0,,,0.0035012313164770603
UCE,Monet_s0.5,up_blocks.3.attentions.2.transformer_blocks.0.attn2.to_v.weight,0.0008561481954529881,smoothquant_a75,4,0.22219746559858322,0.6535882353782654,0.19398193061351776,0.18628035485744476,1.0,,,0.0035012313164770603
UCE,Monet_s0.5,up_blocks.3.attentions.2.transformer_blocks.0.attn2.to_v.weight,0.0008561481954529881,smoothquant_a75,16,0.22194976639002562,0.3475468158721924,0.07151692360639572,0.12490247935056686,1.0,,,0.0035012313164770603
UCE,Monet_s0.5,up_blocks.3.attentions.2.transformer_blocks.0.attn2.to_v.weight,0.0008561481954529881,smoothquant_a85,1,0.23977050185203552,1.2379869222640991,0.7886637449264526,0.3162873089313507,1.0,,,0.0035012313164770603
UCE,Monet_s0.5,up_blocks.3.attentions.2.transformer_blocks.0.attn2.to_v.weight,0.0008561481954529881,smoothquant_a85,4,0.23944498598575592,0.7500155568122864,0.3035929501056671,0.21067170798778534,1.0,,,0.0035012313164770603
UCE,Monet_s0.5,up_blocks.3.attentions.2.transformer_blocks.0.attn2.to_v.weight,0.0008561481954529881,smoothquant_a85,16,0.23938395082950592,0.4053937494754791,0.13074544072151184,0.14450515806674957,1.0,,,0.0035012313164770603
UCE,Monet_s0.5,up_blocks.3.attentions.2.transformer_blocks.0.attn2.to_v.weight,0.0008561481954529881,awq_a50,1,0.24455566704273224,1.0860658884048462,0.7389811277389526,0.29904845356941223,1.0,,,0.0035012313164770603
UCE,Monet_s0.5,up_blocks.3.attentions.2.transformer_blocks.0.attn2.to_v.weight,0.0008561481954529881,awq_a50,4,0.24418945610523224,0.6844109892845154,0.21525879204273224,0.19763946533203125,1.0,,,0.0035012313164770603
UCE,Monet_s0.5,up_blocks.3.attentions.2.transformer_blocks.0.attn2.to_v.weight,0.0008561481954529881,awq_a50,16,0.24366633035242558,0.3568843603134155,0.09860839694738388,0.137371227145195,0.9999992400407791,,,0.0035012313164770603
UCE,Monet_s0.5,mid_block.attentions.0.transformer_blocks.0.attn2.to_k.weight,0.002074792515486479,w_only_int8,0,0.19773152470588684,1.0,0.0,,,0.999120831489563,0.9867885112762451,
UCE,Monet_s0.5,mid_block.attentions.0.transformer_blocks.0.attn2.to_k.weight,0.002074792515486479,smoothquant_a50,1,0.19858601689338684,1.038390874862671,0.6181671023368835,0.2370024025440216,1.0,,,0.0028397024143487215
UCE,Monet_s0.5,mid_block.attentions.0.transformer_blocks.0.attn2.to_k.weight,0.002074792515486479,smoothquant_a50,4,0.19820861890912056,0.5933325886726379,0.11879069358110428,0.14351947605609894,1.0,,,0.0028397024143487215
UCE,Monet_s0.5,mid_block.attentions.0.transformer_blocks.0.attn2.to_k.weight,0.002074792515486479,smoothquant_a50,16,0.19777304492890835,0.2825924754142761,0.02877909317612648,0.08602561801671982,1.0,,,0.0028397024143487215
UCE,Monet_s0.5,mid_block.attentions.0.transformer_blocks.0.attn2.to_k.weight,0.002074792515486479,smoothquant_a75,1,0.21746520698070526,1.1390949487686157,0.7732136845588684,0.2649157643318176,1.0,,,0.0028397024143487215
UCE,Monet_s0.5,mid_block.attentions.0.transformer_blocks.0.attn2.to_k.weight,0.002074792515486479,smoothquant_a75,4,0.21756184846162796,0.6916185021400452,0.24689026176929474,0.16945159435272217,1.0,,,0.0028397024143487215
UCE,Monet_s0.5,mid_block.attentions.0.transformer_blocks.0.attn2.to_k.weight,0.002074792515486479,smoothquant_a75,16,0.21678377781063318,0.3169849216938019,0.06158345565199852,0.09745508432388306,1.0,,,0.0028397024143487215
UCE,Monet_s0.5,mid_block.attentions.0.transformer_blocks.0.attn2.to_k.weight,0.002074792515486479,smoothquant_a85,1,0.23007406294345856,1.2239928245544434,0.8313191533088684,0.28398004174232483,1.0,,,0.0028397024143487215
UCE,Monet_s0.5,mid_block.attentions.0.transformer_blocks.0.attn2.to_k.weight,0.002074792515486479,smoothquant_a85,4,0.22993850708007812,0.7656568288803101,0.3241994082927704,0.18748784065246582,1.0,,,0.0028397024143487215
UCE,Monet_s0.5,mid_block.attentions.0.transformer_blocks.0.attn2.to_k.weight,0.002074792515486479,smoothquant_a85,16,0.22868754155933857,0.3473793864250183,0.08907674252986908,0.10737423598766327,1.0,,,0.0028397024143487215
UCE,Monet_s0.5,mid_block.attentions.0.transformer_blocks.0.attn2.to_k.weight,0.002074792515486479,awq_a50,1,0.20689697563648224,1.056841254234314,0.7038462162017822,0.24932652711868286,1.0,,,0.0028397024143487215
UCE,Monet_s0.5,mid_block.attentions.0.transformer_blocks.0.attn2.to_k.weight,0.002074792515486479,awq_a50,4,0.20667826384305954,0.6430457234382629,0.18386027216911316,0.15715241432189941,0.9999997466802597,,,0.0028397024143487215
UCE,Monet_s0.5,mid_block.attentions.0.transformer_blocks.0.attn2.to_k.weight,0.002074792515486479,awq_a50,16,0.20653724763542414,0.2994939088821411,0.04707438126206398,0.09282884001731873,0.9999994933605194,,,0.0028397024143487215
UCE,Monet_s0.5,mid_block.attentions.0.transformer_blocks.0.attn2.to_v.weight,0.00181824981700629,w_only_int8,0,0.21315917372703552,1.0,0.0,,,0.9994063973426819,0.9854479432106018,
UCE,Monet_s0.5,mid_block.attentions.0.transformer_blocks.0.attn2.to_v.weight,0.00181824981700629,smoothquant_a50,1,0.20503439009189606,1.016014814376831,0.5512024164199829,0.24658691883087158,1.0,,,0.0029648663476109505
UCE,Monet_s0.5,mid_block.attentions.0.transformer_blocks.0.attn2.to_v.weight,0.00181824981700629,smoothquant_a50,4,0.2050417624413967,0.5629507899284363,0.09396056830883026,0.14575213193893433,1.0,,,0.0029648663476109505
UCE,Monet_s0.5,mid_block.attentions.0.transformer_blocks.0.attn2.to_v.weight,0.00181824981700629,smoothquant_a50,16,0.20502993371337652,0.27428576350212097,0.02977396734058857,0.08897827565670013,1.0,,,0.0029648663476109505
UCE,Monet_s0.5,mid_block.attentions.0.transformer_blocks.0.attn2.to_v.weight,0.00181824981700629,smoothquant_a75,1,0.2096964567899704,1.0535176992416382,0.6435577273368835,0.2573743164539337,1.0,,,0.0029648663476109505
UCE,Monet_s0.5,mid_block.attentions.0.transformer_blocks.0.attn2.to_v.weight,0.00181824981700629,smoothquant_a75,4,0.20925191417336464,0.5847451090812683,0.13174234330654144,0.15295463800430298,1.0,,,0.0029648663476109505
UCE,Monet_s0.5,mid_block.attentions.0.transformer_blocks.0.attn2.to_v.weight,0.00181824981700629,smoothquant_a75,16,0.2091655097901821,0.2874572277069092,0.04555969312787056,0.09324810653924942,1.0,,,0.0029648663476109505
UCE,Monet_s0.5,mid_block.attentions.0.transformer_blocks.0.attn2.to_v.weight,0.00181824981700629,smoothquant_a85,1,0.21176248788833618,1.07649827003479,0.6843922734260559,0.263532429933548,1.0,,,0.0029648663476109505
UCE,Monet_s0.5,mid_block.attentions.0.transformer_blocks.0.attn2.to_v.weight,0.00181824981700629,smoothquant_a85,4,0.21179809421300888,0.5969811081886292,0.15150858461856842,0.15715105831623077,1.0,,,0.0029648663476109505
UCE,Monet_s0.5,mid_block.attentions.0.transformer_blocks.0.attn2.to_v.weight,0.00181824981700629,smoothquant_a85,16,0.2115445462986827,0.29555341601371765,0.05505676195025444,0.09633409976959229,1.0,,,0.0029648663476109505
UCE,Monet_s0.5,mid_block.attentions.0.transformer_blocks.0.attn2.to_v.weight,0.00181824981700629,awq_a50,1,0.2074635773897171,1.0119980573654175,0.5609680414199829,0.24409164488315582,1.0,,,0.0029648663476109505
UCE,Monet_s0.5,mid_block.attentions.0.transformer_blocks.0.attn2.to_v.weight,0.00181824981700629,awq_a50,4,0.2074180580675602,0.5479554533958435,0.04868469387292862,0.14124959707260132,1.0,,,0.0029648663476109505
UCE,Monet_s0.5,mid_block.attentions.0.transformer_blocks.0.attn2.to_v.weight,0.00181824981700629,awq_a50,16,0.2074635811150074,0.26732179522514343,0.009975179098546505,0.08576028794050217,0.9999997466802597,,,0.0029648663476109505
UCE,Monet_s1.0,down_blocks.0.attentions.0.transformer_blocks.0.attn2.to_k.weight,0.0028661678079515696,w_only_int8,0,0.21296793222427368,1.0,0.0,,,0.9983214139938354,0.9849870800971985,
UCE,Monet_s1.0,down_blocks.0.attentions.0.transformer_blocks.0.attn2.to_k.weight,0.0028661678079515696,smoothquant_a50,1,0.22033284604549408,1.0334268808364868,0.5881307125091553,0.2581731379032135,1.0,,,0.0025898562744259834
UCE,Monet_s1.0,down_blocks.0.attentions.0.transformer_blocks.0.attn2.to_k.weight,0.0028661678079515696,smoothquant_a50,4,0.22004292532801628,0.6410276889801025,0.17191162705421448,0.16675247251987457,1.0,,,0.0025898562744259834
UCE,Monet_s1.0,down_blocks.0.attentions.0.transformer_blocks.0.attn2.to_k.weight,0.0028661678079515696,smoothquant_a50,16,0.21981404442340136,0.31775712966918945,0.08477376401424408,0.10800076276063919,1.0,,,0.0025898562744259834
UCE,Monet_s1.0,down_blocks.0.attentions.0.transformer_blocks.0.attn2.to_k.weight,0.0028661678079515696,smoothquant_a75,1,0.2542928159236908,1.254578948020935,0.8298095464706421,0.3072521984577179,1.0,,,0.0025898562744259834
UCE,Monet_s1.0,down_blocks.0.attentions.0.transformer_blocks.0.attn2.to_k.weight,0.0028661678079515696,smoothquant_a75,4,0.2541341185569763,0.8068327903747559,0.35641682147979736,0.2094850242137909,1.0,,,0.0025898562744259834
UCE,Monet_s1.0,down_blocks.0.attentions.0.transformer_blocks.0.attn2.to_k.weight,0.0028661678079515696,smoothquant_a75,16,0.25379104912281036,0.41390857100486755,0.17093099653720856,0.14024128019809723,1.0,,,0.0025898562744259834
UCE,Monet_s1.0,down_blocks.0.attentions.0.transformer_blocks.0.attn2.to_k.weight,0.0028661678079515696,smoothquant_a85,1,0.2718302309513092,1.419501543045044,0.8859700560569763,0.3339822590351105,1.0,,,0.0025898562744259834
UCE,Monet_s1.0,down_blocks.0.attentions.0.transformer_blocks.0.attn2.to_k.weight,0.0028661678079515696,smoothquant_a85,4,0.2719431519508362,0.9124557375907898,0.4426635801792145,0.23286432027816772,1.0,,,0.0025898562744259834
UCE,Monet_s1.0,down_blocks.0.attentions.0.transformer_blocks.0.attn2.to_k.weight,0.0028661678079515696,smoothquant_a85,16,0.27093251794576645,0.47776687145233154,0.22299398481845856,0.1586390733718872,1.0,,,0.0025898562744259834
UCE,Monet_s1.0,down_blocks.0.attentions.0.transformer_blocks.0.attn2.to_k.weight,0.0028661678079515696,awq_a50,1,0.23444417119026184,1.108756422996521,0.7773519158363342,0.27827706933021545,1.0,,,0.0025898562744259834
UCE,Monet_s1.0,down_blocks.0.attentions.0.transformer_blocks.0.attn2.to_k.weight,0.0028661678079515696,awq_a50,4,0.23426717147231102,0.7200736403465271,0.2616983950138092,0.18369150161743164,1.0,,,0.0025898562744259834
UCE,Monet_s1.0,down_blocks.0.attentions.0.transformer_blocks.0.attn2.to_k.weight,0.0028661678079515696,awq_a50,16,0.23412857111543417,0.35850703716278076,0.12237955629825592,0.11965492367744446,0.9999997466802597,,,0.0025898562744259834
UCE,Monet_s1.0,down_blocks.0.attentions.0.transformer_blocks.0.attn2.to_v.weight,0.0009025923791341484,w_only_int8,0,0.22748209536075592,1.0,0.0,,,0.9995761513710022,0.9813259243965149,
UCE,Monet_s1.0,down_blocks.0.attentions.0.transformer_blocks.0.attn2.to_v.weight,0.0009025923791341484,smoothquant_a50,1,0.21546630561351776,0.979656457901001,0.4466105103492737,0.26211902499198914,1.0,,,0.002602198626846075
UCE,Monet_s1.0,down_blocks.0.attentions.0.transformer_blocks.0.attn2.to_v.weight,0.0009025923791341484,smoothquant_a50,4,0.21469421312212944,0.5564602613449097,0.08545735478401184,0.15859416127204895,1.0,,,0.002602198626846075
UCE,Monet_s1.0,down_blocks.0.attentions.0.transformer_blocks.0.attn2.to_v.weight,0.0009025923791341484,smoothquant_a50,16,0.21445388812571764,0.27188998460769653,0.02869059331715107,0.09733430296182632,1.0,,,0.002602198626846075
UCE,Monet_s1.0,down_blocks.0.attentions.0.transformer_blocks.0.attn2.to_v.weight,0.0009025923791341484,smoothquant_a75,1,0.23042398691177368,1.0618031024932861,0.6377522945404053,0.2869824469089508,1.0,,,0.002602198626846075
UCE,Monet_s1.0,down_blocks.0.attentions.0.transformer_blocks.0.attn2.to_v.weight,0.0009025923791341484,smoothquant_a75,4,0.2298533096909523,0.6213377714157104,0.17387288808822632,0.17918439209461212,1.0,,,0.002602198626846075
UCE,Monet_s1.0,down_blocks.0.attentions.0.transformer_blocks.0.attn2.to_v.weight,0.0009025923791341484,smoothquant_a75,16,0.22936960775405169,0.3060154914855957,0.06463216245174408,0.11182530969381332,1.0,,,0.002602198626846075
UCE,Monet_s1.0,down_blocks.0.attentions.0.transformer_blocks.0.attn2.to_v.weight,0.0009025923791341484,smoothquant_a85,1,0.23562011122703552,1.1151573657989502,0.7210408449172974,0.3023596405982971,1.0,,,0.002602198626846075
UCE,Monet_s1.0,down_blocks.0.attentions.0.transformer_blocks.0.attn2.to_v.weight,0.0009025923791341484,smoothquant_a85,4,0.23524271324276924,0.6682090163230896,0.23016357421875,0.19302304089069366,1.0,,,0.002602198626846075
UCE,Monet_s1.0,down_blocks.0.attentions.0.transformer_blocks.0.attn2.to_v.weight,0.0009025923791341484,smoothquant_a85,16,0.23466135654598475,0.34348979592323303,0.09449055790901184,0.12415500730276108,1.0,,,0.002602198626846075
UCE,Monet_s1.0,down_blocks.0.attentions.0.transformer_blocks.0.attn2.to_v.weight,0.0009025923791341484,awq_a50,1,0.22982583940029144,1.0342991352081299,0.642749011516571,0.2792542278766632,1.0,,,0.002602198626846075
UCE,Monet_s1.0,down_blocks.0.attentions.0.transformer_blocks.0.attn2.to_v.weight,0.0009025923791341484,awq_a50,4,0.22947591170668602,0.5988206267356873,0.12308349460363388,0.17133235931396484,1.0,,,0.002602198626846075
UCE,Monet_s1.0,down_blocks.0.attentions.0.transformer_blocks.0.attn2.to_v.weight,0.0009025923791341484,awq_a50,16,0.22898101806640625,0.2935011386871338,0.03983968123793602,0.1075490415096283,1.0,,,0.002602198626846075
UCE,Monet_s1.0,down_blocks.0.attentions.1.transformer_blocks.0.attn2.to_k.weight,0.0023398324847221375,w_only_int8,0,0.24481201171875,1.0,0.0,,,0.9983664751052856,0.9783549904823303,
UCE,Monet_s1.0,down_blocks.0.attentions.1.transformer_blocks.0.attn2.to_k.weight,0.0023398324847221375,smoothquant_a50,1,0.2548624575138092,1.0100480318069458,0.5173258185386658,0.28596964478492737,1.0,,,0.0032225558534264565
UCE,Monet_s1.0,down_blocks.0.attentions.1.transformer_blocks.0.attn2.to_k.weight,0.0023398324847221375,smoothquant_a50,4,0.2553456649184227,0.6791337728500366,0.19625243544578552,0.1983787715435028,1.0,,,0.0032225558534264565
UCE,Monet_s1.0,down_blocks.0.attentions.1.transformer_blocks.0.attn2.to_k.weight,0.0023398324847221375,smoothquant_a50,16,0.2545700091868639,0.3545301854610443,0.09578857570886612,0.13343390822410583,1.0,,,0.0032225558534264565
UCE,Monet_s1.0,down_blocks.0.attentions.1.transformer_blocks.0.attn2.to_k.weight,0.0023398324847221375,smoothquant_a75,1,0.32862141728401184,1.3865869045257568,0.9343912601470947,0.37158891558647156,1.0,,,0.0032225558534264565
UCE,Monet_s1.0,down_blocks.0.attentions.1.transformer_blocks.0.attn2.to_k.weight,0.0023398324847221375,smoothquant_a75,4,0.32817789912223816,0.9974362850189209,0.49822998046875,0.27206581830978394,1.0,,,0.0032225558534264565
UCE,Monet_s1.0,down_blocks.0.attentions.1.transformer_blocks.0.attn2.to_k.weight,0.0023398324847221375,smoothquant_a75,16,0.3268674239516258,0.53227698802948,0.23968099057674408,0.19038179516792297,1.0,,,0.0032225558534264565
UCE,Monet_s1.0,down_blocks.0.attentions.1.transformer_blocks.0.attn2.to_k.weight,0.0023398324847221375,smoothquant_a85,1,0.36304524540901184,1.6346039772033691,0.9680338501930237,0.4117227792739868,1.0,,,0.0032225558534264565
UCE,Monet_s1.0,down_blocks.0.attentions.1.transformer_blocks.0.attn2.to_k.weight,0.0023398324847221375,smoothquant_a85,4,0.36306966096162796,1.1837437152862549,0.6054036617279053,0.30756330490112305,1.0,,,0.0032225558534264565
UCE,Monet_s1.0,down_blocks.0.attentions.1.transformer_blocks.0.attn2.to_k.weight,0.0023398324847221375,smoothquant_a85,16,0.3615933731198311,0.6533868312835693,0.32187092304229736,0.21984422206878662,1.0,,,0.0032225558534264565
UCE,Monet_s1.0,down_blocks.0.attentions.1.transformer_blocks.0.attn2.to_k.weight,0.0023398324847221375,awq_a50,1,0.3084513247013092,1.3838411569595337,0.9326212406158447,0.3535098731517792,1.0,,,0.0032225558534264565
UCE,Monet_s1.0,down_blocks.0.attentions.1.transformer_blocks.0.attn2.to_k.weight,0.0023398324847221375,awq_a50,4,0.3084370866417885,0.9613096714019775,0.47186279296875,0.2578880488872528,1.0,,,0.0032225558534264565
UCE,Monet_s1.0,down_blocks.0.attentions.1.transformer_blocks.0.attn2.to_k.weight,0.0023398324847221375,awq_a50,16,0.3080988582223654,0.530332088470459,0.2491862028837204,0.1863218992948532,0.9999997466802597,,,0.0032225558534264565
UCE,Monet_s1.0,down_blocks.0.attentions.1.transformer_blocks.0.attn2.to_v.weight,0.0006678735371679068,w_only_int8,0,0.224365234375,1.0,0.0,,,0.9984567165374756,0.9752392768859863,
UCE,Monet_s1.0,down_blocks.0.attentions.1.transformer_blocks.0.attn2.to_v.weight,0.0006678735371679068,smoothquant_a50,1,0.2069498747587204,0.9856128692626953,0.47210693359375,0.25846534967422485,1.0,,,0.003483573906123638
UCE,Monet_s1.0,down_blocks.0.attentions.1.transformer_blocks.0.attn2.to_v.weight,0.0006678735371679068,smoothquant_a50,4,0.20656433328986168,0.5526722073554993,0.1032511368393898,0.15991812944412231,1.0,,,0.003483573906123638
UCE,Monet_s1.0,down_blocks.0.attentions.1.transformer_blocks.0.attn2.to_v.weight,0.0006678735371679068,smoothquant_a50,16,0.20598119217902422,0.2727578580379486,0.03338623046875,0.09924492239952087,1.0,,,0.003483573906123638
UCE,Monet_s1.0,down_blocks.0.attentions.1.transformer_blocks.0.attn2.to_v.weight,0.0006678735371679068,smoothquant_a75,1,0.22775472700595856,1.108854055404663,0.7004557251930237,0.3060510754585266,1.0,,,0.003483573906123638
UCE,Monet_s1.0,down_blocks.0.attentions.1.transformer_blocks.0.attn2.to_v.weight,0.0006678735371679068,smoothquant_a75,4,0.2255198173224926,0.6872944235801697,0.24279378354549408,0.20105154812335968,1.0,,,0.003483573906123638
UCE,Monet_s1.0,down_blocks.0.attentions.1.transformer_blocks.0.attn2.to_v.weight,0.0006678735371679068,smoothquant_a75,16,0.22580693755298853,0.35943904519081116,0.10358479619026184,0.13497063517570496,1.0,,,0.003483573906123638
UCE,Monet_s1.0,down_blocks.0.attentions.1.transformer_blocks.0.attn2.to_v.weight,0.0006678735371679068,smoothquant_a85,1,0.24071045219898224,1.2423148155212402,0.8131510615348816,0.3356989622116089,1.0,,,0.003483573906123638
UCE,Monet_s1.0,down_blocks.0.attentions.1.transformer_blocks.0.attn2.to_v.weight,0.0006678735371679068,smoothquant_a85,4,0.24017537385225296,0.7995458841323853,0.3472941219806671,0.22844073176383972,1.0,,,0.003483573906123638
UCE,Monet_s1.0,down_blocks.0.attentions.1.transformer_blocks.0.attn2.to_v.weight,0.0006678735371679068,smoothquant_a85,16,0.2392707820981741,0.4253864884376526,0.16275228559970856,0.15761016309261322,1.0,,,0.003483573906123638
UCE,Monet_s1.0,down_blocks.0.attentions.1.transformer_blocks.0.attn2.to_v.weight,0.0006678735371679068,awq_a50,1,0.22973226010799408,1.0588831901550293,0.701855480670929,0.2979589104652405,1.0,,,0.003483573906123638
UCE,Monet_s1.0,down_blocks.0.attentions.1.transformer_blocks.0.attn2.to_v.weight,0.0006678735371679068,awq_a50,4,0.228271484375,0.6529262661933899,0.1762898713350296,0.1957172304391861,1.0,,,0.003483573906123638
UCE,Monet_s1.0,down_blocks.0.attentions.1.transformer_blocks.0.attn2.to_v.weight,0.0006678735371679068,awq_a50,16,0.22833709605038166,0.3205111622810364,0.06599528342485428,0.13135337829589844,1.0,,,0.003483573906123638
UCE,Monet_s1.0,down_blocks.1.attentions.0.transformer_blocks.0.attn2.to_k.weight,0.0028780181892216206,w_only_int8,0,0.19694213569164276,1.0,0.0,,,0.9988770484924316,0.9877001047134399,
UCE,Monet_s1.0,down_blocks.1.attentions.0.transformer_blocks.0.attn2.to_k.weight,0.0028780181892216206,smoothquant_a50,1,0.19858194887638092,1.02181077003479,0.5655619502067566,0.23478545248508453,1.0,,,0.002499494468793273
UCE,Monet_s1.0,down_blocks.1.attentions.0.transformer_blocks.0.attn2.to_k.weight,0.0028780181892216206,smoothquant_a50,4,0.19854532927274704,0.5918721556663513,0.12605184316635132,0.1434205174446106,1.0,,,0.002499494468793273
UCE,Monet_s1.0,down_blocks.1.attentions.0.transformer_blocks.0.attn2.to_k.weight,0.0028780181892216206,smoothquant_a50,16,0.19853680953383446,0.28109732270240784,0.04560750350356102,0.08684226870536804,1.0,,,0.002499494468793273
UCE,Monet_s1.0,down_blocks.1.attentions.0.transformer_blocks.0.attn2.to_k.weight,0.0028780181892216206,smoothquant_a75,1,0.2181905061006546,1.1257797479629517,0.7499837279319763,0.2619313895702362,1.0,,,0.002499494468793273
UCE,Monet_s1.0,down_blocks.1.attentions.0.transformer_blocks.0.attn2.to_k.weight,0.0028780181892216206,smoothquant_a75,4,0.21758677065372467,0.6875406503677368,0.241302490234375,0.1683981865644455,1.0,,,0.002499494468793273
UCE,Monet_s1.0,down_blocks.1.attentions.0.transformer_blocks.0.attn2.to_k.weight,0.0028780181892216206,smoothquant_a75,16,0.21676750108599663,0.32254165410995483,0.07917683571577072,0.100990429520607,1.0,,,0.002499494468793273
UCE,Monet_s1.0,down_blocks.1.attentions.0.transformer_blocks.0.attn2.to_k.weight,0.0028780181892216206,smoothquant_a85,1,0.22570596635341644,1.2090075016021729,0.815386950969696,0.2789336144924164,1.0,,,0.002499494468793273
UCE,Monet_s1.0,down_blocks.1.attentions.0.transformer_blocks.0.attn2.to_k.weight,0.0028780181892216206,smoothquant_a85,4,0.22556864097714424,0.752985954284668,0.3105367124080658,0.18347413837909698,1.0,,,0.002499494468793273
UCE,Monet_s1.0,down_blocks.1.attentions.0.transformer_blocks.0.attn2.to_k.weight,0.0028780181892216206,smoothquant_a85,16,0.22468007169663906,0.3550160527229309,0.10611572116613388,0.11136452853679657,1.0,,,0.002499494468793273
UCE,Monet_s1.0,down_blocks.1.attentions.0.transformer_blocks.0.attn2.to_k.weight,0.0028780181892216206,awq_a50,1,0.20302124321460724,1.0461970567703247,0.678631603717804,0.2420588880777359,1.0,,,0.002499494468793273
UCE,Monet_s1.0,down_blocks.1.attentions.0.transformer_blocks.0.attn2.to_k.weight,0.0028780181892216206,awq_a50,4,0.20239919051527977,0.624534010887146,0.15286865830421448,0.14983144402503967,0.9999994933605194,,,0.002499494468793273
UCE,Monet_s1.0,down_blocks.1.attentions.0.transformer_blocks.0.attn2.to_k.weight,0.0028780181892216206,awq_a50,16,0.2020748145878315,0.29267725348472595,0.0500284843146801,0.08995581418275833,0.9999992400407791,,,0.002499494468793273
UCE,Monet_s1.0,down_blocks.1.attentions.0.transformer_blocks.0.attn2.to_v.weight,0.001042830292135477,w_only_int8,0,0.21338704228401184,1.0,0.0,,,0.9992352724075317,0.9843061566352844,
UCE,Monet_s1.0,down_blocks.1.attentions.0.transformer_blocks.0.attn2.to_v.weight,0.001042830292135477,smoothquant_a50,1,0.20177611708641052,0.9813985228538513,0.44924113154411316,0.24356473982334137,1.0,,,0.0028299579862505198
UCE,Monet_s1.0,down_blocks.1.attentions.0.transformer_blocks.0.attn2.to_v.weight,0.001042830292135477,smoothquant_a50,4,0.2015635147690773,0.5414122343063354,0.0638427734375,0.14374537765979767,1.0,,,0.0028299579862505198
UCE,Monet_s1.0,down_blocks.1.attentions.0.transformer_blocks.0.attn2.to_v.weight,0.001042830292135477,smoothquant_a50,16,0.20146077312529087,0.2606659233570099,0.01579793356359005,0.08632701635360718,1.0,,,0.0028299579862505198
UCE,Monet_s1.0,down_blocks.1.attentions.0.transformer_blocks.0.attn2.to_v.weight,0.001042830292135477,smoothquant_a75,1,0.204803466796875,1.0386439561843872,0.601104736328125,0.25836309790611267,1.0,,,0.0028299579862505198
UCE,Monet_s1.0,down_blocks.1.attentions.0.transformer_blocks.0.attn2.to_v.weight,0.001042830292135477,smoothquant_a75,4,0.20437215268611908,0.5791652202606201,0.11709798127412796,0.15506240725517273,1.0,,,0.0028299579862505198
UCE,Monet_s1.0,down_blocks.1.attentions.0.transformer_blocks.0.attn2.to_v.weight,0.001042830292135477,smoothquant_a75,16,0.20421117171645164,0.2880304455757141,0.0329793281853199,0.09483030438423157,1.0,,,0.0028299579862505198
UCE,Monet_s1.0,down_blocks.1.attentions.0.transformer_blocks.0.attn2.to_v.weight,0.001042830292135477,smoothquant_a85,1,0.20585733652114868,1.0821473598480225,0.6867533326148987,0.2700357437133789,1.0,,,0.0028299579862505198
UCE,Monet_s1.0,down_blocks.1.attentions.0.transformer_blocks.0.attn2.to_v.weight,0.001042830292135477,smoothquant_a85,4,0.205433651804924,0.6239060759544373,0.17076009511947632,0.16633963584899902,1.0,,,0.0028299579862505198
UCE,Monet_s1.0,down_blocks.1.attentions.0.transformer_blocks.0.attn2.to_v.weight,0.001042830292135477,smoothquant_a85,16,0.2051308937370777,0.3159450590610504,0.05511474609375,0.10387899726629257,1.0,,,0.0028299579862505198
UCE,Monet_s1.0,down_blocks.1.attentions.0.transformer_blocks.0.attn2.to_v.weight,0.001042830292135477,awq_a50,1,0.20881958305835724,1.0178821086883545,0.5870584845542908,0.2530626654624939,1.0,,,0.0028299579862505198
UCE,Monet_s1.0,down_blocks.1.attentions.0.transformer_blocks.0.attn2.to_v.weight,0.001042830292135477,awq_a50,4,0.20871886983513832,0.5701361298561096,0.068389892578125,0.15080706775188446,0.9999994933605194,,,0.0028299579862505198
UCE,Monet_s1.0,down_blocks.1.attentions.0.transformer_blocks.0.attn2.to_v.weight,0.001042830292135477,awq_a50,16,0.20882886089384556,0.27296096086502075,0.015063476748764515,0.09081592410802841,0.999999113380909,,,0.0028299579862505198
UCE,Monet_s1.0,down_blocks.1.attentions.1.transformer_blocks.0.attn2.to_k.weight,0.0024853921495378017,w_only_int8,0,0.20072224736213684,1.0,0.0,,,0.9990225434303284,0.9868603348731995,
UCE,Monet_s1.0,down_blocks.1.attentions.1.transformer_blocks.0.attn2.to_k.weight,0.0024853921495378017,smoothquant_a50,1,0.20881958305835724,1.0793923139572144,0.6773824095726013,0.24964389204978943,1.0,,,0.0029211994260549545
UCE,Monet_s1.0,down_blocks.1.attentions.1.transformer_blocks.0.attn2.to_k.weight,0.0024853921495378017,smoothquant_a50,4,0.2082931511104107,0.6699565649032593,0.20737101137638092,0.16104519367218018,1.0,,,0.0029211994260549545
UCE,Monet_s1.0,down_blocks.1.attentions.1.transformer_blocks.0.attn2.to_k.weight,0.0024853921495378017,smoothquant_a50,16,0.2079397840425372,0.32064008712768555,0.06673380732536316,0.10011416673660278,1.0,,,0.0029211994260549545
UCE,Monet_s1.0,down_blocks.1.attentions.1.transformer_blocks.0.attn2.to_k.weight,0.0024853921495378017,smoothquant_a75,1,0.2459615021944046,1.3493317365646362,0.8679443597793579,0.29811304807662964,1.0,,,0.0029211994260549545
UCE,Monet_s1.0,down_blocks.1.attentions.1.transformer_blocks.0.attn2.to_k.weight,0.0024853921495378017,smoothquant_a75,4,0.24584299698472023,0.8672686815261841,0.409637451171875,0.2048073261976242,1.0,,,0.0029211994260549545
UCE,Monet_s1.0,down_blocks.1.attentions.1.transformer_blocks.0.attn2.to_k.weight,0.0024853921495378017,smoothquant_a75,16,0.24461835343390703,0.41498488187789917,0.15356241166591644,0.12915632128715515,1.0,,,0.0029211994260549545
UCE,Monet_s1.0,down_blocks.1.attentions.1.transformer_blocks.0.attn2.to_k.weight,0.0024853921495378017,smoothquant_a85,1,0.267333984375,1.5321338176727295,0.9114481806755066,0.32497650384902954,1.0,,,0.0029211994260549545
UCE,Monet_s1.0,down_blocks.1.attentions.1.transformer_blocks.0.attn2.to_k.weight,0.0024853921495378017,smoothquant_a85,4,0.26694437861442566,0.9817600250244141,0.4889668822288513,0.22781983017921448,1.0,,,0.0029211994260549545
UCE,Monet_s1.0,down_blocks.1.attentions.1.transformer_blocks.0.attn2.to_k.weight,0.0024853921495378017,smoothquant_a85,16,0.26566047593951225,0.4778890609741211,0.20401611924171448,0.14632196724414825,1.0,,,0.0029211994260549545
UCE,Monet_s1.0,down_blocks.1.attentions.1.transformer_blocks.0.attn2.to_k.weight,0.0024853921495378017,awq_a50,1,0.22436116635799408,1.1644442081451416,0.8212300539016724,0.26886317133903503,1.0,,,0.0029211994260549545
UCE,Monet_s1.0,down_blocks.1.attentions.1.transformer_blocks.0.attn2.to_k.weight,0.0024853921495378017,awq_a50,4,0.22400207445025444,0.7631142139434814,0.309539794921875,0.1798488348722458,1.0,,,0.0029211994260549545
UCE,Monet_s1.0,down_blocks.1.attentions.1.transformer_blocks.0.attn2.to_k.weight,0.0024853921495378017,awq_a50,16,0.22360178548842669,0.36802682280540466,0.11754557490348816,0.11434661597013474,0.9999998733401299,,,0.0029211994260549545
UCE,Monet_s1.0,down_blocks.1.attentions.1.transformer_blocks.0.attn2.to_v.weight,0.000902152038179338,w_only_int8,0,0.2093505859375,1.0,0.0,,,0.9990395307540894,0.9845222234725952,
UCE,Monet_s1.0,down_blocks.1.attentions.1.transformer_blocks.0.attn2.to_v.weight,0.000902152038179338,smoothquant_a50,1,0.19290567934513092,0.9534518718719482,0.404327392578125,0.2319633960723877,1.0,,,0.003214470809325576
UCE,Monet_s1.0,down_blocks.1.attentions.1.transformer_blocks.0.attn2.to_v.weight,0.000902152038179338,smoothquant_a50,4,0.1933029182255268,0.5319646596908569,0.07403564453125,0.139129176735878,1.0,,,0.003214470809325576
UCE,Monet_s1.0,down_blocks.1.attentions.1.transformer_blocks.0.attn2.to_v.weight,0.000902152038179338,smoothquant_a50,16,0.19280853308737278,0.26149624586105347,0.01919962652027607,0.08484121412038803,1.0,,,0.003214470809325576
UCE,Monet_s1.0,down_blocks.1.attentions.1.transformer_blocks.0.attn2.to_v.weight,0.000902152038179338,smoothquant_a75,1,0.19669799506664276,1.0367916822433472,0.5794677734375,0.2548817992210388,1.0,,,0.003214470809325576
UCE,Monet_s1.0,down_blocks.1.attentions.1.transformer_blocks.0.attn2.to_v.weight,0.000902152038179338,smoothquant_a75,4,0.19645945355296135,0.6016749739646912,0.1464131623506546,0.15716485679149628,1.0,,,0.003214470809325576
UCE,Monet_s1.0,down_blocks.1.attentions.1.transformer_blocks.0.attn2.to_v.weight,0.000902152038179338,smoothquant_a75,16,0.19594929926097393,0.3018483817577362,0.04635213315486908,0.09805338829755783,1.0,,,0.003214470809325576
UCE,Monet_s1.0,down_blocks.1.attentions.1.transformer_blocks.0.attn2.to_v.weight,0.000902152038179338,smoothquant_a85,1,0.20158080756664276,1.0955027341842651,0.6817342042922974,0.2698568105697632,1.0,,,0.003214470809325576
UCE,Monet_s1.0,down_blocks.1.attentions.1.transformer_blocks.0.attn2.to_v.weight,0.000902152038179338,smoothquant_a85,4,0.2013799026608467,0.6544297337532043,0.20623983442783356,0.17037926614284515,1.0,,,0.003214470809325576
UCE,Monet_s1.0,down_blocks.1.attentions.1.transformer_blocks.0.attn2.to_v.weight,0.000902152038179338,smoothquant_a85,16,0.20106430165469646,0.33460548520088196,0.0748189315199852,0.10841384530067444,1.0,,,0.003214470809325576
UCE,Monet_s1.0,down_blocks.1.attentions.1.transformer_blocks.0.attn2.to_v.weight,0.000902152038179338,awq_a50,1,0.20775756239891052,1.0204347372055054,0.594696044921875,0.25119081139564514,1.0,,,0.003214470809325576
UCE,Monet_s1.0,down_blocks.1.attentions.1.transformer_blocks.0.attn2.to_v.weight,0.000902152038179338,awq_a50,4,0.20760497823357582,0.583996593952179,0.08747965842485428,0.15286821126937866,1.0,,,0.003214470809325576
UCE,Monet_s1.0,down_blocks.1.attentions.1.transformer_blocks.0.attn2.to_v.weight,0.000902152038179338,awq_a50,16,0.2073389682918787,0.28212690353393555,0.02538045309484005,0.09547773003578186,0.9999998733401299,,,0.003214470809325576
UCE,Monet_s1.0,down_blocks.2.attentions.0.transformer_blocks.0.attn2.to_k.weight,0.002324864501133561,w_only_int8,0,0.19082234799861908,1.0,0.0,,,0.9989141225814819,0.9882358908653259,
UCE,Monet_s1.0,down_blocks.2.attentions.0.transformer_blocks.0.attn2.to_k.weight,0.002324864501133561,smoothquant_a50,1,0.18716837465763092,1.0312684774398804,0.6049519777297974,0.2278873175382614,1.0,,,0.0025989150162786245
UCE,Monet_s1.0,down_blocks.2.attentions.0.transformer_blocks.0.attn2.to_k.weight,0.002324864501133561,smoothquant_a50,4,0.1870676651597023,0.5826514959335327,0.10628052055835724,0.13612398505210876,1.0,,,0.0025989150162786245
UCE,Monet_s1.0,down_blocks.2.attentions.0.transformer_blocks.0.attn2.to_k.weight,0.002324864501133561,smoothquant_a50,16,0.18687559757381678,0.2799060344696045,0.03099670447409153,0.08252416551113129,1.0,,,0.0025989150162786245
UCE,Monet_s1.0,down_blocks.2.attentions.0.transformer_blocks.0.attn2.to_k.weight,0.002324864501133561,smoothquant_a75,1,0.20233255624771118,1.1174545288085938,0.7514485716819763,0.2508288323879242,1.0,,,0.0025989150162786245
UCE,Monet_s1.0,down_blocks.2.attentions.0.transformer_blocks.0.attn2.to_k.weight,0.002324864501133561,smoothquant_a75,4,0.20242080837488174,0.6659644246101379,0.21786294877529144,0.1574775129556656,1.0,,,0.0025989150162786245
UCE,Monet_s1.0,down_blocks.2.attentions.0.transformer_blocks.0.attn2.to_k.weight,0.002324864501133561,smoothquant_a75,16,0.20172360725700855,0.31615138053894043,0.06174926832318306,0.09415119886398315,1.0,,,0.0025989150162786245
UCE,Monet_s1.0,down_blocks.2.attentions.0.transformer_blocks.0.attn2.to_k.weight,0.002324864501133561,smoothquant_a85,1,0.21294352412223816,1.1938482522964478,0.8135894536972046,0.26807141304016113,1.0,,,0.0025989150162786245
UCE,Monet_s1.0,down_blocks.2.attentions.0.transformer_blocks.0.attn2.to_k.weight,0.002324864501133561,smoothquant_a85,4,0.21255213394761086,0.7362092137336731,0.29348957538604736,0.1742088347673416,1.0,,,0.0025989150162786245
UCE,Monet_s1.0,down_blocks.2.attentions.0.transformer_blocks.0.attn2.to_k.weight,0.002324864501133561,smoothquant_a85,16,0.21137949638068676,0.34824424982070923,0.08975016325712204,0.10468564927577972,1.0,,,0.0025989150162786245
UCE,Monet_s1.0,down_blocks.2.attentions.0.transformer_blocks.0.attn2.to_k.weight,0.002324864501133561,awq_a50,1,0.1937001496553421,1.0425196886062622,0.6737640500068665,0.23358754813671112,1.0,,,0.0025989150162786245
UCE,Monet_s1.0,down_blocks.2.attentions.0.transformer_blocks.0.attn2.to_k.weight,0.002324864501133561,awq_a50,4,0.19330953061580658,0.6163690686225891,0.14196065068244934,0.14374446868896484,0.9999997466802597,,,0.0025989150162786245
UCE,Monet_s1.0,down_blocks.2.attentions.0.transformer_blocks.0.attn2.to_k.weight,0.002324864501133561,awq_a50,16,0.1931563699617982,0.28914910554885864,0.03518371656537056,0.08508994430303574,0.9999998100101948,,,0.0025989150162786245
UCE,Monet_s1.0,down_blocks.2.attentions.0.transformer_blocks.0.attn2.to_v.weight,0.0013967438135296106,w_only_int8,0,0.21544291079044342,1.0,0.0,,,0.9993525743484497,0.9851569533348083,
UCE,Monet_s1.0,down_blocks.2.attentions.0.transformer_blocks.0.attn2.to_v.weight,0.0013967438135296106,smoothquant_a50,1,0.20345763862133026,0.9884019494056702,0.46546223759651184,0.2419596165418625,1.0,,,0.002855046419426799
UCE,Monet_s1.0,down_blocks.2.attentions.0.transformer_blocks.0.attn2.to_v.weight,0.0013967438135296106,smoothquant_a50,4,0.20372695848345757,0.5392013192176819,0.06531371921300888,0.1418391317129135,1.0,,,0.002855046419426799
UCE,Monet_s1.0,down_blocks.2.attentions.0.transformer_blocks.0.attn2.to_v.weight,0.0013967438135296106,smoothquant_a50,16,0.20389308780431747,0.2614686191082001,0.01678568497300148,0.08560371398925781,1.0,,,0.002855046419426799
UCE,Monet_s1.0,down_blocks.2.attentions.0.transformer_blocks.0.attn2.to_v.weight,0.0013967438135296106,smoothquant_a75,1,0.20839640498161316,1.0326303243637085,0.5887685418128967,0.25363561511039734,1.0,,,0.002855046419426799
UCE,Monet_s1.0,down_blocks.2.attentions.0.transformer_blocks.0.attn2.to_v.weight,0.0013967438135296106,smoothquant_a75,4,0.20887960121035576,0.5633142590522766,0.10187683254480362,0.1495780050754547,1.0,,,0.002855046419426799
UCE,Monet_s1.0,down_blocks.2.attentions.0.transformer_blocks.0.attn2.to_v.weight,0.0013967438135296106,smoothquant_a75,16,0.209044074639678,0.2743873596191406,0.02599487267434597,0.08904388546943665,1.0,,,0.002855046419426799
UCE,Monet_s1.0,down_blocks.2.attentions.0.transformer_blocks.0.attn2.to_v.weight,0.0013967438135296106,smoothquant_a85,1,0.21001993119716644,1.0607352256774902,0.6490844488143921,0.26076361536979675,1.0,,,0.002855046419426799
UCE,Monet_s1.0,down_blocks.2.attentions.0.transformer_blocks.0.attn2.to_v.weight,0.0013967438135296106,smoothquant_a85,4,0.2105868011713028,0.5830649733543396,0.12801004946231842,0.1550048589706421,1.0,,,0.002855046419426799
UCE,Monet_s1.0,down_blocks.2.attentions.0.transformer_blocks.0.attn2.to_v.weight,0.0013967438135296106,smoothquant_a85,16,0.21063454914838076,0.28437891602516174,0.03444010391831398,0.09272671490907669,1.0,,,0.002855046419426799
UCE,Monet_s1.0,down_blocks.2.attentions.0.transformer_blocks.0.attn2.to_v.weight,0.0013967438135296106,awq_a50,1,0.20959676802158356,1.0098011493682861,0.5481832027435303,0.24650146067142487,1.0,,,0.002855046419426799
UCE,Monet_s1.0,down_blocks.2.attentions.0.transformer_blocks.0.attn2.to_v.weight,0.0013967438135296106,awq_a50,4,0.20984598621726036,0.55194091796875,0.0547434501349926,0.1439906358718872,0.9999997466802597,,,0.002855046419426799
UCE,Monet_s1.0,down_blocks.2.attentions.0.transformer_blocks.0.attn2.to_v.weight,0.0013967438135296106,awq_a50,16,0.2097063697874546,0.2665642499923706,0.011098225601017475,0.08685357123613358,0.9999998100101948,,,0.002855046419426799
UCE,Monet_s1.0,down_blocks.2.attentions.1.transformer_blocks.0.attn2.to_k.weight,0.0024549684021621943,w_only_int8,0,0.1955515593290329,1.0,0.0,,,0.9991065263748169,0.987165629863739,
UCE,Monet_s1.0,down_blocks.2.attentions.1.transformer_blocks.0.attn2.to_k.weight,0.0024549684021621943,smoothquant_a50,1,0.19190368056297302,1.0240137577056885,0.5797129273414612,0.2319398671388626,1.0,,,0.002791090402752161
UCE,Monet_s1.0,down_blocks.2.attentions.1.transformer_blocks.0.attn2.to_k.weight,0.0024549684021621943,smoothquant_a50,4,0.1917116791009903,0.5671745538711548,0.08765767514705658,0.13715815544128418,1.0,,,0.002791090402752161
UCE,Monet_s1.0,down_blocks.2.attentions.1.transformer_blocks.0.attn2.to_k.weight,0.0024549684021621943,smoothquant_a50,16,0.19168008118867874,0.2745201289653778,0.02351888082921505,0.08302100002765656,1.0,,,0.002791090402752161
UCE,Monet_s1.0,down_blocks.2.attentions.1.transformer_blocks.0.attn2.to_k.weight,0.0024549684021621943,smoothquant_a75,1,0.20353393256664276,1.0819494724273682,0.7026448845863342,0.24994322657585144,1.0,,,0.002791090402752161
UCE,Monet_s1.0,down_blocks.2.attentions.1.transformer_blocks.0.attn2.to_k.weight,0.0024549684021621943,smoothquant_a75,4,0.20331039279699326,0.6200922131538391,0.17111001908779144,0.15332938730716705,1.0,,,0.002791090402752161
UCE,Monet_s1.0,down_blocks.2.attentions.1.transformer_blocks.0.attn2.to_k.weight,0.0024549684021621943,smoothquant_a75,16,0.20289872493594885,0.2934141755104065,0.04070841521024704,0.08973585069179535,1.0,,,0.002791090402752161
UCE,Monet_s1.0,down_blocks.2.attentions.1.transformer_blocks.0.attn2.to_k.weight,0.0024549684021621943,smoothquant_a85,1,0.21063639223575592,1.131230354309082,0.7614166140556335,0.26383188366889954,1.0,,,0.002791090402752161
UCE,Monet_s1.0,down_blocks.2.attentions.1.transformer_blocks.0.attn2.to_k.weight,0.0024549684021621943,smoothquant_a85,4,0.21034545823931694,0.6753813624382019,0.23311766982078552,0.1672239899635315,1.0,,,0.002791090402752161
UCE,Monet_s1.0,down_blocks.2.attentions.1.transformer_blocks.0.attn2.to_k.weight,0.0024549684021621943,smoothquant_a85,16,0.20953553449362516,0.3141815960407257,0.05769551545381546,0.09670490771532059,1.0,,,0.002791090402752161
UCE,Monet_s1.0,down_blocks.2.attentions.1.transformer_blocks.0.attn2.to_k.weight,0.0024549684021621943,awq_a50,1,0.19673970341682434,1.0326664447784424,0.6416890621185303,0.238335520029068,1.0,,,0.002791090402752161
UCE,Monet_s1.0,down_blocks.2.attentions.1.transformer_blocks.0.attn2.to_k.weight,0.0024549684021621943,awq_a50,4,0.19672368466854095,0.5990562438964844,0.12151183933019638,0.1453191339969635,1.0,,,0.002791090402752161
UCE,Monet_s1.0,down_blocks.2.attentions.1.transformer_blocks.0.attn2.to_k.weight,0.0024549684021621943,awq_a50,16,0.1966394418850541,0.2824549674987793,0.026947021484375,0.08569376915693283,1.0,,,0.002791090402752161
UCE,Monet_s1.0,down_blocks.2.attentions.1.transformer_blocks.0.attn2.to_v.weight,0.001430102507583797,w_only_int8,0,0.2143300324678421,1.0,0.0,,,0.999309241771698,0.9846120476722717,
UCE,Monet_s1.0,down_blocks.2.attentions.1.transformer_blocks.0.attn2.to_v.weight,0.001430102507583797,smoothquant_a50,1,0.20347289741039276,0.997185230255127,0.4920969605445862,0.2470177859067917,1.0,,,0.0028842163737863302
UCE,Monet_s1.0,down_blocks.2.attentions.1.transformer_blocks.0.attn2.to_v.weight,0.001430102507583797,smoothquant_a50,4,0.20381317287683487,0.548024594783783,0.07788289338350296,0.14545349776744843,1.0,,,0.0028842163737863302
UCE,Monet_s1.0,down_blocks.2.attentions.1.transformer_blocks.0.attn2.to_v.weight,0.001430102507583797,smoothquant_a50,16,0.2037786478176713,0.2667006254196167,0.023193359375,0.08867590874433517,1.0,,,0.0028842163737863302
UCE,Monet_s1.0,down_blocks.2.attentions.1.transformer_blocks.0.attn2.to_v.weight,0.001430102507583797,smoothquant_a75,1,0.20690713822841644,1.0320401191711426,0.5869303345680237,0.2563747465610504,1.0,,,0.0028842163737863302
UCE,Monet_s1.0,down_blocks.2.attentions.1.transformer_blocks.0.attn2.to_v.weight,0.001430102507583797,smoothquant_a75,4,0.20732701569795609,0.561224639415741,0.10214843600988388,0.15069721639156342,1.0,,,0.0028842163737863302
UCE,Monet_s1.0,down_blocks.2.attentions.1.transformer_blocks.0.attn2.to_v.weight,0.001430102507583797,smoothquant_a75,16,0.20748672354966402,0.27531442046165466,0.03069559670984745,0.09096681326627731,1.0,,,0.0028842163737863302
UCE,Monet_s1.0,down_blocks.2.attentions.1.transformer_blocks.0.attn2.to_v.weight,0.001430102507583797,smoothquant_a85,1,0.20872293412685394,1.0526188611984253,0.6334767937660217,0.26142486929893494,1.0,,,0.0028842163737863302
UCE,Monet_s1.0,down_blocks.2.attentions.1.transformer_blocks.0.attn2.to_v.weight,0.001430102507583797,smoothquant_a85,4,0.20904260873794556,0.5744070410728455,0.12012328952550888,0.15473338961601257,1.0,,,0.0028842163737863302
UCE,Monet_s1.0,down_blocks.2.attentions.1.transformer_blocks.0.attn2.to_v.weight,0.001430102507583797,smoothquant_a85,16,0.20873571932315826,0.2844878137111664,0.03783874586224556,0.0940307006239891,1.0,,,0.0028842163737863302
UCE,Monet_s1.0,down_blocks.2.attentions.1.transformer_blocks.0.attn2.to_v.weight,0.001430102507583797,awq_a50,1,0.20928853750228882,1.0097565650939941,0.5492746829986572,0.24848352372646332,1.0,,,0.0028842163737863302
UCE,Monet_s1.0,down_blocks.2.attentions.1.transformer_blocks.0.attn2.to_v.weight,0.001430102507583797,awq_a50,4,0.20914281159639359,0.5488337874412537,0.04717305675148964,0.1444689929485321,0.9999992400407791,,,0.0028842163737863302
UCE,Monet_s1.0,down_blocks.2.attentions.1.transformer_blocks.0.attn2.to_v.weight,0.001430102507583797,awq_a50,16,0.2092480342835188,0.2664737403392792,0.009328206069767475,0.08758755028247833,0.9999994933605194,,,0.0028842163737863302
UCE,Monet_s1.0,up_blocks.1.attentions.0.transformer_blocks.0.attn2.to_k.weight,0.00253137294203043,w_only_int8,0,0.20493978261947632,1.0,0.0,,,0.9994388222694397,0.9861189723014832,
UCE,Monet_s1.0,up_blocks.1.attentions.0.transformer_blocks.0.attn2.to_k.weight,0.00253137294203043,smoothquant_a50,1,0.19803771376609802,1.0116709470748901,0.5440419316291809,0.23793067038059235,1.0,,,0.0027809569146484137
UCE,Monet_s1.0,up_blocks.1.attentions.0.transformer_blocks.0.attn2.to_k.weight,0.00253137294203043,smoothquant_a50,4,0.1981966644525528,0.5524799227714539,0.0708109512925148,0.13997435569763184,1.0,,,0.0027809569146484137
UCE,Monet_s1.0,up_blocks.1.attentions.0.transformer_blocks.0.attn2.to_k.weight,0.00253137294203043,smoothquant_a50,16,0.19815838895738125,0.2661825716495514,0.01889648474752903,0.08441723883152008,1.0,,,0.0027809569146484137
UCE,Monet_s1.0,up_blocks.1.attentions.0.transformer_blocks.0.attn2.to_k.weight,0.00253137294203043,smoothquant_a75,1,0.20722046494483948,1.0549736022949219,0.6531219482421875,0.25091350078582764,1.0,,,0.0027809569146484137
UCE,Monet_s1.0,up_blocks.1.attentions.0.transformer_blocks.0.attn2.to_k.weight,0.00253137294203043,smoothquant_a75,4,0.2069859802722931,0.5843088626861572,0.12676188349723816,0.1506507843732834,1.0,,,0.0027809569146484137
UCE,Monet_s1.0,up_blocks.1.attentions.0.transformer_blocks.0.attn2.to_k.weight,0.00253137294203043,smoothquant_a75,16,0.20691986195743084,0.2764796018600464,0.02751668356359005,0.08800702542066574,1.0,,,0.0027809569146484137
UCE,Monet_s1.0,up_blocks.1.attentions.0.transformer_blocks.0.attn2.to_k.weight,0.00253137294203043,smoothquant_a85,1,0.2115936279296875,1.0881576538085938,0.706591784954071,0.2603936493396759,1.0,,,0.0027809569146484137
UCE,Monet_s1.0,up_blocks.1.attentions.0.transformer_blocks.0.attn2.to_k.weight,0.00253137294203043,smoothquant_a85,4,0.2117205299437046,0.6176731586456299,0.1714223176240921,0.16017785668373108,1.0,,,0.0027809569146484137
UCE,Monet_s1.0,up_blocks.1.attentions.0.transformer_blocks.0.attn2.to_k.weight,0.00253137294203043,smoothquant_a85,16,0.21123682521283627,0.290701687335968,0.03721415251493454,0.09308257699012756,1.0,,,0.0027809569146484137
UCE,Monet_s1.0,up_blocks.1.attentions.0.transformer_blocks.0.attn2.to_k.weight,0.00253137294203043,awq_a50,1,0.2013651579618454,1.0181117057800293,0.5851094722747803,0.24096713960170746,1.0,,,0.0027809569146484137
UCE,Monet_s1.0,up_blocks.1.attentions.0.transformer_blocks.0.attn2.to_k.weight,0.00253137294203043,awq_a50,4,0.2018590271472931,0.5694291591644287,0.0808766707777977,0.14392520487308502,0.9999997466802597,,,0.0027809569146484137
UCE,Monet_s1.0,up_blocks.1.attentions.0.transformer_blocks.0.attn2.to_k.weight,0.00253137294203043,awq_a50,16,0.20177866518497467,0.2710000276565552,0.01721394807100296,0.08574117720127106,0.9999996833503246,,,0.0027809569146484137
UCE,Monet_s1.0,up_blocks.1.attentions.0.transformer_blocks.0.attn2.to_v.weight,0.001766069559380412,w_only_int8,0,0.21951089799404144,1.0,0.0,,,0.9992536902427673,0.9838348031044006,
UCE,Monet_s1.0,up_blocks.1.attentions.0.transformer_blocks.0.attn2.to_v.weight,0.001766069559380412,smoothquant_a50,1,0.2067108154296875,0.995104193687439,0.4842946231365204,0.2502222955226898,1.0,,,0.0028032222762703896
UCE,Monet_s1.0,up_blocks.1.attentions.0.transformer_blocks.0.attn2.to_v.weight,0.001766069559380412,smoothquant_a50,4,0.2064104713499546,0.5404994487762451,0.06162821501493454,0.14667755365371704,1.0,,,0.0028032222762703896
UCE,Monet_s1.0,up_blocks.1.attentions.0.transformer_blocks.0.attn2.to_v.weight,0.001766069559380412,smoothquant_a50,16,0.2064517978578806,0.2645952105522156,0.014728800393640995,0.08912450075149536,1.0,,,0.0028032222762703896
UCE,Monet_s1.0,up_blocks.1.attentions.0.transformer_blocks.0.attn2.to_v.weight,0.001766069559380412,smoothquant_a75,1,0.20997008681297302,1.0249725580215454,0.5739156007766724,0.25713637471199036,1.0,,,0.0028032222762703896
UCE,Monet_s1.0,up_blocks.1.attentions.0.transformer_blocks.0.attn2.to_v.weight,0.001766069559380412,smoothquant_a75,4,0.21006647869944572,0.5484172701835632,0.07801005244255066,0.14937414228916168,1.0,,,0.0028032222762703896
UCE,Monet_s1.0,up_blocks.1.attentions.0.transformer_blocks.0.attn2.to_v.weight,0.001766069559380412,smoothquant_a75,16,0.20991541724652052,0.26904258131980896,0.01675618439912796,0.08936680853366852,1.0,,,0.0028032222762703896
UCE,Monet_s1.0,up_blocks.1.attentions.0.transformer_blocks.0.attn2.to_v.weight,0.001766069559380412,smoothquant_a85,1,0.2117055207490921,1.0415080785751343,0.6141387820243835,0.26105475425720215,1.0,,,0.0028032222762703896
UCE,Monet_s1.0,up_blocks.1.attentions.0.transformer_blocks.0.attn2.to_v.weight,0.001766069559380412,smoothquant_a85,4,0.21187489852309227,0.5550166368484497,0.0885772705078125,0.15143483877182007,1.0,,,0.0028032222762703896
UCE,Monet_s1.0,up_blocks.1.attentions.0.transformer_blocks.0.attn2.to_v.weight,0.001766069559380412,smoothquant_a85,16,0.21186224557459354,0.2724755108356476,0.01916605606675148,0.09020340442657471,1.0,,,0.0028032222762703896
UCE,Monet_s1.0,up_blocks.1.attentions.0.transformer_blocks.0.attn2.to_v.weight,0.001766069559380412,awq_a50,1,0.21309305727481842,1.0080972909927368,0.5414652228355408,0.2536565065383911,1.0,,,0.0028032222762703896
UCE,Monet_s1.0,up_blocks.1.attentions.0.transformer_blocks.0.attn2.to_v.weight,0.001766069559380412,awq_a50,4,0.21306101605296135,0.5443992018699646,0.0426584891974926,0.14707420766353607,0.9999997466802597,,,0.0028032222762703896
UCE,Monet_s1.0,up_blocks.1.attentions.0.transformer_blocks.0.attn2.to_v.weight,0.001766069559380412,awq_a50,16,0.21304264105856419,0.2670096158981323,0.008084106259047985,0.08972591906785965,0.9999999366700649,,,0.0028032222762703896
UCE,Monet_s1.0,up_blocks.1.attentions.1.transformer_blocks.0.attn2.to_k.weight,0.0026379995979368687,w_only_int8,0,0.20603331923484802,1.0,0.0,,,0.9990993142127991,0.9858191013336182,
UCE,Monet_s1.0,up_blocks.1.attentions.1.transformer_blocks.0.attn2.to_k.weight,0.0026379995979368687,smoothquant_a50,1,0.20112304389476776,1.014417290687561,0.5486724972724915,0.24044263362884521,1.0,,,0.002647918649017811
UCE,Monet_s1.0,up_blocks.1.attentions.1.transformer_blocks.0.attn2.to_k.weight,0.0026379995979368687,smoothquant_a50,4,0.20110829547047615,0.5504939556121826,0.07022196799516678,0.14066435396671295,1.0,,,0.002647918649017811
UCE,Monet_s1.0,up_blocks.1.attentions.1.transformer_blocks.0.attn2.to_k.weight,0.0026379995979368687,smoothquant_a50,16,0.20119660533964634,0.2681829333305359,0.02049967460334301,0.08601265400648117,1.0,,,0.002647918649017811
UCE,Monet_s1.0,up_blocks.1.attentions.1.transformer_blocks.0.attn2.to_k.weight,0.0026379995979368687,smoothquant_a75,1,0.21011148393154144,1.053972840309143,0.6479451656341553,0.2528744041919708,1.0,,,0.002647918649017811
UCE,Monet_s1.0,up_blocks.1.attentions.1.transformer_blocks.0.attn2.to_k.weight,0.0026379995979368687,smoothquant_a75,4,0.21020380407571793,0.5796431303024292,0.12043558806180954,0.15102790296077728,1.0,,,0.002647918649017811
UCE,Monet_s1.0,up_blocks.1.attentions.1.transformer_blocks.0.attn2.to_k.weight,0.0026379995979368687,smoothquant_a75,16,0.21003596018999815,0.27711454033851624,0.02921549417078495,0.0892525389790535,1.0,,,0.002647918649017811
UCE,Monet_s1.0,up_blocks.1.attentions.1.transformer_blocks.0.attn2.to_k.weight,0.0026379995979368687,smoothquant_a85,1,0.21480001509189606,1.0856233835220337,0.7012186646461487,0.26182758808135986,1.0,,,0.002647918649017811
UCE,Monet_s1.0,up_blocks.1.attentions.1.transformer_blocks.0.attn2.to_k.weight,0.0026379995979368687,smoothquant_a85,4,0.21485214680433273,0.6082565784454346,0.1609293669462204,0.15964922308921814,1.0,,,0.002647918649017811
UCE,Monet_s1.0,up_blocks.1.attentions.1.transformer_blocks.0.attn2.to_k.weight,0.0026379995979368687,smoothquant_a85,16,0.21449858415871859,0.28967735171318054,0.0380910225212574,0.09390884637832642,1.0,,,0.002647918649017811
UCE,Monet_s1.0,up_blocks.1.attentions.1.transformer_blocks.0.attn2.to_k.weight,0.0026379995979368687,awq_a50,1,0.20476175844669342,1.0182167291641235,0.5860728025436401,0.242601215839386,1.0,,,0.002647918649017811
UCE,Monet_s1.0,up_blocks.1.attentions.1.transformer_blocks.0.attn2.to_k.weight,0.0026379995979368687,awq_a50,4,0.20440902560949326,0.5640713572502136,0.07732442021369934,0.14408496022224426,1.0,,,0.002647918649017811
UCE,Monet_s1.0,up_blocks.1.attentions.1.transformer_blocks.0.attn2.to_k.weight,0.0026379995979368687,awq_a50,16,0.20440839044749737,0.26942920684814453,0.01848449744284153,0.08645613491535187,0.9999996833503246,,,0.002647918649017811
UCE,Monet_s1.0,up_blocks.1.attentions.1.transformer_blocks.0.attn2.to_v.weight,0.001948416931554675,w_only_int8,0,0.22496134042739868,1.0,0.0,,,0.9991419315338135,0.9827260971069336,
UCE,Monet_s1.0,up_blocks.1.attentions.1.transformer_blocks.0.attn2.to_v.weight,0.001948416931554675,smoothquant_a50,1,0.2115376740694046,0.9863781929016113,0.4566548764705658,0.254830539226532,1.0,,,0.0029015233740210533
UCE,Monet_s1.0,up_blocks.1.attentions.1.transformer_blocks.0.attn2.to_v.weight,0.001948416931554675,smoothquant_a50,4,0.21107787638902664,0.5366712212562561,0.05721944198012352,0.14971573650836945,1.0,,,0.0029015233740210533
UCE,Monet_s1.0,up_blocks.1.attentions.1.transformer_blocks.0.attn2.to_v.weight,0.001948416931554675,smoothquant_a50,16,0.2109958017244935,0.259499728679657,0.013585408218204975,0.09026747941970825,1.0,,,0.0029015233740210533
UCE,Monet_s1.0,up_blocks.1.attentions.1.transformer_blocks.0.attn2.to_v.weight,0.001948416931554675,smoothquant_a75,1,0.2162577360868454,1.0179798603057861,0.5548258423805237,0.26236554980278015,1.0,,,0.0029015233740210533
UCE,Monet_s1.0,up_blocks.1.attentions.1.transformer_blocks.0.attn2.to_v.weight,0.001948416931554675,smoothquant_a75,4,0.2161150649189949,0.5440745949745178,0.070404052734375,0.1523703932762146,1.0,,,0.0029015233740210533
UCE,Monet_s1.0,up_blocks.1.attentions.1.transformer_blocks.0.attn2.to_v.weight,0.001948416931554675,smoothquant_a75,16,0.2160427737981081,0.2634994685649872,0.014170329086482525,0.09008470177650452,1.0,,,0.0029015233740210533
UCE,Monet_s1.0,up_blocks.1.attentions.1.transformer_blocks.0.attn2.to_v.weight,0.001948416931554675,smoothquant_a85,1,0.2191874235868454,1.0348811149597168,0.5993662476539612,0.2661949396133423,1.0,,,0.0029015233740210533
UCE,Monet_s1.0,up_blocks.1.attentions.1.transformer_blocks.0.attn2.to_v.weight,0.001948416931554675,smoothquant_a85,4,0.2186381034553051,0.550116240978241,0.08042297512292862,0.15420937538146973,1.0,,,0.0029015233740210533
UCE,Monet_s1.0,up_blocks.1.attentions.1.transformer_blocks.0.attn2.to_v.weight,0.001948416931554675,smoothquant_a85,16,0.21855754777789116,0.26760029792785645,0.015535482205450535,0.091031514108181,1.0,,,0.0029015233740210533
UCE,Monet_s1.0,up_blocks.1.attentions.1.transformer_blocks.0.attn2.to_v.weight,0.001948416931554675,awq_a50,1,0.21851500868797302,1.0087974071502686,0.5453440546989441,0.2598692774772644,1.0,,,0.0029015233740210533
UCE,Monet_s1.0,up_blocks.1.attentions.1.transformer_blocks.0.attn2.to_v.weight,0.001948416931554675,awq_a50,4,0.21843693777918816,0.5492942929267883,0.04552408680319786,0.1519877314567566,0.9999997466802597,,,0.0029015233740210533
UCE,Monet_s1.0,up_blocks.1.attentions.1.transformer_blocks.0.attn2.to_v.weight,0.001948416931554675,awq_a50,16,0.21851571276783943,0.26606881618499756,0.007901000790297985,0.09198945015668869,0.9999994300305843,,,0.0029015233740210533
UCE,Monet_s1.0,up_blocks.1.attentions.2.transformer_blocks.0.attn2.to_k.weight,0.0027143091429024935,w_only_int8,0,0.20020852982997894,1.0,0.0,,,0.998968243598938,0.9867870211601257,
UCE,Monet_s1.0,up_blocks.1.attentions.2.transformer_blocks.0.attn2.to_k.weight,0.0027143091429024935,smoothquant_a50,1,0.19473978877067566,1.0183781385421753,0.5646759271621704,0.23465466499328613,1.0,,,0.002634416101500392
UCE,Monet_s1.0,up_blocks.1.attentions.2.transformer_blocks.0.attn2.to_k.weight,0.0027143091429024935,smoothquant_a50,4,0.19492848590016365,0.5633912086486816,0.08195393532514572,0.1386822909116745,1.0,,,0.002634416101500392
UCE,Monet_s1.0,up_blocks.1.attentions.2.transformer_blocks.0.attn2.to_k.weight,0.0027143091429024935,smoothquant_a50,16,0.1947001749649644,0.2700236141681671,0.02199503593146801,0.0837128683924675,1.0,,,0.002634416101500392
UCE,Monet_s1.0,up_blocks.1.attentions.2.transformer_blocks.0.attn2.to_k.weight,0.0027143091429024935,smoothquant_a75,1,0.20505574345588684,1.0693897008895874,0.6821848750114441,0.24913936853408813,1.0,,,0.002634416101500392
UCE,Monet_s1.0,up_blocks.1.attentions.2.transformer_blocks.0.attn2.to_k.weight,0.0027143091429024935,smoothquant_a75,4,0.20493316650390625,0.5993035435676575,0.14291483163833618,0.15033967792987823,1.0,,,0.002634416101500392
UCE,Monet_s1.0,up_blocks.1.attentions.2.transformer_blocks.0.attn2.to_k.weight,0.0027143091429024935,smoothquant_a75,16,0.20481071528047323,0.28555259108543396,0.03516744077205658,0.08882013708353043,1.0,,,0.002634416101500392
UCE,Monet_s1.0,up_blocks.1.attentions.2.transformer_blocks.0.attn2.to_k.weight,0.0027143091429024935,smoothquant_a85,1,0.20864054560661316,1.1082587242126465,0.7373412847518921,0.2593953013420105,1.0,,,0.002634416101500392
UCE,Monet_s1.0,up_blocks.1.attentions.2.transformer_blocks.0.attn2.to_k.weight,0.0027143091429024935,smoothquant_a85,4,0.20902074128389359,0.6353758573532104,0.18931986391544342,0.16015765070915222,1.0,,,0.002634416101500392
UCE,Monet_s1.0,up_blocks.1.attentions.2.transformer_blocks.0.attn2.to_k.weight,0.0027143091429024935,smoothquant_a85,16,0.2087663635611534,0.30166634917259216,0.0471852608025074,0.09429647028446198,1.0,,,0.002634416101500392
UCE,Monet_s1.0,up_blocks.1.attentions.2.transformer_blocks.0.attn2.to_k.weight,0.0027143091429024935,awq_a50,1,0.19746093451976776,1.0240172147750854,0.6096018552780151,0.23727211356163025,1.0,,,0.002634416101500392
UCE,Monet_s1.0,up_blocks.1.attentions.2.transformer_blocks.0.attn2.to_k.weight,0.0027143091429024935,awq_a50,4,0.19743576273322105,0.5722635388374329,0.08763936161994934,0.14131015539169312,1.0,,,0.002634416101500392
UCE,Monet_s1.0,up_blocks.1.attentions.2.transformer_blocks.0.attn2.to_k.weight,0.0027143091429024935,awq_a50,16,0.19739100150763988,0.2754482626914978,0.02126871794462204,0.08510687947273254,0.9999999366700649,,,0.002634416101500392
UCE,Monet_s1.0,up_blocks.1.attentions.2.transformer_blocks.0.attn2.to_v.weight,0.0018641183851286769,w_only_int8,0,0.22072753310203552,1.0,0.0,,,0.9991862177848816,0.9839667081832886,
UCE,Monet_s1.0,up_blocks.1.attentions.2.transformer_blocks.0.attn2.to_v.weight,0.0018641183851286769,smoothquant_a50,1,0.20419718325138092,0.9714422821998596,0.4202463924884796,0.24525372684001923,1.0,,,0.0029562669806182384
UCE,Monet_s1.0,up_blocks.1.attentions.2.transformer_blocks.0.attn2.to_v.weight,0.0018641183851286769,smoothquant_a50,4,0.2041926048696041,0.5226675271987915,0.05348917469382286,0.14239896833896637,1.0,,,0.0029562669806182384
UCE,Monet_s1.0,up_blocks.1.attentions.2.transformer_blocks.0.attn2.to_v.weight,0.0018641183851286769,smoothquant_a50,16,0.20431607589125633,0.2554647922515869,0.013584391213953495,0.08642702549695969,1.0,,,0.0029562669806182384
UCE,Monet_s1.0,up_blocks.1.attentions.2.transformer_blocks.0.attn2.to_v.weight,0.0018641183851286769,smoothquant_a75,1,0.2093556672334671,1.0088615417480469,0.5257171392440796,0.2538340985774994,1.0,,,0.0029562669806182384
UCE,Monet_s1.0,up_blocks.1.attentions.2.transformer_blocks.0.attn2.to_v.weight,0.0018641183851286769,smoothquant_a75,4,0.20972620323300362,0.534376323223114,0.06707458198070526,0.14606435596942902,1.0,,,0.0029562669806182384
UCE,Monet_s1.0,up_blocks.1.attentions.2.transformer_blocks.0.attn2.to_v.weight,0.0018641183851286769,smoothquant_a75,16,0.21006927266716957,0.26102617383003235,0.014545694924890995,0.08703447133302689,1.0,,,0.0029562669806182384
UCE,Monet_s1.0,up_blocks.1.attentions.2.transformer_blocks.0.attn2.to_v.weight,0.0018641183851286769,smoothquant_a85,1,0.21315103769302368,1.030341386795044,0.5825245976448059,0.25858181715011597,1.0,,,0.0029562669806182384
UCE,Monet_s1.0,up_blocks.1.attentions.2.transformer_blocks.0.attn2.to_v.weight,0.0018641183851286769,smoothquant_a85,4,0.21334126591682434,0.5432097911834717,0.08026123046875,0.14898651838302612,1.0,,,0.0029562669806182384
UCE,Monet_s1.0,up_blocks.1.attentions.2.transformer_blocks.0.attn2.to_v.weight,0.0018641183851286769,smoothquant_a85,16,0.21374823153018951,0.2668265402317047,0.01663309708237648,0.08840292692184448,1.0,,,0.0029562669806182384
UCE,Monet_s1.0,up_blocks.1.attentions.2.transformer_blocks.0.attn2.to_v.weight,0.0018641183851286769,awq_a50,1,0.21378478407859802,1.0071067810058594,0.5362823605537415,0.2530643045902252,1.0,,,0.0029562669806182384
UCE,Monet_s1.0,up_blocks.1.attentions.2.transformer_blocks.0.attn2.to_v.weight,0.0018641183851286769,awq_a50,4,0.21449533849954605,0.5499240159988403,0.04538167268037796,0.14797726273536682,0.9999994933605194,,,0.0029562669806182384
UCE,Monet_s1.0,up_blocks.1.attentions.2.transformer_blocks.0.attn2.to_v.weight,0.0018641183851286769,awq_a50,16,0.21449101716279984,0.2655099332332611,0.00839335098862648,0.08964329212903976,0.9999993033707142,,,0.0029562669806182384
UCE,Monet_s1.0,up_blocks.2.attentions.0.transformer_blocks.0.attn2.to_k.weight,0.0035765503998845816,w_only_int8,0,0.1753641813993454,1.0,0.0,,,0.9987359046936035,0.9900269508361816,
UCE,Monet_s1.0,up_blocks.2.attentions.0.transformer_blocks.0.attn2.to_k.weight,0.0035765503998845816,smoothquant_a50,1,0.17154337465763092,1.0238308906555176,0.5721781253814697,0.20556573569774628,1.0,,,0.0028549511916935444
UCE,Monet_s1.0,up_blocks.2.attentions.0.transformer_blocks.0.attn2.to_k.weight,0.0035765503998845816,smoothquant_a50,4,0.17109374701976776,0.6020407676696777,0.12080485373735428,0.12730111181735992,1.0,,,0.0028549511916935444
UCE,Monet_s1.0,up_blocks.2.attentions.0.transformer_blocks.0.attn2.to_k.weight,0.0035765503998845816,smoothquant_a50,16,0.1711574550718069,0.28749218583106995,0.03375244140625,0.07760054618120193,1.0,,,0.0028549511916935444
UCE,Monet_s1.0,up_blocks.2.attentions.0.transformer_blocks.0.attn2.to_k.weight,0.0035765503998845816,smoothquant_a75,1,0.19372762739658356,1.1984269618988037,0.804272472858429,0.24190117418766022,1.0,,,0.0028549511916935444
UCE,Monet_s1.0,up_blocks.2.attentions.0.transformer_blocks.0.attn2.to_k.weight,0.0035765503998845816,smoothquant_a75,4,0.1934616081416607,0.7481992244720459,0.29893189668655396,0.1590901017189026,1.0,,,0.0028549511916935444
UCE,Monet_s1.0,up_blocks.2.attentions.0.transformer_blocks.0.attn2.to_k.weight,0.0035765503998845816,smoothquant_a75,16,0.1925843572244048,0.3527342677116394,0.09311726689338684,0.09622617810964584,1.0,,,0.0028549511916935444
UCE,Monet_s1.0,up_blocks.2.attentions.0.transformer_blocks.0.attn2.to_k.weight,0.0035765503998845816,smoothquant_a85,1,0.20692749321460724,1.3294013738632202,0.8735982179641724,0.26332882046699524,1.0,,,0.0028549511916935444
UCE,Monet_s1.0,up_blocks.2.attentions.0.transformer_blocks.0.attn2.to_k.weight,0.0035765503998845816,smoothquant_a85,4,0.20697174221277237,0.8441159129142761,0.3873738646507263,0.17794477939605713,1.0,,,0.0028549511916935444
UCE,Monet_s1.0,up_blocks.2.attentions.0.transformer_blocks.0.attn2.to_k.weight,0.0035765503998845816,smoothquant_a85,16,0.20584411546587944,0.401363343000412,0.13218383491039276,0.10864289104938507,1.0,,,0.0028549511916935444
UCE,Monet_s1.0,up_blocks.2.attentions.0.transformer_blocks.0.attn2.to_k.weight,0.0035765503998845816,awq_a50,1,0.1833903044462204,1.0942541360855103,0.75592041015625,0.22576674818992615,1.0,,,0.0028549511916935444
UCE,Monet_s1.0,up_blocks.2.attentions.0.transformer_blocks.0.attn2.to_k.weight,0.0035765503998845816,awq_a50,4,0.18356068804860115,0.6997767090797424,0.23441976308822632,0.14661934971809387,1.0,,,0.0028549511916935444
UCE,Monet_s1.0,up_blocks.2.attentions.0.transformer_blocks.0.attn2.to_k.weight,0.0035765503998845816,awq_a50,16,0.18321660347282887,0.3290276825428009,0.07213745266199112,0.08883275091648102,1.0,,,0.0028549511916935444
UCE,Monet_s1.0,up_blocks.2.attentions.0.transformer_blocks.0.attn2.to_v.weight,0.002766355173662305,w_only_int8,0,0.20432738959789276,1.0,0.0,,,0.9994335770606995,0.9862750768661499,
UCE,Monet_s1.0,up_blocks.2.attentions.0.transformer_blocks.0.attn2.to_v.weight,0.002766355173662305,smoothquant_a50,1,0.18575643002986908,0.938892662525177,0.34251099824905396,0.22291040420532227,1.0,,,0.002921187551692128
UCE,Monet_s1.0,up_blocks.2.attentions.0.transformer_blocks.0.attn2.to_v.weight,0.002766355173662305,smoothquant_a50,4,0.18531392514705658,0.515878438949585,0.04518025740981102,0.1303785741329193,1.0,,,0.002921187551692128
UCE,Monet_s1.0,up_blocks.2.attentions.0.transformer_blocks.0.attn2.to_v.weight,0.002766355173662305,smoothquant_a50,16,0.18545290641486645,0.2518123388290405,0.011525471694767475,0.07871318608522415,1.0,,,0.002921187551692128
UCE,Monet_s1.0,up_blocks.2.attentions.0.transformer_blocks.0.attn2.to_v.weight,0.002766355173662305,smoothquant_a75,1,0.1973876953125,1.0074597597122192,0.5206298828125,0.2376410812139511,1.0,,,0.002921187551692128
UCE,Monet_s1.0,up_blocks.2.attentions.0.transformer_blocks.0.attn2.to_v.weight,0.002766355173662305,smoothquant_a75,4,0.19720052182674408,0.5491405725479126,0.07862956076860428,0.1389293670654297,1.0,,,0.002921187551692128
UCE,Monet_s1.0,up_blocks.2.attentions.0.transformer_blocks.0.attn2.to_v.weight,0.002766355173662305,smoothquant_a75,16,0.19716135691851377,0.26616260409355164,0.01700846292078495,0.08191189914941788,1.0,,,0.002921187551692128
UCE,Monet_s1.0,up_blocks.2.attentions.0.transformer_blocks.0.attn2.to_v.weight,0.002766355173662305,smoothquant_a85,1,0.2023722380399704,1.0413044691085815,0.6072367429733276,0.24538476765155792,1.0,,,0.002921187551692128
UCE,Monet_s1.0,up_blocks.2.attentions.0.transformer_blocks.0.attn2.to_v.weight,0.002766355173662305,smoothquant_a85,4,0.20257212594151497,0.5653623342514038,0.10059814155101776,0.14373663067817688,1.0,,,0.002921187551692128
UCE,Monet_s1.0,up_blocks.2.attentions.0.transformer_blocks.0.attn2.to_v.weight,0.002766355173662305,smoothquant_a85,16,0.2025140132755041,0.2752150595188141,0.021484375,0.08444159477949142,1.0,,,0.002921187551692128
UCE,Monet_s1.0,up_blocks.2.attentions.0.transformer_blocks.0.attn2.to_v.weight,0.002766355173662305,awq_a50,1,0.2020772248506546,1.0191450119018555,0.5946004390716553,0.2385491132736206,1.0,,,0.002921187551692128
UCE,Monet_s1.0,up_blocks.2.attentions.0.transformer_blocks.0.attn2.to_v.weight,0.002766355173662305,awq_a50,4,0.20151112601161003,0.5655136108398438,0.06149495393037796,0.1408168226480484,1.0,,,0.002921187551692128
UCE,Monet_s1.0,up_blocks.2.attentions.0.transformer_blocks.0.attn2.to_v.weight,0.002766355173662305,awq_a50,16,0.20142529904842377,0.2747911512851715,0.01206868514418602,0.08564161509275436,0.9999994933605194,,,0.002921187551692128
UCE,Monet_s1.0,up_blocks.2.attentions.1.transformer_blocks.0.attn2.to_k.weight,0.002611506963148713,w_only_int8,0,0.1982828825712204,1.0,0.0,,,0.9987720847129822,0.9874029159545898,
UCE,Monet_s1.0,up_blocks.2.attentions.1.transformer_blocks.0.attn2.to_k.weight,0.002611506963148713,smoothquant_a50,1,0.19781087338924408,1.030754566192627,0.588055431842804,0.2377752661705017,1.0,,,0.0027692147996276617
UCE,Monet_s1.0,up_blocks.2.attentions.1.transformer_blocks.0.attn2.to_k.weight,0.002611506963148713,smoothquant_a50,4,0.19776560738682747,0.5990840792655945,0.13358764350414276,0.1464189887046814,1.0,,,0.0027692147996276617
UCE,Monet_s1.0,up_blocks.2.attentions.1.transformer_blocks.0.attn2.to_k.weight,0.002611506963148713,smoothquant_a50,16,0.19755465351045132,0.2855270504951477,0.0437825508415699,0.08869707584381104,1.0,,,0.0027692147996276617
UCE,Monet_s1.0,up_blocks.2.attentions.1.transformer_blocks.0.attn2.to_k.weight,0.002611506963148713,smoothquant_a75,1,0.21836954355239868,1.1392393112182617,0.7667317986488342,0.26823216676712036,1.0,,,0.0027692147996276617
UCE,Monet_s1.0,up_blocks.2.attentions.1.transformer_blocks.0.attn2.to_k.weight,0.002611506963148713,smoothquant_a75,4,0.21822000667452812,0.7075140476226807,0.2631734311580658,0.174818217754364,1.0,,,0.0027692147996276617
UCE,Monet_s1.0,up_blocks.2.attentions.1.transformer_blocks.0.attn2.to_k.weight,0.002611506963148713,smoothquant_a75,16,0.21787388902157545,0.3256058096885681,0.08049723505973816,0.10348741710186005,1.0,,,0.0027692147996276617
UCE,Monet_s1.0,up_blocks.2.attentions.1.transformer_blocks.0.attn2.to_k.weight,0.002611506963148713,smoothquant_a85,1,0.22903035581111908,1.23792564868927,0.8392130732536316,0.2882695198059082,1.0,,,0.0027692147996276617
UCE,Monet_s1.0,up_blocks.2.attentions.1.transformer_blocks.0.attn2.to_k.weight,0.002611506963148713,smoothquant_a85,4,0.22863667830824852,0.7963013052940369,0.34556275606155396,0.19447939097881317,1.0,,,0.0027692147996276617
UCE,Monet_s1.0,up_blocks.2.attentions.1.transformer_blocks.0.attn2.to_k.weight,0.002611506963148713,smoothquant_a85,16,0.2276590969413519,0.36471959948539734,0.11010538786649704,0.11575610190629959,1.0,,,0.0027692147996276617
UCE,Monet_s1.0,up_blocks.2.attentions.1.transformer_blocks.0.attn2.to_k.weight,0.002611506963148713,awq_a50,1,0.20713907480239868,1.062893033027649,0.7237080931663513,0.25120919942855835,1.0,,,0.0027692147996276617
UCE,Monet_s1.0,up_blocks.2.attentions.1.transformer_blocks.0.attn2.to_k.weight,0.002611506963148713,awq_a50,4,0.20704396441578865,0.6708139777183533,0.20261840522289276,0.16151374578475952,0.9999994933605194,,,0.0027692147996276617
UCE,Monet_s1.0,up_blocks.2.attentions.1.transformer_blocks.0.attn2.to_k.weight,0.002611506963148713,awq_a50,16,0.20641365088522434,0.30984628200531006,0.06515909731388092,0.09695230424404144,0.9999994933605194,,,0.0027692147996276617
UCE,Monet_s1.0,up_blocks.2.attentions.1.transformer_blocks.0.attn2.to_v.weight,0.0017481994582340121,w_only_int8,0,0.21233519911766052,1.0,0.0,,,0.9992526173591614,0.984117329120636,
UCE,Monet_s1.0,up_blocks.2.attentions.1.transformer_blocks.0.attn2.to_v.weight,0.0017481994582340121,smoothquant_a50,1,0.19302774965763092,0.9422234892845154,0.36770427227020264,0.23643329739570618,1.0,,,0.0026515971403568983
UCE,Monet_s1.0,up_blocks.2.attentions.1.transformer_blocks.0.attn2.to_v.weight,0.0017481994582340121,smoothquant_a50,4,0.1925348937511444,0.5204408168792725,0.06473185122013092,0.13975612819194794,1.0,,,0.0026515971403568983
UCE,Monet_s1.0,up_blocks.2.attentions.1.transformer_blocks.0.attn2.to_v.weight,0.0017481994582340121,smoothquant_a50,16,0.19258448295295238,0.25461670756340027,0.01925455778837204,0.08498053252696991,1.0,,,0.0026515971403568983
UCE,Monet_s1.0,up_blocks.2.attentions.1.transformer_blocks.0.attn2.to_v.weight,0.0017481994582340121,smoothquant_a75,1,0.20321044325828552,1.0052508115768433,0.5133707523345947,0.25196805596351624,1.0,,,0.0026515971403568983
UCE,Monet_s1.0,up_blocks.2.attentions.1.transformer_blocks.0.attn2.to_v.weight,0.0017481994582340121,smoothquant_a75,4,0.20240681990981102,0.5560827255249023,0.09697672724723816,0.14947064220905304,1.0,,,0.0026515971403568983
UCE,Monet_s1.0,up_blocks.2.attentions.1.transformer_blocks.0.attn2.to_v.weight,0.0017481994582340121,smoothquant_a75,16,0.2023661294952035,0.2717435657978058,0.02877197228372097,0.09016969799995422,1.0,,,0.0026515971403568983
UCE,Monet_s1.0,up_blocks.2.attentions.1.transformer_blocks.0.attn2.to_v.weight,0.0017481994582340121,smoothquant_a85,1,0.2089945524930954,1.0388654470443726,0.5948588252067566,0.259996622800827,1.0,,,0.0026515971403568983
UCE,Monet_s1.0,up_blocks.2.attentions.1.transformer_blocks.0.attn2.to_v.weight,0.0017481994582340121,smoothquant_a85,4,0.2077835090458393,0.5759723782539368,0.11896565556526184,0.1549643576145172,1.0,,,0.0026515971403568983
UCE,Monet_s1.0,up_blocks.2.attentions.1.transformer_blocks.0.attn2.to_v.weight,0.0017481994582340121,smoothquant_a85,16,0.20792058296501637,0.28423070907592773,0.03614502027630806,0.0940573588013649,1.0,,,0.0026515971403568983
UCE,Monet_s1.0,up_blocks.2.attentions.1.transformer_blocks.0.attn2.to_v.weight,0.0017481994582340121,awq_a50,1,0.20719808340072632,1.0153517723083496,0.5724548101425171,0.2516371011734009,1.0,,,0.0026515971403568983
UCE,Monet_s1.0,up_blocks.2.attentions.1.transformer_blocks.0.attn2.to_v.weight,0.0017481994582340121,awq_a50,4,0.20736897736787796,0.5676813721656799,0.06475016474723816,0.1493930220603943,1.0,,,0.0026515971403568983
UCE,Monet_s1.0,up_blocks.2.attentions.1.transformer_blocks.0.attn2.to_v.weight,0.0017481994582340121,awq_a50,16,0.2075258893892169,0.27651214599609375,0.01581420935690403,0.09173327684402466,0.9999997466802597,,,0.0026515971403568983
UCE,Monet_s1.0,up_blocks.2.attentions.2.transformer_blocks.0.attn2.to_k.weight,0.0025503686629235744,w_only_int8,0,0.20669962465763092,1.0,0.0,,,0.9990752935409546,0.9868676662445068,
UCE,Monet_s1.0,up_blocks.2.attentions.2.transformer_blocks.0.attn2.to_k.weight,0.0025503686629235744,smoothquant_a50,1,0.20737507939338684,1.0278986692428589,0.5801452398300171,0.2429409623146057,1.0,,,0.0026450115256011486
UCE,Monet_s1.0,up_blocks.2.attentions.2.transformer_blocks.0.attn2.to_k.weight,0.0025503686629235744,smoothquant_a50,4,0.2068171203136444,0.6009781956672668,0.13755086064338684,0.14994868636131287,1.0,,,0.0026450115256011486
UCE,Monet_s1.0,up_blocks.2.attentions.2.transformer_blocks.0.attn2.to_k.weight,0.0025503686629235744,smoothquant_a50,16,0.20684979669749737,0.2835761308670044,0.04757283627986908,0.09085748344659805,1.0,,,0.0026450115256011486
UCE,Monet_s1.0,up_blocks.2.attentions.2.transformer_blocks.0.attn2.to_k.weight,0.0025503686629235744,smoothquant_a75,1,0.22921141982078552,1.1332907676696777,0.7547953128814697,0.27136754989624023,1.0,,,0.0026450115256011486
UCE,Monet_s1.0,up_blocks.2.attentions.2.transformer_blocks.0.attn2.to_k.weight,0.0025503686629235744,smoothquant_a75,4,0.22955983132123947,0.6921927332878113,0.25359293818473816,0.1754610240459442,1.0,,,0.0026450115256011486
UCE,Monet_s1.0,up_blocks.2.attentions.2.transformer_blocks.0.attn2.to_k.weight,0.0025503686629235744,smoothquant_a75,16,0.22846323531121016,0.32042765617370605,0.07965698093175888,0.10381289571523666,1.0,,,0.0026450115256011486
UCE,Monet_s1.0,up_blocks.2.attentions.2.transformer_blocks.0.attn2.to_k.weight,0.0025503686629235744,smoothquant_a85,1,0.23982544243335724,1.2071287631988525,0.8145507574081421,0.2877768874168396,1.0,,,0.0026450115256011486
UCE,Monet_s1.0,up_blocks.2.attentions.2.transformer_blocks.0.attn2.to_k.weight,0.0025503686629235744,smoothquant_a85,4,0.23982645571231842,0.7562647461891174,0.3144470155239105,0.19020448625087738,1.0,,,0.0026450115256011486
UCE,Monet_s1.0,up_blocks.2.attentions.2.transformer_blocks.0.attn2.to_k.weight,0.0025503686629235744,smoothquant_a85,16,0.23851102218031883,0.34973809123039246,0.10183919221162796,0.1131397932767868,1.0,,,0.0026450115256011486
UCE,Monet_s1.0,up_blocks.2.attentions.2.transformer_blocks.0.attn2.to_k.weight,0.0025503686629235744,awq_a50,1,0.2119242399930954,1.0464587211608887,0.6800171136856079,0.24952290952205658,1.0,,,0.0026450115256011486
UCE,Monet_s1.0,up_blocks.2.attentions.2.transformer_blocks.0.attn2.to_k.weight,0.0025503686629235744,awq_a50,4,0.21167297288775444,0.6298826932907104,0.1604410856962204,0.15579929947853088,1.0,,,0.0026450115256011486
UCE,Monet_s1.0,up_blocks.2.attentions.2.transformer_blocks.0.attn2.to_k.weight,0.0025503686629235744,awq_a50,16,0.2115154257044196,0.29515716433525085,0.04891764372587204,0.09319591522216797,0.9999998733401299,,,0.0026450115256011486
UCE,Monet_s1.0,up_blocks.2.attentions.2.transformer_blocks.0.attn2.to_v.weight,0.0014609780628234148,w_only_int8,0,0.22910766303539276,1.0,0.0,,,0.9992614984512329,0.9821310639381409,
UCE,Monet_s1.0,up_blocks.2.attentions.2.transformer_blocks.0.attn2.to_v.weight,0.0014609780628234148,smoothquant_a50,1,0.20129598677158356,0.911052942276001,0.30517578125,0.24268782138824463,1.0,,,0.0025911570992320776
UCE,Monet_s1.0,up_blocks.2.attentions.2.transformer_blocks.0.attn2.to_v.weight,0.0014609780628234148,smoothquant_a50,4,0.20072326809167862,0.4936242699623108,0.04607544094324112,0.14173156023025513,1.0,,,0.0025911570992320776
UCE,Monet_s1.0,up_blocks.2.attentions.2.transformer_blocks.0.attn2.to_v.weight,0.0014609780628234148,smoothquant_a50,16,0.20079816319048405,0.24329471588134766,0.013519287109375,0.08643697202205658,1.0,,,0.0025911570992320776
UCE,Monet_s1.0,up_blocks.2.attentions.2.transformer_blocks.0.attn2.to_v.weight,0.0014609780628234148,smoothquant_a75,1,0.21372884511947632,0.9866808652877808,0.4660481810569763,0.2605777680873871,1.0,,,0.0025911570992320776
UCE,Monet_s1.0,up_blocks.2.attentions.2.transformer_blocks.0.attn2.to_v.weight,0.0014609780628234148,smoothquant_a75,4,0.2134297713637352,0.5403414964675903,0.07455240935087204,0.15368446707725525,1.0,,,0.0025911570992320776
UCE,Monet_s1.0,up_blocks.2.attentions.2.transformer_blocks.0.attn2.to_v.weight,0.0014609780628234148,smoothquant_a75,16,0.2138689672574401,0.2671108543872833,0.02072346955537796,0.09292518347501755,1.0,,,0.0025911570992320776
UCE,Monet_s1.0,up_blocks.2.attentions.2.transformer_blocks.0.attn2.to_v.weight,0.0014609780628234148,smoothquant_a85,1,0.22202758491039276,1.0260608196258545,0.5652120113372803,0.2700729966163635,1.0,,,0.0025911570992320776
UCE,Monet_s1.0,up_blocks.2.attentions.2.transformer_blocks.0.attn2.to_v.weight,0.0014609780628234148,smoothquant_a85,4,0.2204432189464569,0.5637118220329285,0.10006510466337204,0.15999279916286469,1.0,,,0.0025911570992320776
UCE,Monet_s1.0,up_blocks.2.attentions.2.transformer_blocks.0.attn2.to_v.weight,0.0014609780628234148,smoothquant_a85,16,0.22109527606517076,0.27615833282470703,0.02699381485581398,0.09629562497138977,1.0,,,0.0025911570992320776
UCE,Monet_s1.0,up_blocks.2.attentions.2.transformer_blocks.0.attn2.to_v.weight,0.0014609780628234148,awq_a50,1,0.22536824643611908,1.0129117965698242,0.5652262568473816,0.2646576464176178,1.0,,,0.0025911570992320776
UCE,Monet_s1.0,up_blocks.2.attentions.2.transformer_blocks.0.attn2.to_v.weight,0.0014609780628234148,awq_a50,4,0.22499389573931694,0.5599879622459412,0.05587158352136612,0.15695267915725708,1.0,,,0.0025911570992320776
UCE,Monet_s1.0,up_blocks.2.attentions.2.transformer_blocks.0.attn2.to_v.weight,0.0014609780628234148,awq_a50,16,0.22481053788214922,0.2732839584350586,0.014469400979578495,0.09640168398618698,0.9999994933605194,,,0.0025911570992320776
UCE,Monet_s1.0,up_blocks.3.attentions.0.transformer_blocks.0.attn2.to_k.weight,0.0028831814415752888,w_only_int8,0,0.24718424677848816,1.0,0.0,,,0.997673749923706,0.9780301451683044,
UCE,Monet_s1.0,up_blocks.3.attentions.0.transformer_blocks.0.attn2.to_k.weight,0.0028831814415752888,smoothquant_a50,1,0.24319253861904144,0.9135003685951233,0.35767823457717896,0.25731441378593445,1.0,,,0.004059310536831617
UCE,Monet_s1.0,up_blocks.3.attentions.0.transformer_blocks.0.attn2.to_k.weight,0.0028831814415752888,smoothquant_a50,4,0.24300231784582138,0.6368153691291809,0.15510253608226776,0.1795651763677597,1.0,,,0.004059310536831617
UCE,Monet_s1.0,up_blocks.3.attentions.0.transformer_blocks.0.attn2.to_k.weight,0.0028831814415752888,smoothquant_a50,16,0.24255320243537426,0.35143718123435974,0.09070231020450592,0.12449895590543747,1.0,,,0.004059310536831617
UCE,Monet_s1.0,up_blocks.3.attentions.0.transformer_blocks.0.attn2.to_k.weight,0.0028831814415752888,smoothquant_a75,1,0.3329874575138092,1.3704208135604858,0.9588826298713684,0.3554266095161438,1.0,,,0.004059310536831617
UCE,Monet_s1.0,up_blocks.3.attentions.0.transformer_blocks.0.attn2.to_k.weight,0.0028831814415752888,smoothquant_a75,4,0.3314809203147888,1.0117641687393188,0.5085856318473816,0.25983697175979614,1.0,,,0.004059310536831617
UCE,Monet_s1.0,up_blocks.3.attentions.0.transformer_blocks.0.attn2.to_k.weight,0.0028831814415752888,smoothquant_a75,16,0.32986017875373363,0.5633485317230225,0.2517049014568329,0.1833793669939041,1.0,,,0.004059310536831617
UCE,Monet_s1.0,up_blocks.3.attentions.0.transformer_blocks.0.attn2.to_k.weight,0.0028831814415752888,smoothquant_a85,1,0.37499186396598816,1.6464099884033203,0.9781087040901184,0.4017830789089203,1.0,,,0.004059310536831617
UCE,Monet_s1.0,up_blocks.3.attentions.0.transformer_blocks.0.attn2.to_k.weight,0.0028831814415752888,smoothquant_a85,4,0.3742228224873543,1.22299325466156,0.6265869140625,0.29958441853523254,1.0,,,0.004059310536831617
UCE,Monet_s1.0,up_blocks.3.attentions.0.transformer_blocks.0.attn2.to_k.weight,0.0028831814415752888,smoothquant_a85,16,0.37232386134564877,0.6912484765052795,0.34197998046875,0.21452440321445465,1.0,,,0.004059310536831617
UCE,Monet_s1.0,up_blocks.3.attentions.0.transformer_blocks.0.attn2.to_k.weight,0.0028831814415752888,awq_a50,1,0.31981199979782104,1.433964729309082,0.9686279296875,0.3552202582359314,1.0,,,0.004059310536831617
UCE,Monet_s1.0,up_blocks.3.attentions.0.transformer_blocks.0.attn2.to_k.weight,0.0028831814415752888,awq_a50,4,0.3200368210673332,1.070416808128357,0.5460652709007263,0.2629070580005646,1.0,,,0.004059310536831617
UCE,Monet_s1.0,up_blocks.3.attentions.0.transformer_blocks.0.attn2.to_k.weight,0.0028831814415752888,awq_a50,16,0.3190933223813772,0.613141655921936,0.29462483525276184,0.19194841384887695,1.0,,,0.004059310536831617
UCE,Monet_s1.0,up_blocks.3.attentions.0.transformer_blocks.0.attn2.to_v.weight,0.0007221683626994491,w_only_int8,0,0.21231283247470856,1.0,0.0,,,0.9976334571838379,0.9803967475891113,
UCE,Monet_s1.0,up_blocks.3.attentions.0.transformer_blocks.0.attn2.to_v.weight,0.0007221683626994491,smoothquant_a50,1,0.1953125,0.975845217704773,0.4480549991130829,0.23074960708618164,1.0,,,0.003740650601685047
UCE,Monet_s1.0,up_blocks.3.attentions.0.transformer_blocks.0.attn2.to_v.weight,0.0007221683626994491,smoothquant_a50,4,0.19596049189567566,0.5445190668106079,0.08724772185087204,0.14039422571659088,1.0,,,0.003740650601685047
UCE,Monet_s1.0,up_blocks.3.attentions.0.transformer_blocks.0.attn2.to_v.weight,0.0007221683626994491,smoothquant_a50,16,0.19622777309268713,0.26863351464271545,0.02696940116584301,0.08725451678037643,1.0,,,0.003740650601685047
UCE,Monet_s1.0,up_blocks.3.attentions.0.transformer_blocks.0.attn2.to_v.weight,0.0007221683626994491,smoothquant_a75,1,0.22486571967601776,1.14622962474823,0.7432901859283447,0.28183984756469727,1.0,,,0.003740650601685047
UCE,Monet_s1.0,up_blocks.3.attentions.0.transformer_blocks.0.attn2.to_v.weight,0.0007221683626994491,smoothquant_a75,4,0.2256876602768898,0.7089881896972656,0.2576456665992737,0.18376682698726654,1.0,,,0.003740650601685047
UCE,Monet_s1.0,up_blocks.3.attentions.0.transformer_blocks.0.attn2.to_v.weight,0.0007221683626994491,smoothquant_a75,16,0.22495524026453495,0.3501986563205719,0.08553873747587204,0.11684378236532211,1.0,,,0.003740650601685047
UCE,Monet_s1.0,up_blocks.3.attentions.0.transformer_blocks.0.attn2.to_v.weight,0.0007221683626994491,smoothquant_a85,1,0.2450764924287796,1.3388493061065674,0.8461588621139526,0.3160560727119446,1.0,,,0.003740650601685047
UCE,Monet_s1.0,up_blocks.3.attentions.0.transformer_blocks.0.attn2.to_v.weight,0.0007221683626994491,smoothquant_a85,4,0.24399108812212944,0.8541626334190369,0.3956542909145355,0.2152787148952484,1.0,,,0.003740650601685047
UCE,Monet_s1.0,up_blocks.3.attentions.0.transformer_blocks.0.attn2.to_v.weight,0.0007221683626994491,smoothquant_a85,16,0.24240214005112648,0.42599940299987793,0.15160726010799408,0.13957567512989044,1.0,,,0.003740650601685047
UCE,Monet_s1.0,up_blocks.3.attentions.0.transformer_blocks.0.attn2.to_v.weight,0.0007221683626994491,awq_a50,1,0.23017577826976776,1.1114383935928345,0.7622477412223816,0.28612416982650757,1.0,,,0.003740650601685047
UCE,Monet_s1.0,up_blocks.3.attentions.0.transformer_blocks.0.attn2.to_v.weight,0.0007221683626994491,awq_a50,4,0.22990519180893898,0.7164596915245056,0.2562215030193329,0.1916302591562271,1.0,,,0.003740650601685047
UCE,Monet_s1.0,up_blocks.3.attentions.0.transformer_blocks.0.attn2.to_v.weight,0.0007221683626994491,awq_a50,16,0.22883071843534708,0.346163272857666,0.09060872346162796,0.12663142383098602,1.0,,,0.003740650601685047
UCE,Monet_s1.0,up_blocks.3.attentions.1.transformer_blocks.0.attn2.to_k.weight,0.0028500608168542385,w_only_int8,0,0.23367920517921448,1.0,0.0,,,0.9980564713478088,0.9798100590705872,
UCE,Monet_s1.0,up_blocks.3.attentions.1.transformer_blocks.0.attn2.to_k.weight,0.0028500608168542385,smoothquant_a50,1,0.24244791269302368,0.9659865498542786,0.4475463926792145,0.26654064655303955,1.0,,,0.003864729544147849
UCE,Monet_s1.0,up_blocks.3.attentions.1.transformer_blocks.0.attn2.to_k.weight,0.0028500608168542385,smoothquant_a50,4,0.24194132164120674,0.680233359336853,0.20938314497470856,0.18409354984760284,1.0,,,0.003864729544147849
UCE,Monet_s1.0,up_blocks.3.attentions.1.transformer_blocks.0.attn2.to_k.weight,0.0028500608168542385,smoothquant_a50,16,0.24119720421731472,0.38734179735183716,0.13202311098575592,0.1284765750169754,1.0,,,0.003864729544147849
UCE,Monet_s1.0,up_blocks.3.attentions.1.transformer_blocks.0.attn2.to_k.weight,0.0028500608168542385,smoothquant_a75,1,0.3277547061443329,1.413988471031189,0.957995593547821,0.3582993447780609,1.0,,,0.003864729544147849
UCE,Monet_s1.0,up_blocks.3.attentions.1.transformer_blocks.0.attn2.to_k.weight,0.0028500608168542385,smoothquant_a75,4,0.32739053666591644,1.0631622076034546,0.5423583984375,0.2629392445087433,1.0,,,0.003864729544147849
UCE,Monet_s1.0,up_blocks.3.attentions.1.transformer_blocks.0.attn2.to_k.weight,0.0028500608168542385,smoothquant_a75,16,0.32651748321950436,0.6143873929977417,0.3002075254917145,0.18832316994667053,1.0,,,0.003864729544147849
UCE,Monet_s1.0,up_blocks.3.attentions.1.transformer_blocks.0.attn2.to_k.weight,0.0028500608168542385,smoothquant_a85,1,0.3701171875,1.6977336406707764,0.9805826544761658,0.40452641248703003,1.0,,,0.003864729544147849
UCE,Monet_s1.0,up_blocks.3.attentions.1.transformer_blocks.0.attn2.to_k.weight,0.0028500608168542385,smoothquant_a85,4,0.36933085322380066,1.284725546836853,0.6524210572242737,0.3021131157875061,1.0,,,0.003864729544147849
UCE,Monet_s1.0,up_blocks.3.attentions.1.transformer_blocks.0.attn2.to_k.weight,0.0028500608168542385,smoothquant_a85,16,0.36776809580624104,0.7561270594596863,0.3861043155193329,0.21910883486270905,1.0,,,0.003864729544147849
UCE,Monet_s1.0,up_blocks.3.attentions.1.transformer_blocks.0.attn2.to_k.weight,0.0028500608168542385,awq_a50,1,0.3015909790992737,1.4325454235076904,0.9595621824264526,0.34211865067481995,1.0,,,0.003864729544147849
UCE,Monet_s1.0,up_blocks.3.attentions.1.transformer_blocks.0.attn2.to_k.weight,0.0028500608168542385,awq_a50,4,0.3016621917486191,1.0503005981445312,0.5337606072425842,0.2502184808254242,1.0,,,0.003864729544147849
UCE,Monet_s1.0,up_blocks.3.attentions.1.transformer_blocks.0.attn2.to_k.weight,0.0028500608168542385,awq_a50,16,0.3012062069028616,0.5972970724105835,0.28387451171875,0.17811094224452972,1.0,,,0.003864729544147849
UCE,Monet_s1.0,up_blocks.3.attentions.1.transformer_blocks.0.attn2.to_v.weight,0.0009545449283905327,w_only_int8,0,0.21081949770450592,1.0,0.0,,,0.9991229176521301,0.9815119504928589,
UCE,Monet_s1.0,up_blocks.3.attentions.1.transformer_blocks.0.attn2.to_v.weight,0.0009545449283905327,smoothquant_a50,1,0.18833822011947632,0.9352958798408508,0.3629801571369171,0.22778570652008057,1.0,,,0.0032811786513775587
UCE,Monet_s1.0,up_blocks.3.attentions.1.transformer_blocks.0.attn2.to_v.weight,0.0009545449283905327,smoothquant_a50,4,0.1882985420525074,0.5084947347640991,0.05896402895450592,0.13425420224666595,1.0,,,0.0032811786513775587
UCE,Monet_s1.0,up_blocks.3.attentions.1.transformer_blocks.0.attn2.to_v.weight,0.0009545449283905327,smoothquant_a50,16,0.18825937807559967,0.25156980752944946,0.01904296875,0.08328483253717422,1.0,,,0.0032811786513775587
UCE,Monet_s1.0,up_blocks.3.attentions.1.transformer_blocks.0.attn2.to_v.weight,0.0009545449283905327,smoothquant_a75,1,0.20917561650276184,1.0974271297454834,0.6851643919944763,0.2704415023326874,1.0,,,0.0032811786513775587
UCE,Monet_s1.0,up_blocks.3.attentions.1.transformer_blocks.0.attn2.to_v.weight,0.0009545449283905327,smoothquant_a75,4,0.21003112569451332,0.6330892443656921,0.18675944209098816,0.16798463463783264,1.0,,,0.0032811786513775587
UCE,Monet_s1.0,up_blocks.3.attentions.1.transformer_blocks.0.attn2.to_v.weight,0.0009545449283905327,smoothquant_a75,16,0.21000238973647356,0.317661851644516,0.0638224259018898,0.10697590559720993,1.0,,,0.0032811786513775587
UCE,Monet_s1.0,up_blocks.3.attentions.1.transformer_blocks.0.attn2.to_v.weight,0.0009545449283905327,smoothquant_a85,1,0.22660726308822632,1.2339047193527222,0.803149402141571,0.298728883266449,1.0,,,0.0032811786513775587
UCE,Monet_s1.0,up_blocks.3.attentions.1.transformer_blocks.0.attn2.to_v.weight,0.0009545449283905327,smoothquant_a85,4,0.22692667692899704,0.7248917818069458,0.2851196229457855,0.19196638464927673,1.0,,,0.0032811786513775587
UCE,Monet_s1.0,up_blocks.3.attentions.1.transformer_blocks.0.attn2.to_v.weight,0.0009545449283905327,smoothquant_a85,16,0.22705917432904243,0.3638816475868225,0.1078084334731102,0.12369828671216965,1.0,,,0.0032811786513775587
UCE,Monet_s1.0,up_blocks.3.attentions.1.transformer_blocks.0.attn2.to_v.weight,0.0009545449283905327,awq_a50,1,0.21987304091453552,1.086193323135376,0.7498006224632263,0.27524763345718384,1.0,,,0.0032811786513775587
UCE,Monet_s1.0,up_blocks.3.attentions.1.transformer_blocks.0.attn2.to_v.weight,0.0009545449283905327,awq_a50,4,0.22024942934513092,0.6482484340667725,0.18500569462776184,0.17513501644134521,1.0,,,0.0032811786513775587
UCE,Monet_s1.0,up_blocks.3.attentions.1.transformer_blocks.0.attn2.to_v.weight,0.0009545449283905327,awq_a50,16,0.22020034678280354,0.3209342062473297,0.06967366486787796,0.11567721515893936,0.9999997466802597,,,0.0032811786513775587
UCE,Monet_s1.0,up_blocks.3.attentions.2.transformer_blocks.0.attn2.to_k.weight,0.0024835483636707067,w_only_int8,0,0.25371500849723816,1.0,0.0,,,0.9987207055091858,0.9760192632675171,
UCE,Monet_s1.0,up_blocks.3.attentions.2.transformer_blocks.0.attn2.to_k.weight,0.0024835483636707067,smoothquant_a50,1,0.2669026553630829,0.9578789472579956,0.44054362177848816,0.27728673815727234,1.0,,,0.004235045053064823
UCE,Monet_s1.0,up_blocks.3.attentions.2.transformer_blocks.0.attn2.to_k.weight,0.0024835483636707067,smoothquant_a50,4,0.26759643107652664,0.679076611995697,0.22303873300552368,0.19663064181804657,1.0,,,0.004235045053064823
UCE,Monet_s1.0,up_blocks.3.attentions.2.transformer_blocks.0.attn2.to_k.weight,0.0024835483636707067,smoothquant_a50,16,0.2670822124928236,0.37270796298980713,0.14387206733226776,0.132932648062706,1.0,,,0.004235045053064823
UCE,Monet_s1.0,up_blocks.3.attentions.2.transformer_blocks.0.attn2.to_k.weight,0.0024835483636707067,smoothquant_a75,1,0.3604370057582855,1.427914023399353,0.9570149779319763,0.3788493573665619,1.0,,,0.004235045053064823
UCE,Monet_s1.0,up_blocks.3.attentions.2.transformer_blocks.0.attn2.to_k.weight,0.0024835483636707067,smoothquant_a75,4,0.36009419709444046,1.0708801746368408,0.5492798089981079,0.2801744043827057,1.0,,,0.004235045053064823
UCE,Monet_s1.0,up_blocks.3.attentions.2.transformer_blocks.0.attn2.to_k.weight,0.0024835483636707067,smoothquant_a75,16,0.35892028734087944,0.6171809434890747,0.30192869901657104,0.19671328365802765,1.0,,,0.004235045053064823
UCE,Monet_s1.0,up_blocks.3.attentions.2.transformer_blocks.0.attn2.to_k.weight,0.0024835483636707067,smoothquant_a85,1,0.4043782651424408,1.7106645107269287,0.9801473021507263,0.42720916867256165,1.0,,,0.004235045053064823
UCE,Monet_s1.0,up_blocks.3.attentions.2.transformer_blocks.0.attn2.to_k.weight,0.0024835483636707067,smoothquant_a85,4,0.4042399078607559,1.2952059507369995,0.6581339240074158,0.31994912028312683,1.0,,,0.004235045053064823
UCE,Monet_s1.0,up_blocks.3.attentions.2.transformer_blocks.0.attn2.to_k.weight,0.0024835483636707067,smoothquant_a85,16,0.402959443628788,0.7678771615028381,0.3923380672931671,0.23009294271469116,1.0,,,0.004235045053064823
UCE,Monet_s1.0,up_blocks.3.attentions.2.transformer_blocks.0.attn2.to_k.weight,0.0024835483636707067,awq_a50,1,0.33964842557907104,1.4425523281097412,0.972900390625,0.37082940340042114,1.0,,,0.004235045053064823
UCE,Monet_s1.0,up_blocks.3.attentions.2.transformer_blocks.0.attn2.to_k.weight,0.0024835483636707067,awq_a50,4,0.33948057889938354,1.076523780822754,0.5514729619026184,0.2725541889667511,0.9999969601631165,,,0.004235045053064823
UCE,Monet_s1.0,up_blocks.3.attentions.2.transformer_blocks.0.attn2.to_k.weight,0.0024835483636707067,awq_a50,16,0.3388860058039427,0.6288442611694336,0.30952149629592896,0.19779638946056366,0.9999997466802597,,,0.004235045053064823
UCE,Monet_s1.0,up_blocks.3.attentions.2.transformer_blocks.0.attn2.to_v.weight,0.0008803720120340586,w_only_int8,0,0.22422689199447632,1.0,0.0,,,0.9993510842323303,0.9788036346435547,
UCE,Monet_s1.0,up_blocks.3.attentions.2.transformer_blocks.0.attn2.to_v.weight,0.0008803720120340586,smoothquant_a50,1,0.19074706733226776,0.8928346633911133,0.3104614317417145,0.23356878757476807,1.0,,,0.0035462393425405025
UCE,Monet_s1.0,up_blocks.3.attentions.2.transformer_blocks.0.attn2.to_v.weight,0.0008803720120340586,smoothquant_a50,4,0.1908772774040699,0.5041471123695374,0.06027831882238388,0.1433439403772354,1.0,,,0.0035462393425405025
UCE,Monet_s1.0,up_blocks.3.attentions.2.transformer_blocks.0.attn2.to_v.weight,0.0008803720120340586,smoothquant_a50,16,0.1907114665955305,0.2534761428833008,0.01906331442296505,0.09010133892297745,1.0,,,0.0035462393425405025
UCE,Monet_s1.0,up_blocks.3.attentions.2.transformer_blocks.0.attn2.to_v.weight,0.0008803720120340586,smoothquant_a75,1,0.21672363579273224,1.0838956832885742,0.6593465209007263,0.2809077799320221,1.0,,,0.0035462393425405025
UCE,Monet_s1.0,up_blocks.3.attentions.2.transformer_blocks.0.attn2.to_v.weight,0.0008803720120340586,smoothquant_a75,4,0.21635131910443306,0.6535882353782654,0.19398193061351776,0.18204930424690247,1.0,,,0.0035462393425405025
UCE,Monet_s1.0,up_blocks.3.attentions.2.transformer_blocks.0.attn2.to_v.weight,0.0008803720120340586,smoothquant_a75,16,0.2159581519663334,0.3475468158721924,0.07151692360639572,0.12196732312440872,1.0,,,0.0035462393425405025
UCE,Monet_s1.0,up_blocks.3.attentions.2.transformer_blocks.0.attn2.to_v.weight,0.0008803720120340586,smoothquant_a85,1,0.23386231064796448,1.2379869222640991,0.7886637449264526,0.309908390045166,1.0,,,0.0035462393425405025
UCE,Monet_s1.0,up_blocks.3.attentions.2.transformer_blocks.0.attn2.to_v.weight,0.0008803720120340586,smoothquant_a85,4,0.23332926258444786,0.7500155568122864,0.3035929501056671,0.20607289671897888,1.0,,,0.0035462393425405025
UCE,Monet_s1.0,up_blocks.3.attentions.2.transformer_blocks.0.attn2.to_v.weight,0.0008803720120340586,smoothquant_a85,16,0.23323745746165514,0.4053937494754791,0.13074544072151184,0.14123860001564026,1.0,,,0.0035462393425405025
UCE,Monet_s1.0,up_blocks.3.attentions.2.transformer_blocks.0.attn2.to_v.weight,0.0008803720120340586,awq_a50,1,0.23814290761947632,1.0860658884048462,0.7389811277389526,0.2928001582622528,1.0,,,0.0035462393425405025
UCE,Monet_s1.0,up_blocks.3.attentions.2.transformer_blocks.0.attn2.to_v.weight,0.0008803720120340586,awq_a50,4,0.23780924826860428,0.6844109892845154,0.21525879204273224,0.19322994351387024,1.0,,,0.0035462393425405025
UCE,Monet_s1.0,up_blocks.3.attentions.2.transformer_blocks.0.attn2.to_v.weight,0.0008803720120340586,awq_a50,16,0.2373229991644621,0.3568843603134155,0.09860839694738388,0.13422556221485138,0.9999992400407791,,,0.0035462393425405025
UCE,Monet_s1.0,mid_block.attentions.0.transformer_blocks.0.attn2.to_k.weight,0.002130626467987895,w_only_int8,0,0.19233804941177368,1.0,0.0,,,0.9992372393608093,0.9874112606048584,
UCE,Monet_s1.0,mid_block.attentions.0.transformer_blocks.0.attn2.to_k.weight,0.002130626467987895,smoothquant_a50,1,0.19339802861213684,1.038390874862671,0.6181671023368835,0.23185952007770538,1.0,,,0.0028526533860713243
UCE,Monet_s1.0,mid_block.attentions.0.transformer_blocks.0.attn2.to_k.weight,0.002130626467987895,smoothquant_a50,4,0.19298934936523438,0.5933325886726379,0.11879069358110428,0.1402275413274765,1.0,,,0.0028526533860713243
UCE,Monet_s1.0,mid_block.attentions.0.transformer_blocks.0.attn2.to_k.weight,0.002130626467987895,smoothquant_a50,16,0.19262981321662664,0.2825924754142761,0.02877909317612648,0.08397814631462097,1.0,,,0.0028526533860713243
UCE,Monet_s1.0,mid_block.attentions.0.transformer_blocks.0.attn2.to_k.weight,0.002130626467987895,smoothquant_a75,1,0.2120259553194046,1.1390949487686157,0.7732136845588684,0.2594074010848999,1.0,,,0.0028526533860713243
UCE,Monet_s1.0,mid_block.attentions.0.transformer_blocks.0.attn2.to_k.weight,0.002130626467987895,smoothquant_a75,4,0.21222839131951332,0.6916185021400452,0.24689026176929474,0.16570599377155304,1.0,,,0.0028526533860713243
UCE,Monet_s1.0,mid_block.attentions.0.transformer_blocks.0.attn2.to_k.weight,0.002130626467987895,smoothquant_a75,16,0.2114443453028798,0.3169849216938019,0.06158345565199852,0.09518247842788696,1.0,,,0.0028526533860713243
UCE,Monet_s1.0,mid_block.attentions.0.transformer_blocks.0.attn2.to_k.weight,0.002130626467987895,smoothquant_a85,1,0.22485452890396118,1.2239928245544434,0.8313191533088684,0.278236985206604,1.0,,,0.0028526533860713243
UCE,Monet_s1.0,mid_block.attentions.0.transformer_blocks.0.attn2.to_k.weight,0.002130626467987895,smoothquant_a85,4,0.22473271563649178,0.7656568288803101,0.3241994082927704,0.18345341086387634,1.0,,,0.0028526533860713243
UCE,Monet_s1.0,mid_block.attentions.0.transformer_blocks.0.attn2.to_k.weight,0.002130626467987895,smoothquant_a85,16,0.223369344137609,0.3473793864250183,0.08907674252986908,0.10492616891860962,1.0,,,0.0028526533860713243
UCE,Monet_s1.0,mid_block.attentions.0.transformer_blocks.0.attn2.to_k.weight,0.002130626467987895,awq_a50,1,0.20179341733455658,1.056841254234314,0.7038462162017822,0.24401311576366425,1.0,,,0.0028526533860713243
UCE,Monet_s1.0,mid_block.attentions.0.transformer_blocks.0.attn2.to_k.weight,0.002130626467987895,awq_a50,4,0.20169830694794655,0.6430457234382629,0.18386027216911316,0.15361669659614563,0.9999997466802597,,,0.0028526533860713243
UCE,Monet_s1.0,mid_block.attentions.0.transformer_blocks.0.attn2.to_k.weight,0.002130626467987895,awq_a50,16,0.20150165725499392,0.2994939088821411,0.04707438126206398,0.09064415097236633,0.9999994933605194,,,0.0028526533860713243
UCE,Monet_s1.0,mid_block.attentions.0.transformer_blocks.0.attn2.to_v.weight,0.0018673560116440058,w_only_int8,0,0.20773214101791382,1.0,0.0,,,0.9993205666542053,0.9861332178115845,
UCE,Monet_s1.0,mid_block.attentions.0.transformer_blocks.0.attn2.to_v.weight,0.0018673560116440058,smoothquant_a50,1,0.19941405951976776,1.016014814376831,0.5512024164199829,0.24128027260303497,1.0,,,0.0029821356292814016
UCE,Monet_s1.0,mid_block.attentions.0.transformer_blocks.0.attn2.to_v.weight,0.0018673560116440058,smoothquant_a50,4,0.19956283271312714,0.5629507899284363,0.09396056830883026,0.14238913357257843,1.0,,,0.0029821356292814016
UCE,Monet_s1.0,mid_block.attentions.0.transformer_blocks.0.attn2.to_v.weight,0.0018673560116440058,smoothquant_a50,16,0.1995511380955577,0.27428576350212097,0.02977396734058857,0.08684740215539932,1.0,,,0.0029821356292814016
UCE,Monet_s1.0,mid_block.attentions.0.transformer_blocks.0.attn2.to_v.weight,0.0018673560116440058,smoothquant_a75,1,0.20406290888786316,1.0535176992416382,0.6435577273368835,0.25192463397979736,1.0,,,0.0029821356292814016
UCE,Monet_s1.0,mid_block.attentions.0.transformer_blocks.0.attn2.to_v.weight,0.0018673560116440058,smoothquant_a75,4,0.203668974339962,0.5847451090812683,0.13174234330654144,0.14946624636650085,1.0,,,0.0029821356292814016
UCE,Monet_s1.0,mid_block.attentions.0.transformer_blocks.0.attn2.to_v.weight,0.0018673560116440058,smoothquant_a75,16,0.20357691496610641,0.2874572277069092,0.04555969312787056,0.09103672206401825,1.0,,,0.0029821356292814016
UCE,Monet_s1.0,mid_block.attentions.0.transformer_blocks.0.attn2.to_v.weight,0.0018673560116440058,smoothquant_a85,1,0.2061309814453125,1.07649827003479,0.6843922734260559,0.25800463557243347,1.0,,,0.0029821356292814016
UCE,Monet_s1.0,mid_block.attentions.0.transformer_blocks.0.attn2.to_v.weight,0.0018673560116440058,smoothquant_a85,4,0.20610300824046135,0.5969811081886292,0.15150858461856842,0.1536017209291458,1.0,,,0.0029821356292814016
UCE,Monet_s1.0,mid_block.attentions.0.transformer_blocks.0.attn2.to_v.weight,0.0018673560116440058,smoothquant_a85,16,0.20584831293672323,0.29555341601371765,0.05505676195025444,0.09406282007694244,1.0,,,0.0029821356292814016
UCE,Monet_s1.0,mid_block.attentions.0.transformer_blocks.0.attn2.to_v.weight,0.0018673560116440058,awq_a50,1,0.20156453549861908,1.0119980573654175,0.5609680414199829,0.23881635069847107,1.0,,,0.0029821356292814016
UCE,Monet_s1.0,mid_block.attentions.0.transformer_blocks.0.attn2.to_v.weight,0.0018673560116440058,awq_a50,4,0.20179316028952599,0.5479554533958435,0.04868469387292862,0.1379764825105667,1.0,,,0.0029821356292814016
UCE,Monet_s1.0,mid_block.attentions.0.transformer_blocks.0.attn2.to_v.weight,0.0018673560116440058,awq_a50,16,0.2018440244719386,0.26732179522514343,0.009975179098546505,0.08369901031255722,0.9999997466802597,,,0.0029821356292814016
UCE,Monet_s2.0,down_blocks.0.attentions.0.transformer_blocks.0.attn2.to_k.weight,0.0029098326340317726,w_only_int8,0,0.20963135361671448,1.0,0.0,,,0.9984503984451294,0.9853827953338623,
UCE,Monet_s2.0,down_blocks.0.attentions.0.transformer_blocks.0.attn2.to_k.weight,0.0029098326340317726,smoothquant_a50,1,0.21727295219898224,1.0334268808364868,0.5881307125091553,0.25513318181037903,1.0,,,0.0025982277002185583
UCE,Monet_s2.0,down_blocks.0.attentions.0.transformer_blocks.0.attn2.to_k.weight,0.0029098326340317726,smoothquant_a50,4,0.21696167066693306,0.6410276889801025,0.17191162705421448,0.1646832972764969,1.0,,,0.0025982277002185583
UCE,Monet_s2.0,down_blocks.0.attentions.0.transformer_blocks.0.attn2.to_k.weight,0.0029098326340317726,smoothquant_a50,16,0.2167332973331213,0.31775712966918945,0.08477376401424408,0.10662942379713058,1.0,,,0.0025982277002185583
UCE,Monet_s2.0,down_blocks.0.attentions.0.transformer_blocks.0.attn2.to_k.weight,0.0029098326340317726,smoothquant_a75,1,0.25096842646598816,1.254578948020935,0.8298095464706421,0.3039630651473999,1.0,,,0.0025982277002185583
UCE,Monet_s2.0,down_blocks.0.attentions.0.transformer_blocks.0.attn2.to_k.weight,0.0029098326340317726,smoothquant_a75,4,0.2509918212890625,0.8068327903747559,0.35641682147979736,0.2070964276790619,1.0,,,0.0025982277002185583
UCE,Monet_s2.0,down_blocks.0.attentions.0.transformer_blocks.0.attn2.to_k.weight,0.0029098326340317726,smoothquant_a75,16,0.2506533293053508,0.41390857100486755,0.17093099653720856,0.1386016309261322,1.0,,,0.0025982277002185583
UCE,Monet_s2.0,down_blocks.0.attentions.0.transformer_blocks.0.attn2.to_k.weight,0.0029098326340317726,smoothquant_a85,1,0.2687825560569763,1.419501543045044,0.8859700560569763,0.33057907223701477,1.0,,,0.0025982277002185583
UCE,Monet_s2.0,down_blocks.0.attentions.0.transformer_blocks.0.attn2.to_k.weight,0.0029098326340317726,smoothquant_a85,4,0.2687113434076309,0.9124557375907898,0.4426635801792145,0.23033837974071503,1.0,,,0.0025982277002185583
UCE,Monet_s2.0,down_blocks.0.attentions.0.transformer_blocks.0.attn2.to_k.weight,0.0029098326340317726,smoothquant_a85,16,0.26774037443101406,0.47776687145233154,0.22299398481845856,0.1568671017885208,1.0,,,0.0025982277002185583
UCE,Monet_s2.0,down_blocks.0.attentions.0.transformer_blocks.0.attn2.to_k.weight,0.0029098326340317726,awq_a50,1,0.23138427734375,1.108756422996521,0.7773519158363342,0.27507320046424866,1.0,,,0.0025982277002185583
UCE,Monet_s2.0,down_blocks.0.attentions.0.transformer_blocks.0.attn2.to_k.weight,0.0029098326340317726,awq_a50,4,0.2312520332634449,0.7200736403465271,0.2616983950138092,0.18146224319934845,1.0,,,0.0025982277002185583
UCE,Monet_s2.0,down_blocks.0.attentions.0.transformer_blocks.0.attn2.to_k.weight,0.0029098326340317726,awq_a50,16,0.23112563975155354,0.35850703716278076,0.12237955629825592,0.11815109103918076,0.9999997466802597,,,0.0025982277002185583
UCE,Monet_s2.0,down_blocks.0.attentions.0.transformer_blocks.0.attn2.to_v.weight,0.0009155175066553056,w_only_int8,0,0.22437743842601776,1.0,0.0,,,0.9998219013214111,0.9818143844604492,
UCE,Monet_s2.0,down_blocks.0.attentions.0.transformer_blocks.0.attn2.to_v.weight,0.0009155175066553056,smoothquant_a50,1,0.21270345151424408,0.979656457901001,0.4466105103492737,0.25909745693206787,1.0,,,0.0026081858668476343
UCE,Monet_s2.0,down_blocks.0.attentions.0.transformer_blocks.0.attn2.to_v.weight,0.0009155175066553056,smoothquant_a50,4,0.212005615234375,0.5564602613449097,0.08545735478401184,0.15664315223693848,1.0,,,0.0026081858668476343
UCE,Monet_s2.0,down_blocks.0.attentions.0.transformer_blocks.0.attn2.to_v.weight,0.0009155175066553056,smoothquant_a50,16,0.2117019658908248,0.27188998460769653,0.02869059331715107,0.0960969477891922,1.0,,,0.0026081858668476343
UCE,Monet_s2.0,down_blocks.0.attentions.0.transformer_blocks.0.attn2.to_v.weight,0.0009155175066553056,smoothquant_a75,1,0.2272135466337204,1.0618031024932861,0.6377522945404053,0.28380298614501953,1.0,,,0.0026081858668476343
UCE,Monet_s2.0,down_blocks.0.attentions.0.transformer_blocks.0.attn2.to_v.weight,0.0009155175066553056,smoothquant_a75,4,0.2267862968146801,0.6213377714157104,0.17387288808822632,0.1770569384098053,1.0,,,0.0026081858668476343
UCE,Monet_s2.0,down_blocks.0.attentions.0.transformer_blocks.0.attn2.to_v.weight,0.0009155175066553056,smoothquant_a75,16,0.22629140224307775,0.3060154914855957,0.06463216245174408,0.11043531447649002,1.0,,,0.0026081858668476343
UCE,Monet_s2.0,down_blocks.0.attentions.0.transformer_blocks.0.attn2.to_v.weight,0.0009155175066553056,smoothquant_a85,1,0.23266194760799408,1.1151573657989502,0.7210408449172974,0.2990832030773163,1.0,,,0.0026081858668476343
UCE,Monet_s2.0,down_blocks.0.attentions.0.transformer_blocks.0.attn2.to_v.weight,0.0009155175066553056,smoothquant_a85,4,0.2320709228515625,0.6682090163230896,0.23016357421875,0.1907707154750824,1.0,,,0.0026081858668476343
UCE,Monet_s2.0,down_blocks.0.attentions.0.transformer_blocks.0.attn2.to_v.weight,0.0009155175066553056,smoothquant_a85,16,0.2315681455656886,0.34348979592323303,0.09449055790901184,0.12263060361146927,1.0,,,0.0026081858668476343
UCE,Monet_s2.0,down_blocks.0.attentions.0.transformer_blocks.0.attn2.to_v.weight,0.0009155175066553056,awq_a50,1,0.22662353515625,1.0342991352081299,0.642749011516571,0.2761004865169525,1.0,,,0.0026081858668476343
UCE,Monet_s2.0,down_blocks.0.attentions.0.transformer_blocks.0.attn2.to_v.weight,0.0009155175066553056,awq_a50,4,0.2264963760972023,0.5988206267356873,0.12308349460363388,0.169260174036026,1.0,,,0.0026081858668476343
UCE,Monet_s2.0,down_blocks.0.attentions.0.transformer_blocks.0.attn2.to_v.weight,0.0009155175066553056,awq_a50,16,0.225963338278234,0.2935011386871338,0.03983968123793602,0.10619112104177475,1.0,,,0.0026081858668476343
UCE,Monet_s2.0,down_blocks.0.attentions.1.transformer_blocks.0.attn2.to_k.weight,0.0023742844350636005,w_only_int8,0,0.24097086489200592,1.0,0.0,,,0.9987112283706665,0.9788706302642822,
UCE,Monet_s2.0,down_blocks.0.attentions.1.transformer_blocks.0.attn2.to_k.weight,0.0023742844350636005,smoothquant_a50,1,0.25185954570770264,1.0100480318069458,0.5173258185386658,0.2829057276248932,1.0,,,0.0032393448054790497
UCE,Monet_s2.0,down_blocks.0.attentions.1.transformer_blocks.0.attn2.to_k.weight,0.0023742844350636005,smoothquant_a50,4,0.2521006315946579,0.6791337728500366,0.19625243544578552,0.1961284577846527,1.0,,,0.0032393448054790497
UCE,Monet_s2.0,down_blocks.0.attentions.1.transformer_blocks.0.attn2.to_k.weight,0.0023742844350636005,smoothquant_a50,16,0.25136082991957664,0.3545301854610443,0.09578857570886612,0.13188612461090088,1.0,,,0.0032393448054790497
UCE,Monet_s2.0,down_blocks.0.attentions.1.transformer_blocks.0.attn2.to_k.weight,0.0023742844350636005,smoothquant_a75,1,0.32480061054229736,1.3865869045257568,0.9343912601470947,0.36812666058540344,1.0,,,0.0032393448054790497
UCE,Monet_s2.0,down_blocks.0.attentions.1.transformer_blocks.0.attn2.to_k.weight,0.0023742844350636005,smoothquant_a75,4,0.32442423701286316,0.9974362850189209,0.49822998046875,0.2693232297897339,1.0,,,0.0032393448054790497
UCE,Monet_s2.0,down_blocks.0.attentions.1.transformer_blocks.0.attn2.to_k.weight,0.0023742844350636005,smoothquant_a75,16,0.3231781031936407,0.53227698802948,0.23968099057674408,0.18840292096138,1.0,,,0.0032393448054790497
UCE,Monet_s2.0,down_blocks.0.attentions.1.transformer_blocks.0.attn2.to_k.weight,0.0023742844350636005,smoothquant_a85,1,0.35958659648895264,1.6346039772033691,0.9680338501930237,0.4081753194332123,1.0,,,0.0032393448054790497
UCE,Monet_s2.0,down_blocks.0.attentions.1.transformer_blocks.0.attn2.to_k.weight,0.0023742844350636005,smoothquant_a85,4,0.3595265746116638,1.1837437152862549,0.6054036617279053,0.3046698272228241,1.0,,,0.0032393448054790497
UCE,Monet_s2.0,down_blocks.0.attentions.1.transformer_blocks.0.attn2.to_k.weight,0.0023742844350636005,smoothquant_a85,16,0.3580675795674324,0.6533868312835693,0.32187092304229736,0.21768304705619812,1.0,,,0.0032393448054790497
UCE,Monet_s2.0,down_blocks.0.attentions.1.transformer_blocks.0.attn2.to_k.weight,0.0023742844350636005,awq_a50,1,0.30486246943473816,1.3838411569595337,0.9326212406158447,0.35005202889442444,1.0,,,0.0032393448054790497
UCE,Monet_s2.0,down_blocks.0.attentions.1.transformer_blocks.0.attn2.to_k.weight,0.0023742844350636005,awq_a50,4,0.30468037724494934,0.9613096714019775,0.47186279296875,0.2551577687263489,1.0,,,0.0032393448054790497
UCE,Monet_s2.0,down_blocks.0.attentions.1.transformer_blocks.0.attn2.to_k.weight,0.0023742844350636005,awq_a50,16,0.3043609596788883,0.530332088470459,0.2491862028837204,0.18426743149757385,0.9999997466802597,,,0.0032393448054790497
UCE,Monet_s2.0,down_blocks.0.attentions.1.transformer_blocks.0.attn2.to_v.weight,0.0006785282166674733,w_only_int8,0,0.22089843451976776,1.0,0.0,,,0.9988759756088257,0.9759082794189453,
UCE,Monet_s2.0,down_blocks.0.attentions.1.transformer_blocks.0.attn2.to_v.weight,0.0006785282166674733,smoothquant_a50,1,0.20354004204273224,0.9856128692626953,0.47210693359375,0.25516796112060547,1.0,,,0.0034938673488795757
UCE,Monet_s2.0,down_blocks.0.attentions.1.transformer_blocks.0.attn2.to_v.weight,0.0006785282166674733,smoothquant_a50,4,0.20315857231616974,0.5526722073554993,0.1032511368393898,0.15774548053741455,1.0,,,0.0034938673488795757
UCE,Monet_s2.0,down_blocks.0.attentions.1.transformer_blocks.0.attn2.to_v.weight,0.0006785282166674733,smoothquant_a50,16,0.20267537608742714,0.2727578580379486,0.03338623046875,0.09783949702978134,1.0,,,0.0034938673488795757
UCE,Monet_s2.0,down_blocks.0.attentions.1.transformer_blocks.0.attn2.to_v.weight,0.0006785282166674733,smoothquant_a75,1,0.22473958134651184,1.108854055404663,0.7004557251930237,0.3024117350578308,1.0,,,0.0034938673488795757
UCE,Monet_s2.0,down_blocks.0.attentions.1.transformer_blocks.0.attn2.to_v.weight,0.0006785282166674733,smoothquant_a75,4,0.22255859151482582,0.6872944235801697,0.24279378354549408,0.19849266111850739,1.0,,,0.0034938673488795757
UCE,Monet_s2.0,down_blocks.0.attentions.1.transformer_blocks.0.attn2.to_v.weight,0.0006785282166674733,smoothquant_a75,16,0.22273305244743824,0.35943904519081116,0.10358479619026184,0.1331792175769806,1.0,,,0.0034938673488795757
UCE,Monet_s2.0,down_blocks.0.attentions.1.transformer_blocks.0.attn2.to_v.weight,0.0006785282166674733,smoothquant_a85,1,0.23738199472427368,1.2423148155212402,0.8131510615348816,0.3319135904312134,1.0,,,0.0034938673488795757
UCE,Monet_s2.0,down_blocks.0.attentions.1.transformer_blocks.0.attn2.to_v.weight,0.0006785282166674733,smoothquant_a85,4,0.23675333335995674,0.7995458841323853,0.3472941219806671,0.22565622627735138,1.0,,,0.0034938673488795757
UCE,Monet_s2.0,down_blocks.0.attentions.1.transformer_blocks.0.attn2.to_v.weight,0.0006785282166674733,smoothquant_a85,16,0.23587646428495646,0.4253864884376526,0.16275228559970856,0.15560846030712128,1.0,,,0.0034938673488795757
UCE,Monet_s2.0,down_blocks.0.attentions.1.transformer_blocks.0.attn2.to_v.weight,0.0006785282166674733,awq_a50,1,0.22639159858226776,1.0588831901550293,0.701855480670929,0.2944401502609253,1.0,,,0.0034938673488795757
UCE,Monet_s2.0,down_blocks.0.attentions.1.transformer_blocks.0.attn2.to_v.weight,0.0006785282166674733,awq_a50,4,0.22506408765912056,0.6529262661933899,0.1762898713350296,0.19325114786624908,1.0,,,0.0034938673488795757
UCE,Monet_s2.0,down_blocks.0.attentions.1.transformer_blocks.0.attn2.to_v.weight,0.0006785282166674733,awq_a50,16,0.22515818383544683,0.3205111622810364,0.06599528342485428,0.12967021763324738,1.0,,,0.0034938673488795757
UCE,Monet_s2.0,down_blocks.1.attentions.0.transformer_blocks.0.attn2.to_k.weight,0.002919967984780669,w_only_int8,0,0.19421793520450592,1.0,0.0,,,0.9990118741989136,0.9880011677742004,
UCE,Monet_s2.0,down_blocks.1.attentions.0.transformer_blocks.0.attn2.to_k.weight,0.002919967984780669,smoothquant_a50,1,0.19589640200138092,1.02181077003479,0.5655619502067566,0.23199684917926788,1.0,,,0.002506381133571267
UCE,Monet_s2.0,down_blocks.1.attentions.0.transformer_blocks.0.attn2.to_k.weight,0.002919967984780669,smoothquant_a50,4,0.19585571438074112,0.5918721556663513,0.12605184316635132,0.14162035286426544,1.0,,,0.002506381133571267
UCE,Monet_s2.0,down_blocks.1.attentions.0.transformer_blocks.0.attn2.to_k.weight,0.002919967984780669,smoothquant_a50,16,0.19580701272934675,0.28109732270240784,0.04560750350356102,0.08571027964353561,1.0,,,0.002506381133571267
UCE,Monet_s2.0,down_blocks.1.attentions.0.transformer_blocks.0.attn2.to_k.weight,0.002919967984780669,smoothquant_a75,1,0.21560057997703552,1.1257797479629517,0.7499837279319763,0.25896120071411133,1.0,,,0.002506381133571267
UCE,Monet_s2.0,down_blocks.1.attentions.0.transformer_blocks.0.attn2.to_k.weight,0.002919967984780669,smoothquant_a75,4,0.21495411917567253,0.6875406503677368,0.241302490234375,0.16637755930423737,1.0,,,0.002506381133571267
UCE,Monet_s2.0,down_blocks.1.attentions.0.transformer_blocks.0.attn2.to_k.weight,0.002919967984780669,smoothquant_a75,16,0.21414934657514095,0.32254165410995483,0.07917683571577072,0.09973137825727463,1.0,,,0.002506381133571267
UCE,Monet_s2.0,down_blocks.1.attentions.0.transformer_blocks.0.attn2.to_k.weight,0.002919967984780669,smoothquant_a85,1,0.22280070185661316,1.2090075016021729,0.815386950969696,0.27585750818252563,1.0,,,0.002506381133571267
UCE,Monet_s2.0,down_blocks.1.attentions.0.transformer_blocks.0.attn2.to_k.weight,0.002919967984780669,smoothquant_a85,4,0.22271931916475296,0.752985954284668,0.3105367124080658,0.18132396042346954,1.0,,,0.002506381133571267
UCE,Monet_s2.0,down_blocks.1.attentions.0.transformer_blocks.0.attn2.to_k.weight,0.002919967984780669,smoothquant_a85,16,0.221837998367846,0.3550160527229309,0.10611572116613388,0.11000055819749832,1.0,,,0.002506381133571267
UCE,Monet_s2.0,down_blocks.1.attentions.0.transformer_blocks.0.attn2.to_k.weight,0.002919967984780669,awq_a50,1,0.200531005859375,1.0461970567703247,0.678631603717804,0.23920604586601257,1.0,,,0.002506381133571267
UCE,Monet_s2.0,down_blocks.1.attentions.0.transformer_blocks.0.attn2.to_k.weight,0.002919967984780669,awq_a50,4,0.19988199695944786,0.624534010887146,0.15286865830421448,0.1479673534631729,0.9999994933605194,,,0.002506381133571267
UCE,Monet_s2.0,down_blocks.1.attentions.0.transformer_blocks.0.attn2.to_k.weight,0.002919967984780669,awq_a50,16,0.19949328061193228,0.29267725348472595,0.0500284843146801,0.08879048377275467,0.9999992400407791,,,0.002506381133571267
UCE,Monet_s2.0,down_blocks.1.attentions.0.transformer_blocks.0.attn2.to_v.weight,0.0010575576452538371,w_only_int8,0,0.21081136167049408,1.0,0.0,,,0.998810887336731,0.984669029712677,
UCE,Monet_s2.0,down_blocks.1.attentions.0.transformer_blocks.0.attn2.to_v.weight,0.0010575576452538371,smoothquant_a50,1,0.19880574941635132,0.9813985228538513,0.44924113154411316,0.24078461527824402,1.0,,,0.0028430905658751726
UCE,Monet_s2.0,down_blocks.1.attentions.0.transformer_blocks.0.attn2.to_v.weight,0.0010575576452538371,smoothquant_a50,4,0.19868266209959984,0.5414122343063354,0.0638427734375,0.1419886350631714,1.0,,,0.0028430905658751726
UCE,Monet_s2.0,down_blocks.1.attentions.0.transformer_blocks.0.attn2.to_v.weight,0.0010575576452538371,smoothquant_a50,16,0.19862886983901262,0.2606659233570099,0.01579793356359005,0.08523750305175781,1.0,,,0.0028430905658751726
UCE,Monet_s2.0,down_blocks.1.attentions.0.transformer_blocks.0.attn2.to_v.weight,0.0010575576452538371,smoothquant_a75,1,0.20186157524585724,1.0386439561843872,0.601104736328125,0.2554651200771332,1.0,,,0.0028430905658751726
UCE,Monet_s2.0,down_blocks.1.attentions.0.transformer_blocks.0.attn2.to_v.weight,0.0010575576452538371,smoothquant_a75,4,0.2014826461672783,0.5791652202606201,0.11709798127412796,0.15319883823394775,1.0,,,0.0028430905658751726
UCE,Monet_s2.0,down_blocks.1.attentions.0.transformer_blocks.0.attn2.to_v.weight,0.0010575576452538371,smoothquant_a75,16,0.20133667066693306,0.2880304455757141,0.0329793281853199,0.093641497194767,1.0,,,0.0028430905658751726
UCE,Monet_s2.0,down_blocks.1.attentions.0.transformer_blocks.0.attn2.to_v.weight,0.0010575576452538371,smoothquant_a85,1,0.20289917290210724,1.0821473598480225,0.6867533326148987,0.26705077290534973,1.0,,,0.0028430905658751726
UCE,Monet_s2.0,down_blocks.1.attentions.0.transformer_blocks.0.attn2.to_v.weight,0.0010575576452538371,smoothquant_a85,4,0.20261026918888092,0.6239060759544373,0.17076009511947632,0.16436633467674255,1.0,,,0.0028430905658751726
UCE,Monet_s2.0,down_blocks.1.attentions.0.transformer_blocks.0.attn2.to_v.weight,0.0010575576452538371,smoothquant_a85,16,0.20228118915110826,0.3159450590610504,0.05511474609375,0.10259148478507996,1.0,,,0.0028430905658751726
UCE,Monet_s2.0,down_blocks.1.attentions.0.transformer_blocks.0.attn2.to_v.weight,0.0010575576452538371,awq_a50,1,0.2062581330537796,1.0178821086883545,0.5870584845542908,0.25019633769989014,1.0,,,0.0028430905658751726
UCE,Monet_s2.0,down_blocks.1.attentions.0.transformer_blocks.0.attn2.to_v.weight,0.0010575576452538371,awq_a50,4,0.2059727944433689,0.5701361298561096,0.068389892578125,0.14897766709327698,0.9999994933605194,,,0.0028430905658751726
UCE,Monet_s2.0,down_blocks.1.attentions.0.transformer_blocks.0.attn2.to_v.weight,0.0010575576452538371,awq_a50,16,0.20605900790542364,0.27296096086502075,0.015063476748764515,0.08966624736785889,0.999999113380909,,,0.0028430905658751726
UCE,Monet_s2.0,down_blocks.1.attentions.1.transformer_blocks.0.attn2.to_k.weight,0.0025218785740435123,w_only_int8,0,0.19794312119483948,1.0,0.0,,,0.9989285469055176,0.9871830344200134,
UCE,Monet_s2.0,down_blocks.1.attentions.1.transformer_blocks.0.attn2.to_k.weight,0.0025218785740435123,smoothquant_a50,1,0.20627035200595856,1.0793923139572144,0.6773824095726013,0.2467201054096222,1.0,,,0.00293228542432189
UCE,Monet_s2.0,down_blocks.1.attentions.1.transformer_blocks.0.attn2.to_k.weight,0.0025218785740435123,smoothquant_a50,4,0.20563049614429474,0.6699565649032593,0.20737101137638092,0.15905942022800446,1.0,,,0.00293228542432189
UCE,Monet_s2.0,down_blocks.1.attentions.1.transformer_blocks.0.attn2.to_k.weight,0.0025218785740435123,smoothquant_a50,16,0.20527000445872545,0.32064008712768555,0.06673380732536316,0.09884346276521683,1.0,,,0.00293228542432189
UCE,Monet_s2.0,down_blocks.1.attentions.1.transformer_blocks.0.attn2.to_k.weight,0.0025218785740435123,smoothquant_a75,1,0.24294839799404144,1.3493317365646362,0.8679443597793579,0.2948845326900482,1.0,,,0.00293228542432189
UCE,Monet_s2.0,down_blocks.1.attentions.1.transformer_blocks.0.attn2.to_k.weight,0.0025218785740435123,smoothquant_a75,4,0.24283650517463684,0.8672686815261841,0.409637451171875,0.20245447754859924,1.0,,,0.00293228542432189
UCE,Monet_s2.0,down_blocks.1.attentions.1.transformer_blocks.0.attn2.to_k.weight,0.0025218785740435123,smoothquant_a75,16,0.24161516688764095,0.41498488187789917,0.15356241166591644,0.12761811912059784,1.0,,,0.00293228542432189
UCE,Monet_s2.0,down_blocks.1.attentions.1.transformer_blocks.0.attn2.to_k.weight,0.0025218785740435123,smoothquant_a85,1,0.26435548067092896,1.5321338176727295,0.9114481806755066,0.3215843439102173,1.0,,,0.00293228542432189
UCE,Monet_s2.0,down_blocks.1.attentions.1.transformer_blocks.0.attn2.to_k.weight,0.0025218785740435123,smoothquant_a85,4,0.2638743072748184,0.9817600250244141,0.4889668822288513,0.2252883017063141,1.0,,,0.00293228542432189
UCE,Monet_s2.0,down_blocks.1.attentions.1.transformer_blocks.0.attn2.to_k.weight,0.0025218785740435123,smoothquant_a85,16,0.26267573051154613,0.4778890609741211,0.20401611924171448,0.14463458955287933,1.0,,,0.00293228542432189
UCE,Monet_s2.0,down_blocks.1.attentions.1.transformer_blocks.0.attn2.to_k.weight,0.0025218785740435123,awq_a50,1,0.2214457243680954,1.1644442081451416,0.8212300539016724,0.26579391956329346,1.0,,,0.00293228542432189
UCE,Monet_s2.0,down_blocks.1.attentions.1.transformer_blocks.0.attn2.to_k.weight,0.0025218785740435123,awq_a50,4,0.22120819240808487,0.7631142139434814,0.309539794921875,0.1776782125234604,1.0,,,0.00293228542432189
UCE,Monet_s2.0,down_blocks.1.attentions.1.transformer_blocks.0.attn2.to_k.weight,0.0025218785740435123,awq_a50,16,0.22082646749913692,0.36802682280540466,0.11754557490348816,0.11292080581188202,0.9999998733401299,,,0.00293228542432189
UCE,Monet_s2.0,down_blocks.1.attentions.1.transformer_blocks.0.attn2.to_v.weight,0.0009152793791145086,w_only_int8,0,0.20670369267463684,1.0,0.0,,,0.9990949630737305,0.9849399924278259,
UCE,Monet_s2.0,down_blocks.1.attentions.1.transformer_blocks.0.attn2.to_v.weight,0.0009152793791145086,smoothquant_a50,1,0.19030354917049408,0.9534518718719482,0.404327392578125,0.22917796671390533,1.0,,,0.0032290867529809475
UCE,Monet_s2.0,down_blocks.1.attentions.1.transformer_blocks.0.attn2.to_v.weight,0.0009152793791145086,smoothquant_a50,4,0.19065704196691513,0.5319646596908569,0.07403564453125,0.13736413419246674,1.0,,,0.0032290867529809475
UCE,Monet_s2.0,down_blocks.1.attentions.1.transformer_blocks.0.attn2.to_v.weight,0.0009152793791145086,smoothquant_a50,16,0.19014307763427496,0.26149624586105347,0.01919962652027607,0.08372596651315689,1.0,,,0.0032290867529809475
UCE,Monet_s2.0,down_blocks.1.attentions.1.transformer_blocks.0.attn2.to_v.weight,0.0009152793791145086,smoothquant_a75,1,0.19395752251148224,1.0367916822433472,0.5794677734375,0.25190073251724243,1.0,,,0.0032290867529809475
UCE,Monet_s2.0,down_blocks.1.attentions.1.transformer_blocks.0.attn2.to_v.weight,0.0009152793791145086,smoothquant_a75,4,0.19372456893324852,0.6016749739646912,0.1464131623506546,0.15521033108234406,1.0,,,0.0032290867529809475
UCE,Monet_s2.0,down_blocks.1.attentions.1.transformer_blocks.0.attn2.to_v.weight,0.0009152793791145086,smoothquant_a75,16,0.193251165561378,0.3018483817577362,0.04635213315486908,0.09678959846496582,1.0,,,0.0032290867529809475
UCE,Monet_s2.0,down_blocks.1.attentions.1.transformer_blocks.0.attn2.to_v.weight,0.0009152793791145086,smoothquant_a85,1,0.19883015751838684,1.0955027341842651,0.6817342042922974,0.26677587628364563,1.0,,,0.0032290867529809475
UCE,Monet_s2.0,down_blocks.1.attentions.1.transformer_blocks.0.attn2.to_v.weight,0.0009152793791145086,smoothquant_a85,4,0.19866231083869934,0.6544297337532043,0.20623983442783356,0.1683046966791153,1.0,,,0.0032290867529809475
UCE,Monet_s2.0,down_blocks.1.attentions.1.transformer_blocks.0.attn2.to_v.weight,0.0009152793791145086,smoothquant_a85,16,0.19833462871611118,0.33460548520088196,0.0748189315199852,0.10703577101230621,1.0,,,0.0032290867529809475
UCE,Monet_s2.0,down_blocks.1.attentions.1.transformer_blocks.0.attn2.to_v.weight,0.0009152793791145086,awq_a50,1,0.20492960512638092,1.0204347372055054,0.594696044921875,0.24823205173015594,1.0,,,0.0032290867529809475
UCE,Monet_s2.0,down_blocks.1.attentions.1.transformer_blocks.0.attn2.to_v.weight,0.0009152793791145086,awq_a50,4,0.20487213134765625,0.583996593952179,0.08747965842485428,0.15096059441566467,1.0,,,0.0032290867529809475
UCE,Monet_s2.0,down_blocks.1.attentions.1.transformer_blocks.0.attn2.to_v.weight,0.0009152793791145086,awq_a50,16,0.2046791072934866,0.28212690353393555,0.02538045309484005,0.09424043446779251,0.9999998733401299,,,0.0032290867529809475
UCE,Monet_s2.0,down_blocks.2.attentions.0.transformer_blocks.0.attn2.to_k.weight,0.0023593944497406483,w_only_int8,0,0.1878662109375,1.0,0.0,,,0.998839259147644,0.9885302186012268,
UCE,Monet_s2.0,down_blocks.2.attentions.0.transformer_blocks.0.attn2.to_k.weight,0.0023593944497406483,smoothquant_a50,1,0.18451131880283356,1.0312684774398804,0.6049519777297974,0.22509120404720306,1.0,,,0.0026053402107208967
UCE,Monet_s2.0,down_blocks.2.attentions.0.transformer_blocks.0.attn2.to_k.weight,0.0023593944497406483,smoothquant_a50,4,0.1844075545668602,0.5826514959335327,0.10628052055835724,0.1343621015548706,1.0,,,0.0026053402107208967
UCE,Monet_s2.0,down_blocks.2.attentions.0.transformer_blocks.0.attn2.to_k.weight,0.0023593944497406483,smoothquant_a50,16,0.1842187251895666,0.2799060344696045,0.03099670447409153,0.08142739534378052,1.0,,,0.0026053402107208967
UCE,Monet_s2.0,down_blocks.2.attentions.0.transformer_blocks.0.attn2.to_k.weight,0.0023593944497406483,smoothquant_a75,1,0.19957783818244934,1.1174545288085938,0.7514485716819763,0.2478518784046173,1.0,,,0.0026053402107208967
UCE,Monet_s2.0,down_blocks.2.attentions.0.transformer_blocks.0.attn2.to_k.weight,0.0023593944497406483,smoothquant_a75,4,0.1996208168566227,0.6659644246101379,0.21786294877529144,0.1555057018995285,1.0,,,0.0026053402107208967
UCE,Monet_s2.0,down_blocks.2.attentions.0.transformer_blocks.0.attn2.to_k.weight,0.0023593944497406483,smoothquant_a75,16,0.1989052463322878,0.31615138053894043,0.06174926832318306,0.09292981028556824,1.0,,,0.0026053402107208967
UCE,Monet_s2.0,down_blocks.2.attentions.0.transformer_blocks.0.attn2.to_k.weight,0.0023593944497406483,smoothquant_a85,1,0.21020914614200592,1.1938482522964478,0.8135894536972046,0.26496514678001404,1.0,,,0.0026053402107208967
UCE,Monet_s2.0,down_blocks.2.attentions.0.transformer_blocks.0.attn2.to_k.weight,0.0023593944497406483,smoothquant_a85,4,0.20981038361787796,0.7362092137336731,0.29348957538604736,0.17206960916519165,1.0,,,0.0026053402107208967
UCE,Monet_s2.0,down_blocks.2.attentions.0.transformer_blocks.0.attn2.to_k.weight,0.0023593944497406483,smoothquant_a85,16,0.20865332428365946,0.34824424982070923,0.08975016325712204,0.10334651172161102,1.0,,,0.0026053402107208967
UCE,Monet_s2.0,down_blocks.2.attentions.0.transformer_blocks.0.attn2.to_k.weight,0.0023593944497406483,awq_a50,1,0.19097188115119934,1.0425196886062622,0.6737640500068665,0.2307458072900772,1.0,,,0.0026053402107208967
UCE,Monet_s2.0,down_blocks.2.attentions.0.transformer_blocks.0.attn2.to_k.weight,0.0023593944497406483,awq_a50,4,0.19065093994140625,0.6163690686225891,0.14196065068244934,0.14190180599689484,0.9999997466802597,,,0.0026053402107208967
UCE,Monet_s2.0,down_blocks.2.attentions.0.transformer_blocks.0.attn2.to_k.weight,0.0023593944497406483,awq_a50,16,0.19047368317842484,0.28914910554885864,0.03518371656537056,0.08395694941282272,0.9999998100101948,,,0.0026053402107208967
UCE,Monet_s2.0,down_blocks.2.attentions.0.transformer_blocks.0.attn2.to_v.weight,0.0014166292967274785,w_only_int8,0,0.21262003481388092,1.0,0.0,,,0.9993241429328918,0.985525369644165,
UCE,Monet_s2.0,down_blocks.2.attentions.0.transformer_blocks.0.attn2.to_v.weight,0.0014166292967274785,smoothquant_a50,1,0.2005513459444046,0.9884019494056702,0.46546223759651184,0.2391486018896103,1.0,,,0.002863383386284113
UCE,Monet_s2.0,down_blocks.2.attentions.0.transformer_blocks.0.attn2.to_v.weight,0.0014166292967274785,smoothquant_a50,4,0.2009376510977745,0.5392013192176819,0.06531371921300888,0.14007309079170227,1.0,,,0.002863383386284113
UCE,Monet_s2.0,down_blocks.2.attentions.0.transformer_blocks.0.attn2.to_v.weight,0.0014166292967274785,smoothquant_a50,16,0.2011156715452671,0.2614686191082001,0.01678568497300148,0.08449923247098923,1.0,,,0.002863383386284113
UCE,Monet_s2.0,down_blocks.2.attentions.0.transformer_blocks.0.attn2.to_v.weight,0.0014166292967274785,smoothquant_a75,1,0.20542296767234802,1.0326303243637085,0.5887685418128967,0.2507252097129822,1.0,,,0.002863383386284113
UCE,Monet_s2.0,down_blocks.2.attentions.0.transformer_blocks.0.attn2.to_v.weight,0.0014166292967274785,smoothquant_a75,4,0.2059575356543064,0.5633142590522766,0.10187683254480362,0.14773474633693695,1.0,,,0.002863383386284113
UCE,Monet_s2.0,down_blocks.2.attentions.0.transformer_blocks.0.attn2.to_v.weight,0.0014166292967274785,smoothquant_a75,16,0.20618616696447134,0.2743873596191406,0.02599487267434597,0.08789755403995514,1.0,,,0.002863383386284113
UCE,Monet_s2.0,down_blocks.2.attentions.0.transformer_blocks.0.attn2.to_v.weight,0.0014166292967274785,smoothquant_a85,1,0.20737101137638092,1.0607352256774902,0.6490844488143921,0.25780215859413147,1.0,,,0.002863383386284113
UCE,Monet_s2.0,down_blocks.2.attentions.0.transformer_blocks.0.attn2.to_v.weight,0.0014166292967274785,smoothquant_a85,4,0.2077631652355194,0.5830649733543396,0.12801004946231842,0.15311388671398163,1.0,,,0.002863383386284113
UCE,Monet_s2.0,down_blocks.2.attentions.0.transformer_blocks.0.attn2.to_v.weight,0.0014166292967274785,smoothquant_a85,16,0.2078478503972292,0.28437891602516174,0.03444010391831398,0.09154442697763443,1.0,,,0.002863383386284113
UCE,Monet_s2.0,down_blocks.2.attentions.0.transformer_blocks.0.attn2.to_v.weight,0.0014166292967274785,awq_a50,1,0.20679117739200592,1.0098011493682861,0.5481832027435303,0.24364317953586578,1.0,,,0.002863383386284113
UCE,Monet_s2.0,down_blocks.2.attentions.0.transformer_blocks.0.attn2.to_v.weight,0.0014166292967274785,awq_a50,4,0.20708465576171875,0.55194091796875,0.0547434501349926,0.1422041803598404,0.9999997466802597,,,0.002863383386284113
UCE,Monet_s2.0,down_blocks.2.attentions.0.transformer_blocks.0.attn2.to_v.weight,0.0014166292967274785,awq_a50,16,0.2069313684478402,0.2665642499923706,0.011098225601017475,0.08573292195796967,0.9999998100101948,,,0.002863383386284113
UCE,Monet_s2.0,down_blocks.2.attentions.1.transformer_blocks.0.attn2.to_k.weight,0.002490471815690398,w_only_int8,0,0.19249166548252106,1.0,0.0,,,0.9991855025291443,0.9874898195266724,
UCE,Monet_s2.0,down_blocks.2.attentions.1.transformer_blocks.0.attn2.to_k.weight,0.002490471815690398,smoothquant_a50,1,0.18931274116039276,1.0240137577056885,0.5797129273414612,0.2291816622018814,1.0,,,0.0027974830009043217
UCE,Monet_s2.0,down_blocks.2.attentions.1.transformer_blocks.0.attn2.to_k.weight,0.002490471815690398,smoothquant_a50,4,0.18903833627700806,0.5671745538711548,0.08765767514705658,0.13542871177196503,1.0,,,0.0027974830009043217
UCE,Monet_s2.0,down_blocks.2.attentions.1.transformer_blocks.0.attn2.to_k.weight,0.002490471815690398,smoothquant_a50,16,0.18901475239545107,0.2745201289653778,0.02351888082921505,0.08193273842334747,1.0,,,0.0027974830009043217
UCE,Monet_s2.0,down_blocks.2.attentions.1.transformer_blocks.0.attn2.to_k.weight,0.002490471815690398,smoothquant_a75,1,0.20066732168197632,1.0819494724273682,0.7026448845863342,0.24704201519489288,1.0,,,0.0027974830009043217
UCE,Monet_s2.0,down_blocks.2.attentions.1.transformer_blocks.0.attn2.to_k.weight,0.002490471815690398,smoothquant_a75,4,0.20046411827206612,0.6200922131538391,0.17111001908779144,0.15143322944641113,1.0,,,0.0027974830009043217
UCE,Monet_s2.0,down_blocks.2.attentions.1.transformer_blocks.0.attn2.to_k.weight,0.002490471815690398,smoothquant_a75,16,0.20008392166346312,0.2934141755104065,0.04070841521024704,0.08857312798500061,1.0,,,0.0027974830009043217
UCE,Monet_s2.0,down_blocks.2.attentions.1.transformer_blocks.0.attn2.to_k.weight,0.002490471815690398,smoothquant_a85,1,0.20780740678310394,1.131230354309082,0.7614166140556335,0.2608351409435272,1.0,,,0.0027974830009043217
UCE,Monet_s2.0,down_blocks.2.attentions.1.transformer_blocks.0.attn2.to_k.weight,0.002490471815690398,smoothquant_a85,4,0.20752665027976036,0.6753813624382019,0.23311766982078552,0.1652059108018875,1.0,,,0.0027974830009043217
UCE,Monet_s2.0,down_blocks.2.attentions.1.transformer_blocks.0.attn2.to_k.weight,0.002490471815690398,smoothquant_a85,16,0.20670153386890888,0.3141815960407257,0.05769551545381546,0.09547878801822662,1.0,,,0.0027974830009043217
UCE,Monet_s2.0,down_blocks.2.attentions.1.transformer_blocks.0.attn2.to_k.weight,0.002490471815690398,awq_a50,1,0.19406534731388092,1.0326664447784424,0.6416890621185303,0.2355310618877411,1.0,,,0.0027974830009043217
UCE,Monet_s2.0,down_blocks.2.attentions.1.transformer_blocks.0.attn2.to_k.weight,0.002490471815690398,awq_a50,4,0.19400914758443832,0.5990562438964844,0.12151183933019638,0.14350752532482147,1.0,,,0.0027974830009043217
UCE,Monet_s2.0,down_blocks.2.attentions.1.transformer_blocks.0.attn2.to_k.weight,0.002490471815690398,awq_a50,16,0.1939150495454669,0.2824549674987793,0.026947021484375,0.08457614481449127,1.0,,,0.0027974830009043217
UCE,Monet_s2.0,down_blocks.2.attentions.1.transformer_blocks.0.attn2.to_v.weight,0.0014497095253318548,w_only_int8,0,0.21136067807674408,1.0,0.0,,,0.9995094537734985,0.9849767088890076,
UCE,Monet_s2.0,down_blocks.2.attentions.1.transformer_blocks.0.attn2.to_v.weight,0.0014497095253318548,smoothquant_a50,1,0.20064595341682434,0.997185230255127,0.4920969605445862,0.24428428709506989,1.0,,,0.00289223063737154
UCE,Monet_s2.0,down_blocks.2.attentions.1.transformer_blocks.0.attn2.to_v.weight,0.0014497095253318548,smoothquant_a50,4,0.20097579807043076,0.548024594783783,0.07788289338350296,0.14372900128364563,1.0,,,0.00289223063737154
UCE,Monet_s2.0,down_blocks.2.attentions.1.transformer_blocks.0.attn2.to_v.weight,0.0014497095253318548,smoothquant_a50,16,0.2009140644222498,0.2667006254196167,0.023193359375,0.0875835195183754,1.0,,,0.00289223063737154
UCE,Monet_s2.0,down_blocks.2.attentions.1.transformer_blocks.0.attn2.to_v.weight,0.0014497095253318548,smoothquant_a75,1,0.20395508408546448,1.0320401191711426,0.5869303345680237,0.2535717487335205,1.0,,,0.00289223063737154
UCE,Monet_s2.0,down_blocks.2.attentions.1.transformer_blocks.0.attn2.to_v.weight,0.0014497095253318548,smoothquant_a75,4,0.20439809188246727,0.561224639415741,0.10214843600988388,0.14891882240772247,1.0,,,0.00289223063737154
UCE,Monet_s2.0,down_blocks.2.attentions.1.transformer_blocks.0.attn2.to_v.weight,0.0014497095253318548,smoothquant_a75,16,0.20459499303251505,0.27531442046165466,0.03069559670984745,0.08984702825546265,1.0,,,0.00289223063737154
UCE,Monet_s2.0,down_blocks.2.attentions.1.transformer_blocks.0.attn2.to_v.weight,0.0014497095253318548,smoothquant_a85,1,0.20588277280330658,1.0526188611984253,0.6334767937660217,0.2585891783237457,1.0,,,0.00289223063737154
UCE,Monet_s2.0,down_blocks.2.attentions.1.transformer_blocks.0.attn2.to_v.weight,0.0014497095253318548,smoothquant_a85,4,0.2061617560684681,0.5744070410728455,0.12012328952550888,0.15291649103164673,1.0,,,0.00289223063737154
UCE,Monet_s2.0,down_blocks.2.attentions.1.transformer_blocks.0.attn2.to_v.weight,0.0014497095253318548,smoothquant_a85,16,0.20587279088795185,0.2844878137111664,0.03783874586224556,0.09287718683481216,1.0,,,0.00289223063737154
UCE,Monet_s2.0,down_blocks.2.attentions.1.transformer_blocks.0.attn2.to_v.weight,0.0014497095253318548,awq_a50,1,0.20647278428077698,1.0097565650939941,0.5492746829986572,0.2457384169101715,1.0,,,0.00289223063737154
UCE,Monet_s2.0,down_blocks.2.attentions.1.transformer_blocks.0.attn2.to_v.weight,0.0014497095253318548,awq_a50,4,0.20635045692324638,0.5488337874412537,0.04717305675148964,0.14274962246418,0.9999992400407791,,,0.00289223063737154
UCE,Monet_s2.0,down_blocks.2.attentions.1.transformer_blocks.0.attn2.to_v.weight,0.0014497095253318548,awq_a50,16,0.20641085412353277,0.2664737403392792,0.009328206069767475,0.0865032970905304,0.9999994933605194,,,0.00289223063737154
UCE,Monet_s2.0,up_blocks.1.attentions.0.transformer_blocks.0.attn2.to_k.weight,0.0025670304894447327,w_only_int8,0,0.20225118100643158,1.0,0.0,,,0.9992063045501709,0.9864512085914612,
UCE,Monet_s2.0,up_blocks.1.attentions.0.transformer_blocks.0.attn2.to_k.weight,0.0025670304894447327,smoothquant_a50,1,0.19524535536766052,1.0116709470748901,0.5440419316291809,0.23518507182598114,1.0,,,0.0027902356814593077
UCE,Monet_s2.0,up_blocks.1.attentions.0.transformer_blocks.0.attn2.to_k.weight,0.0025670304894447327,smoothquant_a50,4,0.1954503357410431,0.5524799227714539,0.0708109512925148,0.13824878633022308,1.0,,,0.0027902356814593077
UCE,Monet_s2.0,up_blocks.1.attentions.0.transformer_blocks.0.attn2.to_k.weight,0.0025670304894447327,smoothquant_a50,16,0.19544505886733532,0.2661825716495514,0.01889648474752903,0.08333732932806015,1.0,,,0.0027902356814593077
UCE,Monet_s2.0,up_blocks.1.attentions.0.transformer_blocks.0.attn2.to_k.weight,0.0025670304894447327,smoothquant_a75,1,0.20439352095127106,1.0549736022949219,0.6531219482421875,0.2480754554271698,1.0,,,0.0027902356814593077
UCE,Monet_s2.0,up_blocks.1.attentions.0.transformer_blocks.0.attn2.to_k.weight,0.0025670304894447327,smoothquant_a75,4,0.20418955758213997,0.5843088626861572,0.12676188349723816,0.1488284170627594,1.0,,,0.0027902356814593077
UCE,Monet_s2.0,up_blocks.1.attentions.0.transformer_blocks.0.attn2.to_k.weight,0.0025670304894447327,smoothquant_a75,16,0.20411294512450695,0.2764796018600464,0.02751668356359005,0.08689046651124954,1.0,,,0.0027902356814593077
UCE,Monet_s2.0,up_blocks.1.attentions.0.transformer_blocks.0.attn2.to_k.weight,0.0025670304894447327,smoothquant_a85,1,0.20863953232765198,1.0881576538085938,0.706591784954071,0.25749337673187256,1.0,,,0.0027902356814593077
UCE,Monet_s2.0,up_blocks.1.attentions.0.transformer_blocks.0.attn2.to_k.weight,0.0025670304894447327,smoothquant_a85,4,0.20877863839268684,0.6176731586456299,0.1714223176240921,0.15826357901096344,1.0,,,0.0027902356814593077
UCE,Monet_s2.0,up_blocks.1.attentions.0.transformer_blocks.0.attn2.to_k.weight,0.0025670304894447327,smoothquant_a85,16,0.20831775851547718,0.290701687335968,0.03721415251493454,0.09190690517425537,1.0,,,0.0027902356814593077
UCE,Monet_s2.0,up_blocks.1.attentions.0.transformer_blocks.0.attn2.to_k.weight,0.0025670304894447327,awq_a50,1,0.19866637885570526,1.0181117057800293,0.5851094722747803,0.23820295929908752,1.0,,,0.0027902356814593077
UCE,Monet_s2.0,up_blocks.1.attentions.0.transformer_blocks.0.attn2.to_k.weight,0.0025670304894447327,awq_a50,4,0.19910506904125214,0.5694291591644287,0.0808766707777977,0.14215832948684692,0.9999997466802597,,,0.0027902356814593077
UCE,Monet_s2.0,up_blocks.1.attentions.0.transformer_blocks.0.attn2.to_k.weight,0.0025670304894447327,awq_a50,16,0.1990165701135993,0.2710000276565552,0.01721394807100296,0.08464428037405014,0.9999996833503246,,,0.0027902356814593077
UCE,Monet_s2.0,up_blocks.1.attentions.0.transformer_blocks.0.attn2.to_v.weight,0.0017898286459967494,w_only_int8,0,0.21643880009651184,1.0,0.0,,,0.9994672536849976,0.9842112064361572,
UCE,Monet_s2.0,up_blocks.1.attentions.0.transformer_blocks.0.attn2.to_v.weight,0.0017898286459967494,smoothquant_a50,1,0.20378418266773224,0.995104193687439,0.4842946231365204,0.247502401471138,1.0,,,0.0028141383081674576
UCE,Monet_s2.0,up_blocks.1.attentions.0.transformer_blocks.0.attn2.to_v.weight,0.0017898286459967494,smoothquant_a50,4,0.20356674119830132,0.5404994487762451,0.06162821501493454,0.1449618935585022,1.0,,,0.0028141383081674576
UCE,Monet_s2.0,up_blocks.1.attentions.0.transformer_blocks.0.attn2.to_v.weight,0.0017898286459967494,smoothquant_a50,16,0.2036372497677803,0.2645952105522156,0.014728800393640995,0.08803511410951614,1.0,,,0.0028141383081674576
UCE,Monet_s2.0,up_blocks.1.attentions.0.transformer_blocks.0.attn2.to_v.weight,0.0017898286459967494,smoothquant_a75,1,0.2070872038602829,1.0249725580215454,0.5739156007766724,0.25436702370643616,1.0,,,0.0028141383081674576
UCE,Monet_s2.0,up_blocks.1.attentions.0.transformer_blocks.0.attn2.to_v.weight,0.0017898286459967494,smoothquant_a75,4,0.2070973701775074,0.5484172701835632,0.07801005244255066,0.14763867855072021,1.0,,,0.0028141383081674576
UCE,Monet_s2.0,up_blocks.1.attentions.0.transformer_blocks.0.attn2.to_v.weight,0.0017898286459967494,smoothquant_a75,16,0.20703379157930613,0.26904258131980896,0.01675618439912796,0.08828149735927582,1.0,,,0.0028141383081674576
UCE,Monet_s2.0,up_blocks.1.attentions.0.transformer_blocks.0.attn2.to_v.weight,0.0017898286459967494,smoothquant_a85,1,0.20887960493564606,1.0415080785751343,0.6141387820243835,0.2582559585571289,1.0,,,0.0028141383081674576
UCE,Monet_s2.0,up_blocks.1.attentions.0.transformer_blocks.0.attn2.to_v.weight,0.0017898286459967494,smoothquant_a85,4,0.20906703174114227,0.5550166368484497,0.0885772705078125,0.14968277513980865,1.0,,,0.0028141383081674576
UCE,Monet_s2.0,up_blocks.1.attentions.0.transformer_blocks.0.attn2.to_v.weight,0.0017898286459967494,smoothquant_a85,16,0.20910053327679634,0.2724755108356476,0.01916605606675148,0.08911033719778061,1.0,,,0.0028141383081674576
UCE,Monet_s2.0,up_blocks.1.attentions.0.transformer_blocks.0.attn2.to_v.weight,0.0017898286459967494,awq_a50,1,0.21034036576747894,1.0080972909927368,0.5414652228355408,0.250903844833374,1.0,,,0.0028141383081674576
UCE,Monet_s2.0,up_blocks.1.attentions.0.transformer_blocks.0.attn2.to_v.weight,0.0017898286459967494,awq_a50,4,0.2102765366435051,0.5443992018699646,0.0426584891974926,0.14536058902740479,0.9999997466802597,,,0.0028141383081674576
UCE,Monet_s2.0,up_blocks.1.attentions.0.transformer_blocks.0.attn2.to_v.weight,0.0017898286459967494,awq_a50,16,0.2102180477231741,0.2670096158981323,0.008084106259047985,0.08863548189401627,0.9999999366700649,,,0.0028141383081674576
UCE,Monet_s2.0,up_blocks.1.attentions.1.transformer_blocks.0.attn2.to_k.weight,0.002674966584891081,w_only_int8,0,0.20328165590763092,1.0,0.0,,,0.9991680979728699,0.9861717820167542,
UCE,Monet_s2.0,up_blocks.1.attentions.1.transformer_blocks.0.attn2.to_k.weight,0.002674966584891081,smoothquant_a50,1,0.19825133681297302,1.014417290687561,0.5486724972724915,0.23768126964569092,1.0,,,0.00265506561845541
UCE,Monet_s2.0,up_blocks.1.attentions.1.transformer_blocks.0.attn2.to_k.weight,0.002674966584891081,smoothquant_a50,4,0.19828033447265625,0.5504939556121826,0.07022196799516678,0.13893644511699677,1.0,,,0.00265506561845541
UCE,Monet_s2.0,up_blocks.1.attentions.1.transformer_blocks.0.attn2.to_k.weight,0.002674966584891081,smoothquant_a50,16,0.1983519233763218,0.2681829333305359,0.02049967460334301,0.08491790294647217,1.0,,,0.00265506561845541
UCE,Monet_s2.0,up_blocks.1.attentions.1.transformer_blocks.0.attn2.to_k.weight,0.002674966584891081,smoothquant_a75,1,0.20742391049861908,1.053972840309143,0.6479451656341553,0.2500230371952057,1.0,,,0.00265506561845541
UCE,Monet_s2.0,up_blocks.1.attentions.1.transformer_blocks.0.attn2.to_k.weight,0.002674966584891081,smoothquant_a75,4,0.20741195604205132,0.5796431303024292,0.12043558806180954,0.1492038518190384,1.0,,,0.00265506561845541
UCE,Monet_s2.0,up_blocks.1.attentions.1.transformer_blocks.0.attn2.to_k.weight,0.002674966584891081,smoothquant_a75,16,0.20721689704805613,0.27711454033851624,0.02921549417078495,0.08812234550714493,1.0,,,0.00265506561845541
UCE,Monet_s2.0,up_blocks.1.attentions.1.transformer_blocks.0.attn2.to_k.weight,0.002674966584891081,smoothquant_a85,1,0.21213074028491974,1.0856233835220337,0.7012186646461487,0.2589028775691986,1.0,,,0.00265506561845541
UCE,Monet_s2.0,up_blocks.1.attentions.1.transformer_blocks.0.attn2.to_k.weight,0.002674966584891081,smoothquant_a85,4,0.2121231071650982,0.6082565784454346,0.1609293669462204,0.1577463150024414,1.0,,,0.00265506561845541
UCE,Monet_s2.0,up_blocks.1.attentions.1.transformer_blocks.0.attn2.to_k.weight,0.002674966584891081,smoothquant_a85,16,0.21172644197940826,0.28967735171318054,0.0380910225212574,0.09273494780063629,1.0,,,0.00265506561845541
UCE,Monet_s2.0,up_blocks.1.attentions.1.transformer_blocks.0.attn2.to_k.weight,0.002674966584891081,awq_a50,1,0.20188191533088684,1.0182167291641235,0.5860728025436401,0.23982572555541992,1.0,,,0.00265506561845541
UCE,Monet_s2.0,up_blocks.1.attentions.1.transformer_blocks.0.attn2.to_k.weight,0.002674966584891081,awq_a50,4,0.2015838623046875,0.5640713572502136,0.07732442021369934,0.14232754707336426,1.0,,,0.00265506561845541
UCE,Monet_s2.0,up_blocks.1.attentions.1.transformer_blocks.0.attn2.to_k.weight,0.002674966584891081,awq_a50,16,0.20158786792308092,0.26942920684814453,0.01848449744284153,0.08535796403884888,0.9999996833503246,,,0.00265506561845541
UCE,Monet_s2.0,up_blocks.1.attentions.1.transformer_blocks.0.attn2.to_v.weight,0.0019755426328629255,w_only_int8,0,0.22184447944164276,1.0,0.0,,,0.9993387460708618,0.9831316471099854,
UCE,Monet_s2.0,up_blocks.1.attentions.1.transformer_blocks.0.attn2.to_v.weight,0.0019755426328629255,smoothquant_a50,1,0.20863240957260132,0.9863781929016113,0.4566548764705658,0.25197833776474,1.0,,,0.0029095725622028112
UCE,Monet_s2.0,up_blocks.1.attentions.1.transformer_blocks.0.attn2.to_v.weight,0.0019755426328629255,smoothquant_a50,4,0.20810826867818832,0.5366712212562561,0.05721944198012352,0.1479121595621109,1.0,,,0.0029095725622028112
UCE,Monet_s2.0,up_blocks.1.attentions.1.transformer_blocks.0.attn2.to_v.weight,0.0019755426328629255,smoothquant_a50,16,0.20806713122874498,0.259499728679657,0.013585408218204975,0.08914034813642502,1.0,,,0.0029095725622028112
UCE,Monet_s2.0,up_blocks.1.attentions.1.transformer_blocks.0.attn2.to_v.weight,0.0019755426328629255,smoothquant_a75,1,0.21321310102939606,1.0179798603057861,0.5548258423805237,0.25946182012557983,1.0,,,0.0029095725622028112
UCE,Monet_s2.0,up_blocks.1.attentions.1.transformer_blocks.0.attn2.to_v.weight,0.0019755426328629255,smoothquant_a75,4,0.213084414601326,0.5440745949745178,0.070404052734375,0.15054777264595032,1.0,,,0.0029095725622028112
UCE,Monet_s2.0,up_blocks.1.attentions.1.transformer_blocks.0.attn2.to_v.weight,0.0019755426328629255,smoothquant_a75,16,0.21301307622343302,0.2634994685649872,0.014170329086482525,0.08895880728960037,1.0,,,0.0029095725622028112
UCE,Monet_s2.0,up_blocks.1.attentions.1.transformer_blocks.0.attn2.to_v.weight,0.0019755426328629255,smoothquant_a85,1,0.2161712646484375,1.0348811149597168,0.5993662476539612,0.26326003670692444,1.0,,,0.0029095725622028112
UCE,Monet_s2.0,up_blocks.1.attentions.1.transformer_blocks.0.attn2.to_v.weight,0.0019755426328629255,smoothquant_a85,4,0.21563593298196793,0.550116240978241,0.08042297512292862,0.15236464142799377,1.0,,,0.0029095725622028112
UCE,Monet_s2.0,up_blocks.1.attentions.1.transformer_blocks.0.attn2.to_v.weight,0.0019755426328629255,smoothquant_a85,16,0.2155584329739213,0.26760029792785645,0.015535482205450535,0.08989472687244415,1.0,,,0.0029095725622028112
UCE,Monet_s2.0,up_blocks.1.attentions.1.transformer_blocks.0.attn2.to_v.weight,0.0019755426328629255,awq_a50,1,0.2156728059053421,1.0087974071502686,0.5453440546989441,0.25697365403175354,1.0,,,0.0029095725622028112
UCE,Monet_s2.0,up_blocks.1.attentions.1.transformer_blocks.0.attn2.to_v.weight,0.0019755426328629255,awq_a50,4,0.21550597995519638,0.5492942929267883,0.04552408680319786,0.15016192197799683,0.9999997466802597,,,0.0029095725622028112
UCE,Monet_s2.0,up_blocks.1.attentions.1.transformer_blocks.0.attn2.to_v.weight,0.0019755426328629255,awq_a50,16,0.21555798780173063,0.26606881618499756,0.007901000790297985,0.09083901345729828,0.9999994300305843,,,0.0029095725622028112
UCE,Monet_s2.0,up_blocks.1.attentions.2.transformer_blocks.0.attn2.to_k.weight,0.0027529741637408733,w_only_int8,0,0.1975860595703125,1.0,0.0,,,0.9988136291503906,0.9871312975883484,
UCE,Monet_s2.0,up_blocks.1.attentions.2.transformer_blocks.0.attn2.to_k.weight,0.0027529741637408733,smoothquant_a50,1,0.19203390181064606,1.0183781385421753,0.5646759271621704,0.2319011092185974,1.0,,,0.0026431428268551826
UCE,Monet_s2.0,up_blocks.1.attentions.2.transformer_blocks.0.attn2.to_k.weight,0.0027529741637408733,smoothquant_a50,4,0.19219055399298668,0.5633912086486816,0.08195393532514572,0.13695037364959717,1.0,,,0.0026431428268551826
UCE,Monet_s2.0,up_blocks.1.attentions.2.transformer_blocks.0.attn2.to_k.weight,0.0027529741637408733,smoothquant_a50,16,0.1920099901035428,0.2700236141681671,0.02199503593146801,0.08263061940670013,1.0,,,0.0026431428268551826
UCE,Monet_s2.0,up_blocks.1.attentions.2.transformer_blocks.0.attn2.to_k.weight,0.0027529741637408733,smoothquant_a75,1,0.20216165482997894,1.0693897008895874,0.6821848750114441,0.24627217650413513,1.0,,,0.0026431428268551826
UCE,Monet_s2.0,up_blocks.1.attentions.2.transformer_blocks.0.attn2.to_k.weight,0.0027529741637408733,smoothquant_a75,4,0.2021639496088028,0.5993035435676575,0.14291483163833618,0.14849527180194855,1.0,,,0.0026431428268551826
UCE,Monet_s2.0,up_blocks.1.attentions.2.transformer_blocks.0.attn2.to_k.weight,0.0027529741637408733,smoothquant_a75,16,0.20201892871409655,0.28555259108543396,0.03516744077205658,0.08768428862094879,1.0,,,0.0026431428268551826
UCE,Monet_s2.0,up_blocks.1.attentions.2.transformer_blocks.0.attn2.to_k.weight,0.0027529741637408733,smoothquant_a85,1,0.2057902067899704,1.1082587242126465,0.7373412847518921,0.25645482540130615,1.0,,,0.0026431428268551826
UCE,Monet_s2.0,up_blocks.1.attentions.2.transformer_blocks.0.attn2.to_k.weight,0.0027529741637408733,smoothquant_a85,4,0.2062177024781704,0.6353758573532104,0.18931986391544342,0.15822109580039978,1.0,,,0.0026431428268551826
UCE,Monet_s2.0,up_blocks.1.attentions.2.transformer_blocks.0.attn2.to_k.weight,0.0027529741637408733,smoothquant_a85,16,0.20599931105971336,0.30166634917259216,0.0471852608025074,0.09310918301343918,1.0,,,0.0026431428268551826
UCE,Monet_s2.0,up_blocks.1.attentions.2.transformer_blocks.0.attn2.to_k.weight,0.0027529741637408733,awq_a50,1,0.19481506943702698,1.0240172147750854,0.6096018552780151,0.23450185358524323,1.0,,,0.0026431428268551826
UCE,Monet_s2.0,up_blocks.1.attentions.2.transformer_blocks.0.attn2.to_k.weight,0.0027529741637408733,awq_a50,4,0.19475911557674408,0.5722635388374329,0.08763936161994934,0.13955488801002502,1.0,,,0.0026431428268551826
UCE,Monet_s2.0,up_blocks.1.attentions.2.transformer_blocks.0.attn2.to_k.weight,0.0027529741637408733,awq_a50,16,0.19470602460205555,0.2754482626914978,0.02126871794462204,0.08400782197713852,0.9999999366700649,,,0.0026431428268551826
UCE,Monet_s2.0,up_blocks.1.attentions.2.transformer_blocks.0.attn2.to_v.weight,0.0018908396596089005,w_only_int8,0,0.21754251420497894,1.0,0.0,,,0.9992568492889404,0.9843630194664001,
UCE,Monet_s2.0,up_blocks.1.attentions.2.transformer_blocks.0.attn2.to_v.weight,0.0018908396596089005,smoothquant_a50,1,0.20131327211856842,0.9714422821998596,0.4202463924884796,0.24239826202392578,1.0,,,0.002966390224173665
UCE,Monet_s2.0,up_blocks.1.attentions.2.transformer_blocks.0.attn2.to_v.weight,0.0018908396596089005,smoothquant_a50,4,0.20130487903952599,0.5226675271987915,0.05348917469382286,0.1406189352273941,1.0,,,0.002966390224173665
UCE,Monet_s2.0,up_blocks.1.attentions.2.transformer_blocks.0.attn2.to_v.weight,0.0018908396596089005,smoothquant_a50,16,0.20138187520205975,0.2554647922515869,0.013584391213953495,0.0853026732802391,1.0,,,0.002966390224173665
UCE,Monet_s2.0,up_blocks.1.attentions.2.transformer_blocks.0.attn2.to_v.weight,0.0018908396596089005,smoothquant_a75,1,0.20655211806297302,1.0088615417480469,0.5257171392440796,0.25091227889060974,1.0,,,0.002966390224173665
UCE,Monet_s2.0,up_blocks.1.attentions.2.transformer_blocks.0.attn2.to_v.weight,0.0018908396596089005,smoothquant_a75,4,0.20678862929344177,0.534376323223114,0.06707458198070526,0.14424197375774384,1.0,,,0.002966390224173665
UCE,Monet_s2.0,up_blocks.1.attentions.2.transformer_blocks.0.attn2.to_v.weight,0.0018908396596089005,smoothquant_a75,16,0.20710601657629013,0.26102617383003235,0.014545694924890995,0.08589966595172882,1.0,,,0.002966390224173665
UCE,Monet_s2.0,up_blocks.1.attentions.2.transformer_blocks.0.attn2.to_v.weight,0.0018908396596089005,smoothquant_a85,1,0.21039123833179474,1.030341386795044,0.5825245976448059,0.25562533736228943,1.0,,,0.002966390224173665
UCE,Monet_s2.0,up_blocks.1.attentions.2.transformer_blocks.0.attn2.to_v.weight,0.0018908396596089005,smoothquant_a85,4,0.2104695662856102,0.5432097911834717,0.08026123046875,0.14714187383651733,1.0,,,0.002966390224173665
UCE,Monet_s2.0,up_blocks.1.attentions.2.transformer_blocks.0.attn2.to_v.weight,0.0018908396596089005,smoothquant_a85,16,0.21082318853586912,0.2668265402317047,0.01663309708237648,0.08725447952747345,1.0,,,0.002966390224173665
UCE,Monet_s2.0,up_blocks.1.attentions.2.transformer_blocks.0.attn2.to_v.weight,0.0018908396596089005,awq_a50,1,0.2108052521944046,1.0071067810058594,0.5362823605537415,0.2501387894153595,1.0,,,0.002966390224173665
UCE,Monet_s2.0,up_blocks.1.attentions.2.transformer_blocks.0.attn2.to_v.weight,0.0018908396596089005,awq_a50,4,0.21150639653205872,0.5499240159988403,0.04538167268037796,0.14613915979862213,0.9999994933605194,,,0.002966390224173665
UCE,Monet_s2.0,up_blocks.1.attentions.2.transformer_blocks.0.attn2.to_v.weight,0.0018908396596089005,awq_a50,16,0.21149463579058647,0.2655099332332611,0.00839335098862648,0.08848132938146591,0.9999993033707142,,,0.002966390224173665
UCE,Monet_s2.0,up_blocks.2.attentions.0.transformer_blocks.0.attn2.to_k.weight,0.0036287882830947638,w_only_int8,0,0.17317911982536316,1.0,0.0,,,0.9986914396286011,0.9902889132499695,
UCE,Monet_s2.0,up_blocks.2.attentions.0.transformer_blocks.0.attn2.to_k.weight,0.0036287882830947638,smoothquant_a50,1,0.16900227963924408,1.0238308906555176,0.5721781253814697,0.20302438735961914,1.0,,,0.0028665170539170504
UCE,Monet_s2.0,up_blocks.2.attentions.0.transformer_blocks.0.attn2.to_k.weight,0.0036287882830947638,smoothquant_a50,4,0.16875610500574112,0.6020407676696777,0.12080485373735428,0.12565813958644867,1.0,,,0.0028665170539170504
UCE,Monet_s2.0,up_blocks.2.attentions.0.transformer_blocks.0.attn2.to_k.weight,0.0036287882830947638,smoothquant_a50,16,0.16874961834400892,0.28749218583106995,0.03375244140625,0.07657025009393692,1.0,,,0.0028665170539170504
UCE,Monet_s2.0,up_blocks.2.attentions.0.transformer_blocks.0.attn2.to_k.weight,0.0036287882830947638,smoothquant_a75,1,0.19143269956111908,1.1984269618988037,0.804272472858429,0.23902352154254913,1.0,,,0.0028665170539170504
UCE,Monet_s2.0,up_blocks.2.attentions.0.transformer_blocks.0.attn2.to_k.weight,0.0036287882830947638,smoothquant_a75,4,0.19098154455423355,0.7481992244720459,0.29893189668655396,0.157111257314682,1.0,,,0.0028665170539170504
UCE,Monet_s2.0,up_blocks.2.attentions.0.transformer_blocks.0.attn2.to_k.weight,0.0036287882830947638,smoothquant_a75,16,0.1901321392506361,0.3527342677116394,0.09311726689338684,0.0949823409318924,1.0,,,0.0028665170539170504
UCE,Monet_s2.0,up_blocks.2.attentions.0.transformer_blocks.0.attn2.to_k.weight,0.0036287882830947638,smoothquant_a85,1,0.20404052734375,1.3294013738632202,0.8735982179641724,0.2602837383747101,1.0,,,0.0028665170539170504
UCE,Monet_s2.0,up_blocks.2.attentions.0.transformer_blocks.0.attn2.to_k.weight,0.0036287882830947638,smoothquant_a85,4,0.2042750008404255,0.8441159129142761,0.3873738646507263,0.17577709257602692,1.0,,,0.0028665170539170504
UCE,Monet_s2.0,up_blocks.2.attentions.0.transformer_blocks.0.attn2.to_k.weight,0.0036287882830947638,smoothquant_a85,16,0.20320053026080132,0.401363343000412,0.13218383491039276,0.10725262761116028,1.0,,,0.0028665170539170504
UCE,Monet_s2.0,up_blocks.2.attentions.0.transformer_blocks.0.attn2.to_k.weight,0.0036287882830947638,awq_a50,1,0.18098348379135132,1.0942541360855103,0.75592041015625,0.22303034365177155,1.0,,,0.0028665170539170504
UCE,Monet_s2.0,up_blocks.2.attentions.0.transformer_blocks.0.attn2.to_k.weight,0.0036287882830947638,awq_a50,4,0.1809895858168602,0.6997767090797424,0.23441976308822632,0.14476503431797028,1.0,,,0.0028665170539170504
UCE,Monet_s2.0,up_blocks.2.attentions.0.transformer_blocks.0.attn2.to_k.weight,0.0036287882830947638,awq_a50,16,0.18071645218878984,0.3290276825428009,0.07213745266199112,0.08767524361610413,1.0,,,0.0028665170539170504
UCE,Monet_s2.0,up_blocks.2.attentions.0.transformer_blocks.0.attn2.to_v.weight,0.002806961303576827,w_only_int8,0,0.20130614936351776,1.0,0.0,,,0.9994598627090454,0.9866378903388977,
UCE,Monet_s2.0,up_blocks.2.attentions.0.transformer_blocks.0.attn2.to_v.weight,0.002806961303576827,smoothquant_a50,1,0.18310953676700592,0.938892662525177,0.34251099824905396,0.22018016874790192,1.0,,,0.002930084243416786
UCE,Monet_s2.0,up_blocks.2.attentions.0.transformer_blocks.0.attn2.to_v.weight,0.002806961303576827,smoothquant_a50,4,0.1826431266963482,0.515878438949585,0.04518025740981102,0.1286836862564087,1.0,,,0.002930084243416786
UCE,Monet_s2.0,up_blocks.2.attentions.0.transformer_blocks.0.attn2.to_v.weight,0.002806961303576827,smoothquant_a50,16,0.18280537892132998,0.2518123388290405,0.011525471694767475,0.07765710353851318,1.0,,,0.002930084243416786
UCE,Monet_s2.0,up_blocks.2.attentions.0.transformer_blocks.0.attn2.to_v.weight,0.002806961303576827,smoothquant_a75,1,0.19460245966911316,1.0074597597122192,0.5206298828125,0.2347765564918518,1.0,,,0.002930084243416786
UCE,Monet_s2.0,up_blocks.2.attentions.0.transformer_blocks.0.attn2.to_v.weight,0.002806961303576827,smoothquant_a75,4,0.19462280347943306,0.5491405725479126,0.07862956076860428,0.1371387541294098,1.0,,,0.002930084243416786
UCE,Monet_s2.0,up_blocks.2.attentions.0.transformer_blocks.0.attn2.to_v.weight,0.002806961303576827,smoothquant_a75,16,0.1945313774049282,0.26616260409355164,0.01700846292078495,0.0808161199092865,1.0,,,0.002930084243416786
UCE,Monet_s2.0,up_blocks.2.attentions.0.transformer_blocks.0.attn2.to_v.weight,0.002806961303576827,smoothquant_a85,1,0.19950765371322632,1.0413044691085815,0.6072367429733276,0.2424546182155609,1.0,,,0.002930084243416786
UCE,Monet_s2.0,up_blocks.2.attentions.0.transformer_blocks.0.attn2.to_v.weight,0.002806961303576827,smoothquant_a85,4,0.19966278225183487,0.5653623342514038,0.10059814155101776,0.14189413189888,1.0,,,0.002930084243416786
UCE,Monet_s2.0,up_blocks.2.attentions.0.transformer_blocks.0.attn2.to_v.weight,0.002806961303576827,smoothquant_a85,16,0.1996162412688136,0.2752150595188141,0.021484375,0.08331547677516937,1.0,,,0.002930084243416786
UCE,Monet_s2.0,up_blocks.2.attentions.0.transformer_blocks.0.attn2.to_v.weight,0.002806961303576827,awq_a50,1,0.19937947392463684,1.0191450119018555,0.5946004390716553,0.23566867411136627,1.0,,,0.002930084243416786
UCE,Monet_s2.0,up_blocks.2.attentions.0.transformer_blocks.0.attn2.to_v.weight,0.002806961303576827,awq_a50,4,0.19866078346967697,0.5655136108398438,0.06149495393037796,0.13900262117385864,1.0,,,0.002930084243416786
UCE,Monet_s2.0,up_blocks.2.attentions.0.transformer_blocks.0.attn2.to_v.weight,0.002806961303576827,awq_a50,16,0.19857419282197952,0.2747911512851715,0.01206868514418602,0.08449725061655045,0.9999994933605194,,,0.002930084243416786
UCE,Monet_s2.0,up_blocks.2.attentions.1.transformer_blocks.0.attn2.to_k.weight,0.002644576132297516,w_only_int8,0,0.19574788212776184,1.0,0.0,,,0.9989227652549744,0.9876752495765686,
UCE,Monet_s2.0,up_blocks.2.attentions.1.transformer_blocks.0.attn2.to_k.weight,0.002644576132297516,smoothquant_a50,1,0.1952616423368454,1.030754566192627,0.588055431842804,0.23533619940280914,1.0,,,0.002785430056974292
UCE,Monet_s2.0,up_blocks.2.attentions.1.transformer_blocks.0.attn2.to_k.weight,0.002644576132297516,smoothquant_a50,4,0.19537099078297615,0.5990840792655945,0.13358764350414276,0.1448327600955963,1.0,,,0.002785430056974292
UCE,Monet_s2.0,up_blocks.2.attentions.1.transformer_blocks.0.attn2.to_k.weight,0.002644576132297516,smoothquant_a50,16,0.19520187564194202,0.2855270504951477,0.0437825508415699,0.08770076930522919,1.0,,,0.002785430056974292
UCE,Monet_s2.0,up_blocks.2.attentions.1.transformer_blocks.0.attn2.to_k.weight,0.002644576132297516,smoothquant_a75,1,0.2158203125,1.1392393112182617,0.7667317986488342,0.26561644673347473,1.0,,,0.002785430056974292
UCE,Monet_s2.0,up_blocks.2.attentions.1.transformer_blocks.0.attn2.to_k.weight,0.002644576132297516,smoothquant_a75,4,0.21563008800148964,0.7075140476226807,0.2631734311580658,0.1729995608329773,1.0,,,0.002785430056974292
UCE,Monet_s2.0,up_blocks.2.attentions.1.transformer_blocks.0.attn2.to_k.weight,0.002644576132297516,smoothquant_a75,16,0.21530278585851192,0.3256058096885681,0.08049723505973816,0.1023697629570961,1.0,,,0.002785430056974292
UCE,Monet_s2.0,up_blocks.2.attentions.1.transformer_blocks.0.attn2.to_k.weight,0.002644576132297516,smoothquant_a85,1,0.22641398012638092,1.23792564868927,0.8392130732536316,0.2855587601661682,1.0,,,0.002785430056974292
UCE,Monet_s2.0,up_blocks.2.attentions.1.transformer_blocks.0.attn2.to_k.weight,0.002644576132297516,smoothquant_a85,4,0.22595977783203125,0.7963013052940369,0.34556275606155396,0.19252224266529083,1.0,,,0.002785430056974292
UCE,Monet_s2.0,up_blocks.2.attentions.1.transformer_blocks.0.attn2.to_k.weight,0.002644576132297516,smoothquant_a85,16,0.22498143557459116,0.36471959948539734,0.11010538786649704,0.11453631520271301,1.0,,,0.002785430056974292
UCE,Monet_s2.0,up_blocks.2.attentions.1.transformer_blocks.0.attn2.to_k.weight,0.002644576132297516,awq_a50,1,0.20456136763095856,1.062893033027649,0.7237080931663513,0.24868549406528473,1.0,,,0.002785430056974292
UCE,Monet_s2.0,up_blocks.2.attentions.1.transformer_blocks.0.attn2.to_k.weight,0.002644576132297516,awq_a50,4,0.20441589877009392,0.6708139777183533,0.20261840522289276,0.1597888320684433,0.9999994933605194,,,0.002785430056974292
UCE,Monet_s2.0,up_blocks.2.attentions.1.transformer_blocks.0.attn2.to_k.weight,0.002644576132297516,awq_a50,16,0.20381126459687948,0.30984628200531006,0.06515909731388092,0.09587530046701431,0.9999994933605194,,,0.002785430056974292
UCE,Monet_s2.0,up_blocks.2.attentions.1.transformer_blocks.0.attn2.to_v.weight,0.001771389739587903,w_only_int8,0,0.20955809950828552,1.0,0.0,,,0.9993256330490112,0.9845037460327148,
UCE,Monet_s2.0,up_blocks.2.attentions.1.transformer_blocks.0.attn2.to_v.weight,0.001771389739587903,smoothquant_a50,1,0.1902872771024704,0.9422234892845154,0.36770427227020264,0.2338782250881195,1.0,,,0.002665678272023797
UCE,Monet_s2.0,up_blocks.2.attentions.1.transformer_blocks.0.attn2.to_v.weight,0.001771389739587903,smoothquant_a50,4,0.1898040771484375,0.5204408168792725,0.06473185122013092,0.13814783096313477,1.0,,,0.002665678272023797
UCE,Monet_s2.0,up_blocks.2.attentions.1.transformer_blocks.0.attn2.to_v.weight,0.001771389739587903,smoothquant_a50,16,0.1898785913363099,0.25461670756340027,0.01925455778837204,0.08397170901298523,1.0,,,0.002665678272023797
UCE,Monet_s2.0,up_blocks.2.attentions.1.transformer_blocks.0.attn2.to_v.weight,0.001771389739587903,smoothquant_a75,1,0.20027466118335724,1.0052508115768433,0.5133707523345947,0.24927808344364166,1.0,,,0.002665678272023797
UCE,Monet_s2.0,up_blocks.2.attentions.1.transformer_blocks.0.attn2.to_v.weight,0.001771389739587903,smoothquant_a75,4,0.19968567043542862,0.5560827255249023,0.09697672724723816,0.14777162671089172,1.0,,,0.002665678272023797
UCE,Monet_s2.0,up_blocks.2.attentions.1.transformer_blocks.0.attn2.to_v.weight,0.001771389739587903,smoothquant_a75,16,0.19969151727855206,0.2717435657978058,0.02877197228372097,0.08910930901765823,1.0,,,0.002665678272023797
UCE,Monet_s2.0,up_blocks.2.attentions.1.transformer_blocks.0.attn2.to_v.weight,0.001771389739587903,smoothquant_a85,1,0.20630086958408356,1.0388654470443726,0.5948588252067566,0.2572481036186218,1.0,,,0.002665678272023797
UCE,Monet_s2.0,up_blocks.2.attentions.1.transformer_blocks.0.attn2.to_v.weight,0.001771389739587903,smoothquant_a85,4,0.20496012642979622,0.5759723782539368,0.11896565556526184,0.15321025252342224,1.0,,,0.002665678272023797
UCE,Monet_s2.0,up_blocks.2.attentions.1.transformer_blocks.0.attn2.to_v.weight,0.001771389739587903,smoothquant_a85,16,0.2051106784492731,0.28423070907592773,0.03614502027630806,0.09295334666967392,1.0,,,0.002665678272023797
UCE,Monet_s2.0,up_blocks.2.attentions.1.transformer_blocks.0.attn2.to_v.weight,0.001771389739587903,awq_a50,1,0.20429077744483948,1.0153517723083496,0.5724548101425171,0.2489408552646637,1.0,,,0.002665678272023797
UCE,Monet_s2.0,up_blocks.2.attentions.1.transformer_blocks.0.attn2.to_v.weight,0.001771389739587903,awq_a50,4,0.20449981838464737,0.5676813721656799,0.06475016474723816,0.14768534898757935,1.0,,,0.002665678272023797
UCE,Monet_s2.0,up_blocks.2.attentions.1.transformer_blocks.0.attn2.to_v.weight,0.001771389739587903,awq_a50,16,0.20468699093908072,0.27651214599609375,0.01581420935690403,0.09065167605876923,0.9999997466802597,,,0.002665678272023797
UCE,Monet_s2.0,up_blocks.2.attentions.2.transformer_blocks.0.attn2.to_k.weight,0.0025848548393696547,w_only_int8,0,0.20401611924171448,1.0,0.0,,,0.9990780353546143,0.9871468544006348,
UCE,Monet_s2.0,up_blocks.2.attentions.2.transformer_blocks.0.attn2.to_k.weight,0.0025848548393696547,smoothquant_a50,1,0.2043660432100296,1.0278986692428589,0.5801452398300171,0.24033382534980774,1.0,,,0.0026594388764351606
UCE,Monet_s2.0,up_blocks.2.attentions.2.transformer_blocks.0.attn2.to_k.weight,0.0025848548393696547,smoothquant_a50,4,0.20388641208410263,0.6009781956672668,0.13755086064338684,0.1482442319393158,1.0,,,0.0026594388764351606
UCE,Monet_s2.0,up_blocks.2.attentions.2.transformer_blocks.0.attn2.to_k.weight,0.0025848548393696547,smoothquant_a50,16,0.20404713787138462,0.2835761308670044,0.04757283627986908,0.0897851288318634,1.0,,,0.0026594388764351606
UCE,Monet_s2.0,up_blocks.2.attentions.2.transformer_blocks.0.attn2.to_k.weight,0.0025848548393696547,smoothquant_a75,1,0.22628173232078552,1.1332907676696777,0.7547953128814697,0.26858511567115784,1.0,,,0.0026594388764351606
UCE,Monet_s2.0,up_blocks.2.attentions.2.transformer_blocks.0.attn2.to_k.weight,0.0025848548393696547,smoothquant_a75,4,0.2266138680279255,0.6921927332878113,0.25359293818473816,0.17356248199939728,1.0,,,0.0026594388764351606
UCE,Monet_s2.0,up_blocks.2.attentions.2.transformer_blocks.0.attn2.to_k.weight,0.0025848548393696547,smoothquant_a75,16,0.22557347547262907,0.32042765617370605,0.07965698093175888,0.10264858603477478,1.0,,,0.0026594388764351606
UCE,Monet_s2.0,up_blocks.2.attentions.2.transformer_blocks.0.attn2.to_k.weight,0.0025848548393696547,smoothquant_a85,1,0.23681436479091644,1.2071287631988525,0.8145507574081421,0.28491324186325073,1.0,,,0.0026594388764351606
UCE,Monet_s2.0,up_blocks.2.attentions.2.transformer_blocks.0.attn2.to_k.weight,0.0025848548393696547,smoothquant_a85,4,0.23690592125058174,0.7562647461891174,0.3144470155239105,0.18819373846054077,1.0,,,0.0026594388764351606
UCE,Monet_s2.0,up_blocks.2.attentions.2.transformer_blocks.0.attn2.to_k.weight,0.0025848548393696547,smoothquant_a85,16,0.23558858130127192,0.34973809123039246,0.10183919221162796,0.11189142614603043,1.0,,,0.0026594388764351606
UCE,Monet_s2.0,up_blocks.2.attentions.2.transformer_blocks.0.attn2.to_k.weight,0.0025848548393696547,awq_a50,1,0.20929159224033356,1.0464587211608887,0.6800171136856079,0.24684737622737885,1.0,,,0.0026594388764351606
UCE,Monet_s2.0,up_blocks.2.attentions.2.transformer_blocks.0.attn2.to_k.weight,0.0025848548393696547,awq_a50,4,0.2089940384030342,0.6298826932907104,0.1604410856962204,0.15402397513389587,1.0,,,0.0026594388764351606
UCE,Monet_s2.0,up_blocks.2.attentions.2.transformer_blocks.0.attn2.to_k.weight,0.0025848548393696547,awq_a50,16,0.20877481997013092,0.29515716433525085,0.04891764372587204,0.09208586812019348,0.9999998733401299,,,0.0026594388764351606
UCE,Monet_s2.0,up_blocks.2.attentions.2.transformer_blocks.0.attn2.to_v.weight,0.0014804831007495522,w_only_int8,0,0.22613525390625,1.0,0.0,,,0.9992154836654663,0.9825426936149597,
UCE,Monet_s2.0,up_blocks.2.attentions.2.transformer_blocks.0.attn2.to_v.weight,0.0014804831007495522,smoothquant_a50,1,0.1987406462430954,0.911052942276001,0.30517578125,0.24004718661308289,1.0,,,0.0026068000588566065
UCE,Monet_s2.0,up_blocks.2.attentions.2.transformer_blocks.0.attn2.to_v.weight,0.0014804831007495522,smoothquant_a50,4,0.19805704802274704,0.4936242699623108,0.04607544094324112,0.14007404446601868,1.0,,,0.0026068000588566065
UCE,Monet_s2.0,up_blocks.2.attentions.2.transformer_blocks.0.attn2.to_v.weight,0.0014804831007495522,smoothquant_a50,16,0.19817301351577044,0.24329471588134766,0.013519287109375,0.08538658171892166,1.0,,,0.0026068000588566065
UCE,Monet_s2.0,up_blocks.2.attentions.2.transformer_blocks.0.attn2.to_v.weight,0.0014804831007495522,smoothquant_a75,1,0.21116739511489868,0.9866808652877808,0.4660481810569763,0.2578004002571106,1.0,,,0.0026068000588566065
UCE,Monet_s2.0,up_blocks.2.attentions.2.transformer_blocks.0.attn2.to_v.weight,0.0014804831007495522,smoothquant_a75,4,0.21079101040959358,0.5403414964675903,0.07455240935087204,0.15191276371479034,1.0,,,0.0026068000588566065
UCE,Monet_s2.0,up_blocks.2.attentions.2.transformer_blocks.0.attn2.to_v.weight,0.0014804831007495522,smoothquant_a75,16,0.21116625424474478,0.2671108543872833,0.02072346955537796,0.09180492162704468,1.0,,,0.0026068000588566065
UCE,Monet_s2.0,up_blocks.2.attentions.2.transformer_blocks.0.attn2.to_v.weight,0.0014804831007495522,smoothquant_a85,1,0.21918335556983948,1.0260608196258545,0.5652120113372803,0.2672322392463684,1.0,,,0.0026068000588566065
UCE,Monet_s2.0,up_blocks.2.attentions.2.transformer_blocks.0.attn2.to_v.weight,0.0014804831007495522,smoothquant_a85,4,0.21764780953526497,0.5637118220329285,0.10006510466337204,0.15816020965576172,1.0,,,0.0026068000588566065
UCE,Monet_s2.0,up_blocks.2.attentions.2.transformer_blocks.0.attn2.to_v.weight,0.0014804831007495522,smoothquant_a85,16,0.2183297472074628,0.27615833282470703,0.02699381485581398,0.09513965249061584,1.0,,,0.0026068000588566065
UCE,Monet_s2.0,up_blocks.2.attentions.2.transformer_blocks.0.attn2.to_v.weight,0.0014804831007495522,awq_a50,1,0.2224222868680954,1.0129117965698242,0.5652262568473816,0.2618412971496582,1.0,,,0.0026068000588566065
UCE,Monet_s2.0,up_blocks.2.attentions.2.transformer_blocks.0.attn2.to_v.weight,0.0014804831007495522,awq_a50,4,0.2221221961081028,0.5599879622459412,0.05587158352136612,0.1551525890827179,1.0,,,0.0026068000588566065
UCE,Monet_s2.0,up_blocks.2.attentions.2.transformer_blocks.0.attn2.to_v.weight,0.0014804831007495522,awq_a50,16,0.22192204929888248,0.2732839584350586,0.014469400979578495,0.09524992108345032,0.9999994933605194,,,0.0026068000588566065
UCE,Monet_s2.0,up_blocks.3.attentions.0.transformer_blocks.0.attn2.to_k.weight,0.0029233074747025967,w_only_int8,0,0.2435709685087204,1.0,0.0,,,0.9977109432220459,0.9785556197166443,
UCE,Monet_s2.0,up_blocks.3.attentions.0.transformer_blocks.0.attn2.to_k.weight,0.0029233074747025967,smoothquant_a50,1,0.24026285111904144,0.9135003685951233,0.35767823457717896,0.25456270575523376,1.0,,,0.004094990435987711
UCE,Monet_s2.0,up_blocks.3.attentions.0.transformer_blocks.0.attn2.to_k.weight,0.0029233074747025967,smoothquant_a50,4,0.24010823294520378,0.6368153691291809,0.15510253608226776,0.17755553126335144,1.0,,,0.004094990435987711
UCE,Monet_s2.0,up_blocks.3.attentions.0.transformer_blocks.0.attn2.to_k.weight,0.0029233074747025967,smoothquant_a50,16,0.23961207084357738,0.35143718123435974,0.09070231020450592,0.12307252734899521,1.0,,,0.004094990435987711
UCE,Monet_s2.0,up_blocks.3.attentions.0.transformer_blocks.0.attn2.to_k.weight,0.0029233074747025967,smoothquant_a75,1,0.3297078311443329,1.3704208135604858,0.9588826298713684,0.35209158062934875,1.0,,,0.004094990435987711
UCE,Monet_s2.0,up_blocks.3.attentions.0.transformer_blocks.0.attn2.to_k.weight,0.0029233074747025967,smoothquant_a75,4,0.32830505073070526,1.0117641687393188,0.5085856318473816,0.25721123814582825,1.0,,,0.004094990435987711
UCE,Monet_s2.0,up_blocks.3.attentions.0.transformer_blocks.0.attn2.to_k.weight,0.0029233074747025967,smoothquant_a75,16,0.3266634587198496,0.5633485317230225,0.2517049014568329,0.1814545840024948,1.0,,,0.004094990435987711
UCE,Monet_s2.0,up_blocks.3.attentions.0.transformer_blocks.0.attn2.to_k.weight,0.0029233074747025967,smoothquant_a85,1,0.37135010957717896,1.6464099884033203,0.9781087040901184,0.3982762396335602,1.0,,,0.004094990435987711
UCE,Monet_s2.0,up_blocks.3.attentions.0.transformer_blocks.0.attn2.to_k.weight,0.0029233074747025967,smoothquant_a85,4,0.3706471845507622,1.22299325466156,0.6265869140625,0.2967512011528015,1.0,,,0.004094990435987711
UCE,Monet_s2.0,up_blocks.3.attentions.0.transformer_blocks.0.attn2.to_k.weight,0.0029233074747025967,smoothquant_a85,16,0.3686841353774071,0.6912484765052795,0.34197998046875,0.21239477396011353,1.0,,,0.004094990435987711
UCE,Monet_s2.0,up_blocks.3.attentions.0.transformer_blocks.0.attn2.to_k.weight,0.0029233074747025967,awq_a50,1,0.3160359561443329,1.433964729309082,0.9686279296875,0.3517815172672272,1.0,,,0.004094990435987711
UCE,Monet_s2.0,up_blocks.3.attentions.0.transformer_blocks.0.attn2.to_k.weight,0.0029233074747025967,awq_a50,4,0.31628213822841644,1.070416808128357,0.5460652709007263,0.2601718008518219,1.0,,,0.004094990435987711
UCE,Monet_s2.0,up_blocks.3.attentions.0.transformer_blocks.0.attn2.to_k.weight,0.0029233074747025967,awq_a50,16,0.31546325236558914,0.613141655921936,0.29462483525276184,0.18988093733787537,1.0,,,0.004094990435987711
UCE,Monet_s2.0,up_blocks.3.attentions.0.transformer_blocks.0.attn2.to_v.weight,0.0007329421932809055,w_only_int8,0,0.20888671278953552,1.0,0.0,,,0.9975908398628235,0.9809109568595886,
UCE,Monet_s2.0,up_blocks.3.attentions.0.transformer_blocks.0.attn2.to_v.weight,0.0007329421932809055,smoothquant_a50,1,0.19253335893154144,0.975845217704773,0.4480549991130829,0.2279493361711502,1.0,,,0.0037675572093576193
UCE,Monet_s2.0,up_blocks.3.attentions.0.transformer_blocks.0.attn2.to_v.weight,0.0007329421932809055,smoothquant_a50,4,0.19330139085650444,0.5445190668106079,0.08724772185087204,0.1385936141014099,1.0,,,0.0037675572093576193
UCE,Monet_s2.0,up_blocks.3.attentions.0.transformer_blocks.0.attn2.to_v.weight,0.0007329421932809055,smoothquant_a50,16,0.1933797188103199,0.26863351464271545,0.02696940116584301,0.08610314875841141,1.0,,,0.0037675572093576193
UCE,Monet_s2.0,up_blocks.3.attentions.0.transformer_blocks.0.attn2.to_v.weight,0.0007329421932809055,smoothquant_a75,1,0.2217814177274704,1.14622962474823,0.7432901859283447,0.278635710477829,1.0,,,0.0037675572093576193
UCE,Monet_s2.0,up_blocks.3.attentions.0.transformer_blocks.0.attn2.to_v.weight,0.0007329421932809055,smoothquant_a75,4,0.2225341796875,0.7089881896972656,0.2576456665992737,0.18154415488243103,1.0,,,0.0037675572093576193
UCE,Monet_s2.0,up_blocks.3.attentions.0.transformer_blocks.0.attn2.to_v.weight,0.0007329421932809055,smoothquant_a75,16,0.22185338474810123,0.3501986563205719,0.08553873747587204,0.11537648737430573,1.0,,,0.0037675572093576193
UCE,Monet_s2.0,up_blocks.3.attentions.0.transformer_blocks.0.attn2.to_v.weight,0.0007329421932809055,smoothquant_a85,1,0.24201253056526184,1.3388493061065674,0.8461588621139526,0.31266358494758606,1.0,,,0.0037675572093576193
UCE,Monet_s2.0,up_blocks.3.attentions.0.transformer_blocks.0.attn2.to_v.weight,0.0007329421932809055,smoothquant_a85,4,0.24077046662569046,0.8541626334190369,0.3956542909145355,0.2127988636493683,1.0,,,0.0037675572093576193
UCE,Monet_s2.0,up_blocks.3.attentions.0.transformer_blocks.0.attn2.to_v.weight,0.0007329421932809055,smoothquant_a85,16,0.2391423536464572,0.42599940299987793,0.15160726010799408,0.137883722782135,1.0,,,0.0037675572093576193
UCE,Monet_s2.0,up_blocks.3.attentions.0.transformer_blocks.0.attn2.to_v.weight,0.0007329421932809055,awq_a50,1,0.22696126997470856,1.1114383935928345,0.7622477412223816,0.2829171121120453,1.0,,,0.0037675572093576193
UCE,Monet_s2.0,up_blocks.3.attentions.0.transformer_blocks.0.attn2.to_v.weight,0.0007329421932809055,awq_a50,4,0.22665507346391678,0.7164596915245056,0.2562215030193329,0.18935032188892365,1.0,,,0.0037675572093576193
UCE,Monet_s2.0,up_blocks.3.attentions.0.transformer_blocks.0.attn2.to_v.weight,0.0007329421932809055,awq_a50,16,0.2255688989534974,0.346163272857666,0.09060872346162796,0.12506702542304993,1.0,,,0.0037675572093576193
UCE,Monet_s2.0,up_blocks.3.attentions.1.transformer_blocks.0.attn2.to_k.weight,0.0028899754397571087,w_only_int8,0,0.2301839143037796,1.0,0.0,,,0.9982793927192688,0.9802594184875488,
UCE,Monet_s2.0,up_blocks.3.attentions.1.transformer_blocks.0.attn2.to_k.weight,0.0028899754397571087,smoothquant_a50,1,0.23948568105697632,0.9659865498542786,0.4475463926792145,0.2637558579444885,1.0,,,0.00388736161403358
UCE,Monet_s2.0,up_blocks.3.attentions.1.transformer_blocks.0.attn2.to_k.weight,0.0028899754397571087,smoothquant_a50,4,0.23888346552848816,0.680233359336853,0.20938314497470856,0.18208767473697662,1.0,,,0.00388736161403358
UCE,Monet_s2.0,up_blocks.3.attentions.1.transformer_blocks.0.attn2.to_k.weight,0.0028899754397571087,smoothquant_a50,16,0.2382263196632266,0.38734179735183716,0.13202311098575592,0.1270497888326645,1.0,,,0.00388736161403358
UCE,Monet_s2.0,up_blocks.3.attentions.1.transformer_blocks.0.attn2.to_k.weight,0.0028899754397571087,smoothquant_a75,1,0.3242757022380829,1.413988471031189,0.957995593547821,0.3550483286380768,1.0,,,0.00388736161403358
UCE,Monet_s2.0,up_blocks.3.attentions.1.transformer_blocks.0.attn2.to_k.weight,0.0028899754397571087,smoothquant_a75,4,0.32374369353055954,1.0631622076034546,0.5423583984375,0.26038798689842224,1.0,,,0.00388736161403358
UCE,Monet_s2.0,up_blocks.3.attentions.1.transformer_blocks.0.attn2.to_k.weight,0.0028899754397571087,smoothquant_a75,16,0.3229245524853468,0.6143873929977417,0.3002075254917145,0.18642611801624298,1.0,,,0.00388736161403358
UCE,Monet_s2.0,up_blocks.3.attentions.1.transformer_blocks.0.attn2.to_k.weight,0.0028899754397571087,smoothquant_a85,1,0.3664754331111908,1.6977336406707764,0.9805826544761658,0.40112289786338806,1.0,,,0.00388736161403358
UCE,Monet_s2.0,up_blocks.3.attentions.1.transformer_blocks.0.attn2.to_k.weight,0.0028899754397571087,smoothquant_a85,4,0.3656158447265625,1.284725546836853,0.6524210572242737,0.29933473467826843,1.0,,,0.00388736161403358
UCE,Monet_s2.0,up_blocks.3.attentions.1.transformer_blocks.0.attn2.to_k.weight,0.0028899754397571087,smoothquant_a85,16,0.3640579227358103,0.7561270594596863,0.3861043155193329,0.21700525283813477,1.0,,,0.00388736161403358
UCE,Monet_s2.0,up_blocks.3.attentions.1.transformer_blocks.0.attn2.to_k.weight,0.0028899754397571087,awq_a50,1,0.29847005009651184,1.4325454235076904,0.9595621824264526,0.33882930874824524,1.0,,,0.00388736161403358
UCE,Monet_s2.0,up_blocks.3.attentions.1.transformer_blocks.0.attn2.to_k.weight,0.0028899754397571087,awq_a50,4,0.2984303757548332,1.0503005981445312,0.5337606072425842,0.24765777587890625,1.0,,,0.00388736161403358
UCE,Monet_s2.0,up_blocks.3.attentions.1.transformer_blocks.0.attn2.to_k.weight,0.0028899754397571087,awq_a50,16,0.2979245539754629,0.5972970724105835,0.28387451171875,0.17620722949504852,1.0,,,0.00388736161403358
UCE,Monet_s2.0,up_blocks.3.attentions.1.transformer_blocks.0.attn2.to_v.weight,0.0009683600510470569,w_only_int8,0,0.20769043266773224,1.0,0.0,,,0.9996215105056763,0.9820138216018677,
UCE,Monet_s2.0,up_blocks.3.attentions.1.transformer_blocks.0.attn2.to_v.weight,0.0009683600510470569,smoothquant_a50,1,0.18575438857078552,0.9352958798408508,0.3629801571369171,0.2250700294971466,1.0,,,0.003298840019851923
UCE,Monet_s2.0,up_blocks.3.attentions.1.transformer_blocks.0.attn2.to_v.weight,0.0009683600510470569,smoothquant_a50,4,0.1855977363884449,0.5084947347640991,0.05896402895450592,0.1325560063123703,1.0,,,0.003298840019851923
UCE,Monet_s2.0,up_blocks.3.attentions.1.transformer_blocks.0.attn2.to_v.weight,0.0009683600510470569,smoothquant_a50,16,0.18561630137264729,0.25156980752944946,0.01904296875,0.08219395577907562,1.0,,,0.003298840019851923
UCE,Monet_s2.0,up_blocks.3.attentions.1.transformer_blocks.0.attn2.to_v.weight,0.0009683600510470569,smoothquant_a75,1,0.2062581330537796,1.0974271297454834,0.6851643919944763,0.2673715054988861,1.0,,,0.003298840019851923
UCE,Monet_s2.0,up_blocks.3.attentions.1.transformer_blocks.0.attn2.to_v.weight,0.0009683600510470569,smoothquant_a75,4,0.20713907480239868,0.6330892443656921,0.18675944209098816,0.16597676277160645,1.0,,,0.003298840019851923
UCE,Monet_s2.0,up_blocks.3.attentions.1.transformer_blocks.0.attn2.to_v.weight,0.0009683600510470569,smoothquant_a75,16,0.20706736110150814,0.317661851644516,0.0638224259018898,0.10565350949764252,1.0,,,0.003298840019851923
UCE,Monet_s2.0,up_blocks.3.attentions.1.transformer_blocks.0.attn2.to_v.weight,0.0009683600510470569,smoothquant_a85,1,0.22333984076976776,1.2339047193527222,0.803149402141571,0.29547855257987976,1.0,,,0.003298840019851923
UCE,Monet_s2.0,up_blocks.3.attentions.1.transformer_blocks.0.attn2.to_v.weight,0.0009683600510470569,smoothquant_a85,4,0.22382507100701332,0.7248917818069458,0.2851196229457855,0.1897394210100174,1.0,,,0.003298840019851923
UCE,Monet_s2.0,up_blocks.3.attentions.1.transformer_blocks.0.attn2.to_v.weight,0.0009683600510470569,smoothquant_a85,16,0.2238571159541607,0.3638816475868225,0.1078084334731102,0.12221371382474899,1.0,,,0.003298840019851923
UCE,Monet_s2.0,up_blocks.3.attentions.1.transformer_blocks.0.attn2.to_v.weight,0.0009683600510470569,awq_a50,1,0.21722412109375,1.086193323135376,0.7498006224632263,0.27215394377708435,1.0,,,0.003298840019851923
UCE,Monet_s2.0,up_blocks.3.attentions.1.transformer_blocks.0.attn2.to_v.weight,0.0009683600510470569,awq_a50,4,0.21747741475701332,0.6482484340667725,0.18500569462776184,0.17305991053581238,1.0,,,0.003298840019851923
UCE,Monet_s2.0,up_blocks.3.attentions.1.transformer_blocks.0.attn2.to_v.weight,0.0009683600510470569,awq_a50,16,0.21736221201717854,0.3209342062473297,0.06967366486787796,0.11426041275262833,0.9999997466802597,,,0.003298840019851923
UCE,Monet_s2.0,up_blocks.3.attentions.2.transformer_blocks.0.attn2.to_k.weight,0.002520286478102207,w_only_int8,0,0.25037434697151184,1.0,0.0,,,0.9985457062721252,0.9766213297843933,
UCE,Monet_s2.0,up_blocks.3.attentions.2.transformer_blocks.0.attn2.to_k.weight,0.002520286478102207,smoothquant_a50,1,0.2634480893611908,0.9578789472579956,0.44054362177848816,0.27435097098350525,1.0,,,0.004261637572199106
UCE,Monet_s2.0,up_blocks.3.attentions.2.transformer_blocks.0.attn2.to_k.weight,0.002520286478102207,smoothquant_a50,4,0.2639678940176964,0.679076611995697,0.22303873300552368,0.1944427490234375,1.0,,,0.004261637572199106
UCE,Monet_s2.0,up_blocks.3.attentions.2.transformer_blocks.0.attn2.to_k.weight,0.002520286478102207,smoothquant_a50,16,0.26354650035500526,0.37270796298980713,0.14387206733226776,0.13142862915992737,1.0,,,0.004261637572199106
UCE,Monet_s2.0,up_blocks.3.attentions.2.transformer_blocks.0.attn2.to_k.weight,0.002520286478102207,smoothquant_a75,1,0.3564209043979645,1.427914023399353,0.9570149779319763,0.3754267394542694,1.0,,,0.004261637572199106
UCE,Monet_s2.0,up_blocks.3.attentions.2.transformer_blocks.0.attn2.to_k.weight,0.002520286478102207,smoothquant_a75,4,0.3560282438993454,1.0708801746368408,0.5492798089981079,0.2774498462677002,1.0,,,0.004261637572199106
UCE,Monet_s2.0,up_blocks.3.attentions.2.transformer_blocks.0.attn2.to_k.weight,0.002520286478102207,smoothquant_a75,16,0.3549125697463751,0.6171809434890747,0.30192869901657104,0.19474942982196808,1.0,,,0.004261637572199106
UCE,Monet_s2.0,up_blocks.3.attentions.2.transformer_blocks.0.attn2.to_k.weight,0.002520286478102207,smoothquant_a85,1,0.4001302123069763,1.7106645107269287,0.9801473021507263,0.4236072301864624,1.0,,,0.004261637572199106
UCE,Monet_s2.0,up_blocks.3.attentions.2.transformer_blocks.0.attn2.to_k.weight,0.002520286478102207,smoothquant_a85,4,0.4001098647713661,1.2952059507369995,0.6581339240074158,0.31701067090034485,1.0,,,0.004261637572199106
UCE,Monet_s2.0,up_blocks.3.attentions.2.transformer_blocks.0.attn2.to_k.weight,0.002520286478102207,smoothquant_a85,16,0.3988805115222931,0.7678771615028381,0.3923380672931671,0.22789029777050018,1.0,,,0.004261637572199106
UCE,Monet_s2.0,up_blocks.3.attentions.2.transformer_blocks.0.attn2.to_k.weight,0.002520286478102207,awq_a50,1,0.3353922665119171,1.4425523281097412,0.972900390625,0.3672603964805603,1.0,,,0.004261637572199106
UCE,Monet_s2.0,up_blocks.3.attentions.2.transformer_blocks.0.attn2.to_k.weight,0.002520286478102207,awq_a50,4,0.3353220671415329,1.076523780822754,0.5514729619026184,0.2697281837463379,0.9999969601631165,,,0.004261637572199106
UCE,Monet_s2.0,up_blocks.3.attentions.2.transformer_blocks.0.attn2.to_k.weight,0.002520286478102207,awq_a50,16,0.33476028591394424,0.6288442611694336,0.30952149629592896,0.19566233456134796,0.9999997466802597,,,0.004261637572199106
UCE,Monet_s2.0,up_blocks.3.attentions.2.transformer_blocks.0.attn2.to_v.weight,0.000893487420398742,w_only_int8,0,0.22075602412223816,1.0,0.0,,,0.9996085166931152,0.9793360829353333,
UCE,Monet_s2.0,up_blocks.3.attentions.2.transformer_blocks.0.attn2.to_v.weight,0.000893487420398742,smoothquant_a50,1,0.1882731169462204,0.8928346633911133,0.3104614317417145,0.23072679340839386,1.0,,,0.0035682700108736753
UCE,Monet_s2.0,up_blocks.3.attentions.2.transformer_blocks.0.attn2.to_v.weight,0.000893487420398742,smoothquant_a50,4,0.1882425956428051,0.5041471123695374,0.06027831882238388,0.14150051772594452,1.0,,,0.0035682700108736753
UCE,Monet_s2.0,up_blocks.3.attentions.2.transformer_blocks.0.attn2.to_v.weight,0.000893487420398742,smoothquant_a50,16,0.1881411224603653,0.2534761428833008,0.01906331442296505,0.08889730274677277,1.0,,,0.0035682700108736753
UCE,Monet_s2.0,up_blocks.3.attentions.2.transformer_blocks.0.attn2.to_v.weight,0.000893487420398742,smoothquant_a75,1,0.21356607973575592,1.0838956832885742,0.6593465209007263,0.2776951491832733,1.0,,,0.0035682700108736753
UCE,Monet_s2.0,up_blocks.3.attentions.2.transformer_blocks.0.attn2.to_v.weight,0.000893487420398742,smoothquant_a75,4,0.21338500827550888,0.6535882353782654,0.19398193061351776,0.17982715368270874,1.0,,,0.0035682700108736753
UCE,Monet_s2.0,up_blocks.3.attentions.2.transformer_blocks.0.attn2.to_v.weight,0.000893487420398742,smoothquant_a75,16,0.21304753422737122,0.3475468158721924,0.07151692360639572,0.12042474001646042,1.0,,,0.0035682700108736753
UCE,Monet_s2.0,up_blocks.3.attentions.2.transformer_blocks.0.attn2.to_v.weight,0.000893487420398742,smoothquant_a85,1,0.2307535856962204,1.2379869222640991,0.7886637449264526,0.3065269887447357,1.0,,,0.0035682700108736753
UCE,Monet_s2.0,up_blocks.3.attentions.2.transformer_blocks.0.attn2.to_v.weight,0.000893487420398742,smoothquant_a85,4,0.23023681715130806,0.7500155568122864,0.3035929501056671,0.20365045964717865,1.0,,,0.0035682700108736753
UCE,Monet_s2.0,up_blocks.3.attentions.2.transformer_blocks.0.attn2.to_v.weight,0.000893487420398742,smoothquant_a85,16,0.23009007703512907,0.4053937494754791,0.13074544072151184,0.1395224630832672,1.0,,,0.0035682700108736753
UCE,Monet_s2.0,up_blocks.3.attentions.2.transformer_blocks.0.attn2.to_v.weight,0.000893487420398742,awq_a50,1,0.23503418266773224,1.0860658884048462,0.7389811277389526,0.289483904838562,1.0,,,0.0035682700108736753
UCE,Monet_s2.0,up_blocks.3.attentions.2.transformer_blocks.0.attn2.to_v.weight,0.000893487420398742,awq_a50,4,0.23469848558306694,0.6844109892845154,0.21525879204273224,0.190897598862648,1.0,,,0.0035682700108736753
UCE,Monet_s2.0,up_blocks.3.attentions.2.transformer_blocks.0.attn2.to_v.weight,0.000893487420398742,awq_a50,16,0.23424428422003984,0.3568843603134155,0.09860839694738388,0.1325664073228836,0.9999992400407791,,,0.0035682700108736753
UCE,Monet_s2.0,mid_block.attentions.0.transformer_blocks.0.attn2.to_k.weight,0.0021609989926218987,w_only_int8,0,0.18955586850643158,1.0,0.0,,,0.999476969242096,0.9877218008041382,
UCE,Monet_s2.0,mid_block.attentions.0.transformer_blocks.0.attn2.to_k.weight,0.0021609989926218987,smoothquant_a50,1,0.1906178742647171,1.038390874862671,0.6181671023368835,0.22914759814739227,1.0,,,0.0028587456326931715
UCE,Monet_s2.0,mid_block.attentions.0.transformer_blocks.0.attn2.to_k.weight,0.0021609989926218987,smoothquant_a50,4,0.19033635035157204,0.5933325886726379,0.11879069358110428,0.13849812746047974,1.0,,,0.0028587456326931715
UCE,Monet_s2.0,mid_block.attentions.0.transformer_blocks.0.attn2.to_k.weight,0.0021609989926218987,smoothquant_a50,16,0.18996054027229548,0.2825924754142761,0.02877909317612648,0.08290522545576096,1.0,,,0.0028587456326931715
UCE,Monet_s2.0,mid_block.attentions.0.transformer_blocks.0.attn2.to_k.weight,0.0021609989926218987,smoothquant_a75,1,0.20923055708408356,1.1390949487686157,0.7732136845588684,0.2564958930015564,1.0,,,0.0028587456326931715
UCE,Monet_s2.0,mid_block.attentions.0.transformer_blocks.0.attn2.to_k.weight,0.0021609989926218987,smoothquant_a75,4,0.20948155596852303,0.6916185021400452,0.24689026176929474,0.16373668611049652,1.0,,,0.0028587456326931715
UCE,Monet_s2.0,mid_block.attentions.0.transformer_blocks.0.attn2.to_k.weight,0.0021609989926218987,smoothquant_a75,16,0.20871493127197027,0.3169849216938019,0.06158345565199852,0.09399362653493881,1.0,,,0.0028587456326931715
UCE,Monet_s2.0,mid_block.attentions.0.transformer_blocks.0.attn2.to_k.weight,0.0021609989926218987,smoothquant_a85,1,0.2221171110868454,1.2239928245544434,0.8313191533088684,0.27519986033439636,1.0,,,0.0028587456326931715
UCE,Monet_s2.0,mid_block.attentions.0.transformer_blocks.0.attn2.to_k.weight,0.0021609989926218987,smoothquant_a85,4,0.22198588401079178,0.7656568288803101,0.3241994082927704,0.18133006989955902,1.0,,,0.0028587456326931715
UCE,Monet_s2.0,mid_block.attentions.0.transformer_blocks.0.attn2.to_k.weight,0.0021609989926218987,smoothquant_a85,16,0.22060063760727644,0.3473793864250183,0.08907674252986908,0.10364306718111038,1.0,,,0.0028587456326931715
UCE,Monet_s2.0,mid_block.attentions.0.transformer_blocks.0.attn2.to_k.weight,0.0021609989926218987,awq_a50,1,0.19914144277572632,1.056841254234314,0.7038462162017822,0.24120953679084778,1.0,,,0.0028587456326931715
UCE,Monet_s2.0,mid_block.attentions.0.transformer_blocks.0.attn2.to_k.weight,0.0021609989926218987,awq_a50,4,0.19904276728630066,0.6430457234382629,0.18386027216911316,0.15176163613796234,0.9999997466802597,,,0.0028587456326931715
UCE,Monet_s2.0,mid_block.attentions.0.transformer_blocks.0.attn2.to_k.weight,0.0021609989926218987,awq_a50,16,0.1988297151401639,0.2994939088821411,0.04707438126206398,0.08950021862983704,0.9999994933605194,,,0.0028587456326931715
UCE,Monet_s2.0,mid_block.attentions.0.transformer_blocks.0.attn2.to_v.weight,0.0018940101144835353,w_only_int8,0,0.20474447309970856,1.0,0.0,,,0.9993637800216675,0.986470103263855,
UCE,Monet_s2.0,mid_block.attentions.0.transformer_blocks.0.attn2.to_v.weight,0.0018940101144835353,smoothquant_a50,1,0.19659423828125,1.016014814376831,0.5512024164199829,0.23848603665828705,1.0,,,0.002990028355270624
UCE,Monet_s2.0,mid_block.attentions.0.transformer_blocks.0.attn2.to_v.weight,0.0018940101144835353,smoothquant_a50,4,0.19662374258041382,0.5629507899284363,0.09396056830883026,0.1406264305114746,1.0,,,0.002990028355270624
UCE,Monet_s2.0,mid_block.attentions.0.transformer_blocks.0.attn2.to_v.weight,0.0018940101144835353,smoothquant_a50,16,0.19663327652961016,0.27428576350212097,0.02977396734058857,0.08573078364133835,1.0,,,0.002990028355270624
UCE,Monet_s2.0,mid_block.attentions.0.transformer_blocks.0.attn2.to_v.weight,0.0018940101144835353,smoothquant_a75,1,0.20118306577205658,1.0535176992416382,0.6435577273368835,0.2490503191947937,1.0,,,0.002990028355270624
UCE,Monet_s2.0,mid_block.attentions.0.transformer_blocks.0.attn2.to_v.weight,0.0018940101144835353,smoothquant_a75,4,0.20083491504192352,0.5847451090812683,0.13174234330654144,0.14763562381267548,1.0,,,0.002990028355270624
UCE,Monet_s2.0,mid_block.attentions.0.transformer_blocks.0.attn2.to_v.weight,0.0018940101144835353,smoothquant_a75,16,0.20075105037540197,0.2874572277069092,0.04555969312787056,0.08987803012132645,1.0,,,0.002990028355270624
UCE,Monet_s2.0,mid_block.attentions.0.transformer_blocks.0.attn2.to_v.weight,0.0018940101144835353,smoothquant_a85,1,0.20303751528263092,1.07649827003479,0.6843922734260559,0.25509175658226013,1.0,,,0.002990028355270624
UCE,Monet_s2.0,mid_block.attentions.0.transformer_blocks.0.attn2.to_v.weight,0.0018940101144835353,smoothquant_a85,4,0.2030789703130722,0.5969811081886292,0.15150858461856842,0.15173879265785217,1.0,,,0.002990028355270624
UCE,Monet_s2.0,mid_block.attentions.0.transformer_blocks.0.attn2.to_v.weight,0.0018940101144835353,smoothquant_a85,16,0.2028258005157113,0.29555341601371765,0.05505676195025444,0.09287258982658386,1.0,,,0.002990028355270624
UCE,Monet_s2.0,mid_block.attentions.0.transformer_blocks.0.attn2.to_v.weight,0.0018940101144835353,awq_a50,1,0.19870401918888092,1.0119980573654175,0.5609680414199829,0.2360396385192871,1.0,,,0.002990028355270624
UCE,Monet_s2.0,mid_block.attentions.0.transformer_blocks.0.attn2.to_v.weight,0.0018940101144835353,awq_a50,4,0.19892526790499687,0.5479554533958435,0.04868469387292862,0.13626061379909515,1.0,,,0.002990028355270624
UCE,Monet_s2.0,mid_block.attentions.0.transformer_blocks.0.attn2.to_v.weight,0.0018940101144835353,awq_a50,16,0.19899018481373787,0.26732179522514343,0.009975179098546505,0.08261704444885254,0.9999997466802597,,,0.002990028355270624
TIME,Monet_l0.1,down_blocks.0.attentions.0.transformer_blocks.0.attn2.to_k.weight,0.011199530214071274,w_only_int8,0,0.09312744438648224,1.0,0.0,,,0.9995653629302979,0.9991498589515686,
TIME,Monet_l0.1,down_blocks.0.attentions.0.transformer_blocks.0.attn2.to_k.weight,0.011199530214071274,smoothquant_a50,1,0.10511881858110428,1.0334268808364868,0.5881307125091553,0.07394968718290329,1.0,,,4.520560469245538e-05
TIME,Monet_l0.1,down_blocks.0.attentions.0.transformer_blocks.0.attn2.to_k.weight,0.011199530214071274,smoothquant_a50,4,0.10465393215417862,0.6410276889801025,0.17191162705421448,0.04645197093486786,1.0,,,4.520560469245538e-05
TIME,Monet_l0.1,down_blocks.0.attentions.0.transformer_blocks.0.attn2.to_k.weight,0.011199530214071274,smoothquant_a50,16,0.10434239776805043,0.31775712966918945,0.08477376401424408,0.02978115901350975,1.0,,,4.520560469245538e-05
TIME,Monet_l0.1,down_blocks.0.attentions.0.transformer_blocks.0.attn2.to_k.weight,0.011199530214071274,smoothquant_a75,1,0.13099771738052368,1.254578948020935,0.8298095464706421,0.0916316956281662,1.0,,,4.520560469245538e-05
TIME,Monet_l0.1,down_blocks.0.attentions.0.transformer_blocks.0.attn2.to_k.weight,0.011199530214071274,smoothquant_a75,4,0.13091938942670822,0.8068327903747559,0.35641682147979736,0.0608409121632576,1.0,,,4.520560469245538e-05
TIME,Monet_l0.1,down_blocks.0.attentions.0.transformer_blocks.0.attn2.to_k.weight,0.011199530214071274,smoothquant_a75,16,0.13056284561753273,0.41390857100486755,0.17093099653720856,0.0400531180202961,1.0,,,4.520560469245538e-05
TIME,Monet_l0.1,down_blocks.0.attentions.0.transformer_blocks.0.attn2.to_k.weight,0.011199530214071274,smoothquant_a85,1,0.14539794623851776,1.419501543045044,0.8859700560569763,0.10199481248855591,1.0,,,4.520560469245538e-05
TIME,Monet_l0.1,down_blocks.0.attentions.0.transformer_blocks.0.attn2.to_k.weight,0.011199530214071274,smoothquant_a85,4,0.14487406611442566,0.9124557375907898,0.4426635801792145,0.06904470175504684,1.0,,,4.520560469245538e-05
TIME,Monet_l0.1,down_blocks.0.attentions.0.transformer_blocks.0.attn2.to_k.weight,0.011199530214071274,smoothquant_a85,16,0.14473597332835197,0.47776687145233154,0.22299398481845856,0.046341001987457275,1.0,,,4.520560469245538e-05
TIME,Monet_l0.1,down_blocks.0.attentions.0.transformer_blocks.0.attn2.to_k.weight,0.011199530214071274,awq_a50,1,0.11103108525276184,1.108756422996521,0.7773519158363342,0.08058198541402817,1.0,,,4.520560469245538e-05
TIME,Monet_l0.1,down_blocks.0.attentions.0.transformer_blocks.0.attn2.to_k.weight,0.011199530214071274,awq_a50,4,0.11149902269244194,0.7200736403465271,0.2616983950138092,0.05171774700284004,1.0,,,4.520560469245538e-05
TIME,Monet_l0.1,down_blocks.0.attentions.0.transformer_blocks.0.attn2.to_k.weight,0.011199530214071274,awq_a50,16,0.11147282877936959,0.35850703716278076,0.12237955629825592,0.033063456416130066,0.9999997466802597,,,4.520560469245538e-05
TIME,Monet_l0.1,down_blocks.0.attentions.0.transformer_blocks.0.attn2.to_v.weight,0.004021738655865192,w_only_int8,0,0.08756103366613388,1.0,0.0,,,0.9997723698616028,0.9991655349731445,
TIME,Monet_l0.1,down_blocks.0.attentions.0.transformer_blocks.0.attn2.to_v.weight,0.004021738655865192,smoothquant_a50,1,0.08247477561235428,0.979656457901001,0.4466105103492737,0.0656864196062088,1.0,,,4.2186875361949205e-05
TIME,Monet_l0.1,down_blocks.0.attentions.0.transformer_blocks.0.attn2.to_v.weight,0.004021738655865192,smoothquant_a50,4,0.08262939564883709,0.5564602613449097,0.08545735478401184,0.03849903121590614,1.0,,,4.2186875361949205e-05
TIME,Monet_l0.1,down_blocks.0.attentions.0.transformer_blocks.0.attn2.to_v.weight,0.004021738655865192,smoothquant_a50,16,0.08269907673820853,0.27188998460769653,0.02869059331715107,0.023247569799423218,1.0,,,4.2186875361949205e-05
TIME,Monet_l0.1,down_blocks.0.attentions.0.transformer_blocks.0.attn2.to_v.weight,0.004021738655865192,smoothquant_a75,1,0.08845214545726776,1.0618031024932861,0.6377522945404053,0.07353287935256958,1.0,,,4.2186875361949205e-05
TIME,Monet_l0.1,down_blocks.0.attentions.0.transformer_blocks.0.attn2.to_v.weight,0.004021738655865192,smoothquant_a75,4,0.0883839912712574,0.6213377714157104,0.17387288808822632,0.04422686994075775,1.0,,,4.2186875361949205e-05
TIME,Monet_l0.1,down_blocks.0.attentions.0.transformer_blocks.0.attn2.to_v.weight,0.004021738655865192,smoothquant_a75,16,0.08851064089685678,0.3060154914855957,0.06463216245174408,0.026920758187770844,1.0,,,4.2186875361949205e-05
TIME,Monet_l0.1,down_blocks.0.attentions.0.transformer_blocks.0.attn2.to_v.weight,0.004021738655865192,smoothquant_a85,1,0.09320475161075592,1.1151573657989502,0.7210408449172974,0.07877755165100098,1.0,,,4.2186875361949205e-05
TIME,Monet_l0.1,down_blocks.0.attentions.0.transformer_blocks.0.attn2.to_v.weight,0.004021738655865192,smoothquant_a85,4,0.09299824945628643,0.6682090163230896,0.23016357421875,0.04831741377711296,1.0,,,4.2186875361949205e-05
TIME,Monet_l0.1,down_blocks.0.attentions.0.transformer_blocks.0.attn2.to_v.weight,0.004021738655865192,smoothquant_a85,16,0.09307174617424607,0.34348979592323303,0.09449055790901184,0.030331097543239594,1.0,,,4.2186875361949205e-05
TIME,Monet_l0.1,down_blocks.0.attentions.0.transformer_blocks.0.attn2.to_v.weight,0.004021738655865192,awq_a50,1,0.08709716796875,1.0342991352081299,0.642749011516571,0.07076451927423477,1.0,,,4.2186875361949205e-05
TIME,Monet_l0.1,down_blocks.0.attentions.0.transformer_blocks.0.attn2.to_v.weight,0.004021738655865192,awq_a50,4,0.08750711940228939,0.5988206267356873,0.12308349460363388,0.04190679267048836,1.0,,,4.2186875361949205e-05
TIME,Monet_l0.1,down_blocks.0.attentions.0.transformer_blocks.0.attn2.to_v.weight,0.004021738655865192,awq_a50,16,0.08752950001507998,0.2935011386871338,0.03983968123793602,0.025724299252033234,1.0,,,4.2186875361949205e-05
TIME,Monet_l0.1,down_blocks.0.attentions.1.transformer_blocks.0.attn2.to_k.weight,0.009976443834602833,w_only_int8,0,0.10037841647863388,1.0,0.0,,,0.9995810985565186,0.9989441633224487,
TIME,Monet_l0.1,down_blocks.0.attentions.1.transformer_blocks.0.attn2.to_k.weight,0.009976443834602833,smoothquant_a50,1,0.10706786811351776,1.0100480318069458,0.5173258185386658,0.07790578901767731,1.0,,,5.339467679732479e-05
TIME,Monet_l0.1,down_blocks.0.attentions.1.transformer_blocks.0.attn2.to_k.weight,0.009976443834602833,smoothquant_a50,4,0.10714925266802311,0.6791337728500366,0.19625243544578552,0.05261771380901337,1.0,,,5.339467679732479e-05
TIME,Monet_l0.1,down_blocks.0.attentions.1.transformer_blocks.0.attn2.to_k.weight,0.009976443834602833,smoothquant_a50,16,0.10668487520888448,0.3545301854610443,0.09578857570886612,0.034800197929143906,1.0,,,5.339467679732479e-05
TIME,Monet_l0.1,down_blocks.0.attentions.1.transformer_blocks.0.attn2.to_k.weight,0.009976443834602833,smoothquant_a75,1,0.14910075068473816,1.3865869045257568,0.9343912601470947,0.10989498347043991,1.0,,,5.339467679732479e-05
TIME,Monet_l0.1,down_blocks.0.attentions.1.transformer_blocks.0.attn2.to_k.weight,0.009976443834602833,smoothquant_a75,4,0.14881999045610428,0.9974362850189209,0.49822998046875,0.07796569913625717,1.0,,,5.339467679732479e-05
TIME,Monet_l0.1,down_blocks.0.attentions.1.transformer_blocks.0.attn2.to_k.weight,0.009976443834602833,smoothquant_a75,16,0.148357137106359,0.53227698802948,0.23968099057674408,0.053688738495111465,1.0,,,5.339467679732479e-05
TIME,Monet_l0.1,down_blocks.0.attentions.1.transformer_blocks.0.attn2.to_k.weight,0.009976443834602833,smoothquant_a85,1,0.17098388075828552,1.6346039772033691,0.9680338501930237,0.12739861011505127,1.0,,,5.339467679732479e-05
TIME,Monet_l0.1,down_blocks.0.attentions.1.transformer_blocks.0.attn2.to_k.weight,0.009976443834602833,smoothquant_a85,4,0.17128702625632286,1.1837437152862549,0.6054036617279053,0.09179273247718811,1.0,,,5.339467679732479e-05
TIME,Monet_l0.1,down_blocks.0.attentions.1.transformer_blocks.0.attn2.to_k.weight,0.009976443834602833,smoothquant_a85,16,0.17081400472670794,0.6533868312835693,0.32187092304229736,0.06471514701843262,1.0,,,5.339467679732479e-05
TIME,Monet_l0.1,down_blocks.0.attentions.1.transformer_blocks.0.attn2.to_k.weight,0.009976443834602833,awq_a50,1,0.13469645380973816,1.3838411569595337,0.9326212406158447,0.10035425424575806,1.0,,,5.339467679732479e-05
TIME,Monet_l0.1,down_blocks.0.attentions.1.transformer_blocks.0.attn2.to_k.weight,0.009976443834602833,awq_a50,4,0.13437805324792862,0.9613096714019775,0.47186279296875,0.07076573371887207,1.0,,,5.339467679732479e-05
TIME,Monet_l0.1,down_blocks.0.attentions.1.transformer_blocks.0.attn2.to_k.weight,0.009976443834602833,awq_a50,16,0.1339729307219386,0.530332088470459,0.2491862028837204,0.05019581690430641,0.9999997466802597,,,5.339467679732479e-05
TIME,Monet_l0.1,down_blocks.0.attentions.1.transformer_blocks.0.attn2.to_v.weight,0.0027939791325479746,w_only_int8,0,0.09547118842601776,1.0,0.0,,,1.000124454498291,0.998708963394165,
TIME,Monet_l0.1,down_blocks.0.attentions.1.transformer_blocks.0.attn2.to_v.weight,0.0027939791325479746,smoothquant_a50,1,0.08841145783662796,0.9856128692626953,0.47210693359375,0.06837500631809235,1.0,,,4.5736993342870846e-05
TIME,Monet_l0.1,down_blocks.0.attentions.1.transformer_blocks.0.attn2.to_v.weight,0.0027939791325479746,smoothquant_a50,4,0.08820698969066143,0.5526722073554993,0.1032511368393898,0.04094202071428299,1.0,,,4.5736993342870846e-05
TIME,Monet_l0.1,down_blocks.0.attentions.1.transformer_blocks.0.attn2.to_v.weight,0.0027939791325479746,smoothquant_a50,16,0.08812459232285619,0.2727578580379486,0.03338623046875,0.02498629316687584,1.0,,,4.5736993342870846e-05
TIME,Monet_l0.1,down_blocks.0.attentions.1.transformer_blocks.0.attn2.to_v.weight,0.0027939791325479746,smoothquant_a75,1,0.09875081479549408,1.108854055404663,0.7004557251930237,0.08318255841732025,1.0,,,4.5736993342870846e-05
TIME,Monet_l0.1,down_blocks.0.attentions.1.transformer_blocks.0.attn2.to_v.weight,0.0027939791325479746,smoothquant_a75,4,0.09907124936580658,0.6872944235801697,0.24279378354549408,0.052802812308073044,1.0,,,4.5736993342870846e-05
TIME,Monet_l0.1,down_blocks.0.attentions.1.transformer_blocks.0.attn2.to_v.weight,0.0027939791325479746,smoothquant_a75,16,0.09894714411348104,0.35943904519081116,0.10358479619026184,0.03475518152117729,1.0,,,4.5736993342870846e-05
TIME,Monet_l0.1,down_blocks.0.attentions.1.transformer_blocks.0.attn2.to_v.weight,0.0027939791325479746,smoothquant_a85,1,0.10891927033662796,1.2423148155212402,0.8131510615348816,0.09321997314691544,1.0,,,4.5736993342870846e-05
TIME,Monet_l0.1,down_blocks.0.attentions.1.transformer_blocks.0.attn2.to_v.weight,0.0027939791325479746,smoothquant_a85,4,0.10897115059196949,0.7995458841323853,0.3472941219806671,0.06118229404091835,1.0,,,4.5736993342870846e-05
TIME,Monet_l0.1,down_blocks.0.attentions.1.transformer_blocks.0.attn2.to_v.weight,0.0027939791325479746,smoothquant_a85,16,0.1088152565062046,0.4253864884376526,0.16275228559970856,0.04123822972178459,1.0,,,4.5736993342870846e-05
TIME,Monet_l0.1,down_blocks.0.attentions.1.transformer_blocks.0.attn2.to_v.weight,0.0027939791325479746,awq_a50,1,0.10068359225988388,1.0588831901550293,0.701855480670929,0.08088639378547668,1.0,,,4.5736993342870846e-05
TIME,Monet_l0.1,down_blocks.0.attentions.1.transformer_blocks.0.attn2.to_v.weight,0.0027939791325479746,awq_a50,4,0.10061441920697689,0.6529262661933899,0.1762898713350296,0.051499515771865845,1.0,,,4.5736993342870846e-05
TIME,Monet_l0.1,down_blocks.0.attentions.1.transformer_blocks.0.attn2.to_v.weight,0.0027939791325479746,awq_a50,16,0.10037740040570498,0.3205111622810364,0.06599528342485428,0.0339442677795887,1.0,,,4.5736993342870846e-05
TIME,Monet_l0.1,down_blocks.1.attentions.0.transformer_blocks.0.attn2.to_k.weight,0.011763599701225758,w_only_int8,0,0.07736612856388092,1.0,0.0,,,0.9998128414154053,0.9993098378181458,
TIME,Monet_l0.1,down_blocks.1.attentions.0.transformer_blocks.0.attn2.to_k.weight,0.011763599701225758,smoothquant_a50,1,0.08156128227710724,1.02181077003479,0.5655619502067566,0.06395341455936432,1.0,,,4.8664816858945414e-05
TIME,Monet_l0.1,down_blocks.1.attentions.0.transformer_blocks.0.attn2.to_k.weight,0.011763599701225758,smoothquant_a50,4,0.08142293244600296,0.5918721556663513,0.12605184316635132,0.038087498396635056,1.0,,,4.8664816858945414e-05
TIME,Monet_l0.1,down_blocks.1.attentions.0.transformer_blocks.0.attn2.to_k.weight,0.011763599701225758,smoothquant_a50,16,0.08141530258581042,0.28109732270240784,0.04560750350356102,0.022732442244887352,1.0,,,4.8664816858945414e-05
TIME,Monet_l0.1,down_blocks.1.attentions.0.transformer_blocks.0.attn2.to_k.weight,0.011763599701225758,smoothquant_a75,1,0.09297485649585724,1.1257797479629517,0.7499837279319763,0.07363064587116241,1.0,,,4.8664816858945414e-05
TIME,Monet_l0.1,down_blocks.1.attentions.0.transformer_blocks.0.attn2.to_k.weight,0.011763599701225758,smoothquant_a75,4,0.09310913272202015,0.6875406503677368,0.241302490234375,0.04617256298661232,1.0,,,4.8664816858945414e-05
TIME,Monet_l0.1,down_blocks.1.attentions.0.transformer_blocks.0.attn2.to_k.weight,0.011763599701225758,smoothquant_a75,16,0.09263852518051863,0.32254165410995483,0.07917683571577072,0.027252087369561195,1.0,,,4.8664816858945414e-05
TIME,Monet_l0.1,down_blocks.1.attentions.0.transformer_blocks.0.attn2.to_k.weight,0.011763599701225758,smoothquant_a85,1,0.0989583358168602,1.2090075016021729,0.815386950969696,0.07972940802574158,1.0,,,4.8664816858945414e-05
TIME,Monet_l0.1,down_blocks.1.attentions.0.transformer_blocks.0.attn2.to_k.weight,0.011763599701225758,smoothquant_a85,4,0.09930725023150444,0.752985954284668,0.3105367124080658,0.051142618060112,1.0,,,4.8664816858945414e-05
TIME,Monet_l0.1,down_blocks.1.attentions.0.transformer_blocks.0.attn2.to_k.weight,0.011763599701225758,smoothquant_a85,16,0.09877217561006546,0.3550160527229309,0.10611572116613388,0.03060658648610115,1.0,,,4.8664816858945414e-05
TIME,Monet_l0.1,down_blocks.1.attentions.0.transformer_blocks.0.attn2.to_k.weight,0.011763599701225758,awq_a50,1,0.0830179825425148,1.0461970567703247,0.678631603717804,0.06616491824388504,1.0,,,4.8664816858945414e-05
TIME,Monet_l0.1,down_blocks.1.attentions.0.transformer_blocks.0.attn2.to_k.weight,0.011763599701225758,awq_a50,4,0.08307342417538166,0.624534010887146,0.15286865830421448,0.03983530029654503,1.0,,,4.8664816858945414e-05
TIME,Monet_l0.1,down_blocks.1.attentions.0.transformer_blocks.0.attn2.to_k.weight,0.011763599701225758,awq_a50,16,0.08294499712064862,0.29267725348472595,0.0500284843146801,0.023472564294934273,0.9999998733401299,,,4.8664816858945414e-05
TIME,Monet_l0.1,down_blocks.1.attentions.0.transformer_blocks.0.attn2.to_v.weight,0.004153407644480467,w_only_int8,0,0.09357503056526184,1.0,0.0,,,0.9998168349266052,0.9991729855537415,
TIME,Monet_l0.1,down_blocks.1.attentions.0.transformer_blocks.0.attn2.to_v.weight,0.004153407644480467,smoothquant_a50,1,0.0876261368393898,0.9813985228538513,0.44924113154411316,0.06755997985601425,1.0,,,4.82096838823054e-05
TIME,Monet_l0.1,down_blocks.1.attentions.0.transformer_blocks.0.attn2.to_v.weight,0.004153407644480467,smoothquant_a50,4,0.08806457370519638,0.5414122343063354,0.0638427734375,0.038670845329761505,1.0,,,4.82096838823054e-05
TIME,Monet_l0.1,down_blocks.1.attentions.0.transformer_blocks.0.attn2.to_v.weight,0.004153407644480467,smoothquant_a50,16,0.0881537115201354,0.2606659233570099,0.01579793356359005,0.022776199504733086,1.0,,,4.82096838823054e-05
TIME,Monet_l0.1,down_blocks.1.attentions.0.transformer_blocks.0.attn2.to_v.weight,0.004153407644480467,smoothquant_a75,1,0.09152831882238388,1.0386439561843872,0.601104736328125,0.0723712295293808,1.0,,,4.82096838823054e-05
TIME,Monet_l0.1,down_blocks.1.attentions.0.transformer_blocks.0.attn2.to_v.weight,0.004153407644480467,smoothquant_a75,4,0.09129282645881176,0.5791652202606201,0.11709798127412796,0.04208652675151825,1.0,,,4.82096838823054e-05
TIME,Monet_l0.1,down_blocks.1.attentions.0.transformer_blocks.0.attn2.to_v.weight,0.004153407644480467,smoothquant_a75,16,0.09113413468003273,0.2880304455757141,0.0329793281853199,0.02521503157913685,1.0,,,4.82096838823054e-05
TIME,Monet_l0.1,down_blocks.1.attentions.0.transformer_blocks.0.attn2.to_v.weight,0.004153407644480467,smoothquant_a85,1,0.0928853377699852,1.0821473598480225,0.6867533326148987,0.0760364830493927,1.0,,,4.82096838823054e-05
TIME,Monet_l0.1,down_blocks.1.attentions.0.transformer_blocks.0.attn2.to_v.weight,0.004153407644480467,smoothquant_a85,4,0.09314168430864811,0.6239060759544373,0.17076009511947632,0.045411769300699234,1.0,,,4.82096838823054e-05
TIME,Monet_l0.1,down_blocks.1.attentions.0.transformer_blocks.0.attn2.to_v.weight,0.004153407644480467,smoothquant_a85,16,0.09306869516149163,0.3159450590610504,0.05511474609375,0.027773303911089897,1.0,,,4.82096838823054e-05
TIME,Monet_l0.1,down_blocks.1.attentions.0.transformer_blocks.0.attn2.to_v.weight,0.004153407644480467,awq_a50,1,0.09232991188764572,1.0178821086883545,0.5870584845542908,0.07030143588781357,1.0,,,4.82096838823054e-05
TIME,Monet_l0.1,down_blocks.1.attentions.0.transformer_blocks.0.attn2.to_v.weight,0.004153407644480467,awq_a50,4,0.09233398549258709,0.5701361298561096,0.068389892578125,0.0406353697180748,0.9999994933605194,,,4.82096838823054e-05
TIME,Monet_l0.1,down_blocks.1.attentions.0.transformer_blocks.0.attn2.to_v.weight,0.004153407644480467,awq_a50,16,0.09217898128554225,0.27296096086502075,0.015063476748764515,0.02397703006863594,0.9999986067414284,,,4.82096838823054e-05
TIME,Monet_l0.1,down_blocks.1.attentions.1.transformer_blocks.0.attn2.to_k.weight,0.01004922203719616,w_only_int8,0,0.08002522587776184,1.0,0.0,,,0.9996538162231445,0.9992831945419312,
TIME,Monet_l0.1,down_blocks.1.attentions.1.transformer_blocks.0.attn2.to_k.weight,0.01004922203719616,smoothquant_a50,1,0.08528849482536316,1.0793923139572144,0.6773824095726013,0.06963516771793365,1.0,,,4.516839544521645e-05
TIME,Monet_l0.1,down_blocks.1.attentions.1.transformer_blocks.0.attn2.to_k.weight,0.01004922203719616,smoothquant_a50,4,0.08504537120461464,0.6699565649032593,0.20737101137638092,0.04392771050333977,1.0,,,4.516839544521645e-05
TIME,Monet_l0.1,down_blocks.1.attentions.1.transformer_blocks.0.attn2.to_k.weight,0.01004922203719616,smoothquant_a50,16,0.08498179167509079,0.32064008712768555,0.06673380732536316,0.026851432397961617,1.0,,,4.516839544521645e-05
TIME,Monet_l0.1,down_blocks.1.attentions.1.transformer_blocks.0.attn2.to_k.weight,0.01004922203719616,smoothquant_a75,1,0.107330322265625,1.3493317365646362,0.8679443597793579,0.0872800424695015,1.0,,,4.516839544521645e-05
TIME,Monet_l0.1,down_blocks.1.attentions.1.transformer_blocks.0.attn2.to_k.weight,0.01004922203719616,smoothquant_a75,4,0.10716959834098816,0.8672686815261841,0.409637451171875,0.05838615074753761,1.0,,,4.516839544521645e-05
TIME,Monet_l0.1,down_blocks.1.attentions.1.transformer_blocks.0.attn2.to_k.weight,0.01004922203719616,smoothquant_a75,16,0.10688845440745354,0.41498488187789917,0.15356241166591644,0.036248985677957535,1.0,,,4.516839544521645e-05
TIME,Monet_l0.1,down_blocks.1.attentions.1.transformer_blocks.0.attn2.to_k.weight,0.01004922203719616,smoothquant_a85,1,0.11919962614774704,1.5321338176727295,0.9114481806755066,0.09751173108816147,1.0,,,4.516839544521645e-05
TIME,Monet_l0.1,down_blocks.1.attentions.1.transformer_blocks.0.attn2.to_k.weight,0.01004922203719616,smoothquant_a85,4,0.11899210698902607,0.9817600250244141,0.4889668822288513,0.06649035215377808,1.0,,,4.516839544521645e-05
TIME,Monet_l0.1,down_blocks.1.attentions.1.transformer_blocks.0.attn2.to_k.weight,0.01004922203719616,smoothquant_a85,16,0.11844380712136626,0.4778890609741211,0.20401611924171448,0.04197050258517265,1.0,,,4.516839544521645e-05
TIME,Monet_l0.1,down_blocks.1.attentions.1.transformer_blocks.0.attn2.to_k.weight,0.01004922203719616,awq_a50,1,0.09333699196577072,1.1644442081451416,0.8212300539016724,0.07610391080379486,1.0,,,4.516839544521645e-05
TIME,Monet_l0.1,down_blocks.1.attentions.1.transformer_blocks.0.attn2.to_k.weight,0.01004922203719616,awq_a50,4,0.09336547926068306,0.7631142139434814,0.309539794921875,0.049619439989328384,1.0,,,4.516839544521645e-05
TIME,Monet_l0.1,down_blocks.1.attentions.1.transformer_blocks.0.attn2.to_k.weight,0.01004922203719616,awq_a50,16,0.09328219015151262,0.36802682280540466,0.11754557490348816,0.030918244272470474,1.0,,,4.516839544521645e-05
TIME,Monet_l0.1,down_blocks.1.attentions.1.transformer_blocks.0.attn2.to_v.weight,0.0034126087557524443,w_only_int8,0,0.0886026993393898,1.0,0.0,,,0.9997490644454956,0.9990264773368835,
TIME,Monet_l0.1,down_blocks.1.attentions.1.transformer_blocks.0.attn2.to_v.weight,0.0034126087557524443,smoothquant_a50,1,0.08105672150850296,0.9534518718719482,0.404327392578125,0.06751898676156998,1.0,,,4.8800124204717577e-05
TIME,Monet_l0.1,down_blocks.1.attentions.1.transformer_blocks.0.attn2.to_v.weight,0.0034126087557524443,smoothquant_a50,4,0.08065490797162056,0.5319646596908569,0.07403564453125,0.03931437432765961,1.0,,,4.8800124204717577e-05
TIME,Monet_l0.1,down_blocks.1.attentions.1.transformer_blocks.0.attn2.to_v.weight,0.0034126087557524443,smoothquant_a50,16,0.0806527454406023,0.26149624586105347,0.01919962652027607,0.023538382723927498,1.0,,,4.8800124204717577e-05
TIME,Monet_l0.1,down_blocks.1.attentions.1.transformer_blocks.0.attn2.to_v.weight,0.0034126087557524443,smoothquant_a75,1,0.0844014510512352,1.0367916822433472,0.5794677734375,0.0751187726855278,1.0,,,4.8800124204717577e-05
TIME,Monet_l0.1,down_blocks.1.attentions.1.transformer_blocks.0.attn2.to_v.weight,0.0034126087557524443,smoothquant_a75,4,0.08459879830479622,0.6016749739646912,0.1464131623506546,0.04506722465157509,1.0,,,4.8800124204717577e-05
TIME,Monet_l0.1,down_blocks.1.attentions.1.transformer_blocks.0.attn2.to_v.weight,0.0034126087557524443,smoothquant_a75,16,0.08447367371991277,0.3018483817577362,0.04635213315486908,0.027464929968118668,1.0,,,4.8800124204717577e-05
TIME,Monet_l0.1,down_blocks.1.attentions.1.transformer_blocks.0.attn2.to_v.weight,0.0034126087557524443,smoothquant_a85,1,0.0886332169175148,1.0955027341842651,0.6817342042922974,0.08060694485902786,1.0,,,4.8800124204717577e-05
TIME,Monet_l0.1,down_blocks.1.attentions.1.transformer_blocks.0.attn2.to_v.weight,0.0034126087557524443,smoothquant_a85,4,0.08875681646168232,0.6544297337532043,0.20623983442783356,0.0493771955370903,1.0,,,4.8800124204717577e-05
TIME,Monet_l0.1,down_blocks.1.attentions.1.transformer_blocks.0.attn2.to_v.weight,0.0034126087557524443,smoothquant_a85,16,0.08862546319141984,0.33460548520088196,0.0748189315199852,0.030694449320435524,1.0,,,4.8800124204717577e-05
TIME,Monet_l0.1,down_blocks.1.attentions.1.transformer_blocks.0.attn2.to_v.weight,0.0034126087557524443,awq_a50,1,0.08717244118452072,1.0204347372055054,0.594696044921875,0.0738435760140419,1.0,,,4.8800124204717577e-05
TIME,Monet_l0.1,down_blocks.1.attentions.1.transformer_blocks.0.attn2.to_v.weight,0.0034126087557524443,awq_a50,4,0.08765716291964054,0.583996593952179,0.08747965842485428,0.043639034032821655,1.0,,,4.8800124204717577e-05
TIME,Monet_l0.1,down_blocks.1.attentions.1.transformer_blocks.0.attn2.to_v.weight,0.0034126087557524443,awq_a50,16,0.08752962714061141,0.28212690353393555,0.02538045309484005,0.02671729028224945,1.0,,,4.8800124204717577e-05
TIME,Monet_l0.1,down_blocks.2.attentions.0.transformer_blocks.0.attn2.to_k.weight,0.009018763899803162,w_only_int8,0,0.08189798891544342,1.0,0.0,,,0.9996907114982605,0.9993017315864563,
TIME,Monet_l0.1,down_blocks.2.attentions.0.transformer_blocks.0.attn2.to_k.weight,0.009018763899803162,smoothquant_a50,1,0.08117065578699112,1.0312684774398804,0.6049519777297974,0.06430971622467041,1.0,,,4.083046951564029e-05
TIME,Monet_l0.1,down_blocks.2.attentions.0.transformer_blocks.0.attn2.to_k.weight,0.009018763899803162,smoothquant_a50,4,0.08128153532743454,0.5826514959335327,0.10628052055835724,0.03733444586396217,1.0,,,4.083046951564029e-05
TIME,Monet_l0.1,down_blocks.2.attentions.0.transformer_blocks.0.attn2.to_k.weight,0.009018763899803162,smoothquant_a50,16,0.08123435964807868,0.2799060344696045,0.03099670447409153,0.022264724597334862,1.0,,,4.083046951564029e-05
TIME,Monet_l0.1,down_blocks.2.attentions.0.transformer_blocks.0.attn2.to_k.weight,0.009018763899803162,smoothquant_a75,1,0.08926595002412796,1.1174545288085938,0.7514485716819763,0.07205222547054291,1.0,,,4.083046951564029e-05
TIME,Monet_l0.1,down_blocks.2.attentions.0.transformer_blocks.0.attn2.to_k.weight,0.009018763899803162,smoothquant_a75,4,0.08947804570198059,0.6659644246101379,0.21786294877529144,0.0440298430621624,1.0,,,4.083046951564029e-05
TIME,Monet_l0.1,down_blocks.2.attentions.0.transformer_blocks.0.attn2.to_k.weight,0.009018763899803162,smoothquant_a75,16,0.08937250729650259,0.31615138053894043,0.06174926832318306,0.025770973414182663,1.0,,,4.083046951564029e-05
TIME,Monet_l0.1,down_blocks.2.attentions.0.transformer_blocks.0.attn2.to_k.weight,0.009018763899803162,smoothquant_a85,1,0.09428507834672928,1.1938482522964478,0.8135894536972046,0.07810839265584946,1.0,,,4.083046951564029e-05
TIME,Monet_l0.1,down_blocks.2.attentions.0.transformer_blocks.0.attn2.to_k.weight,0.009018763899803162,smoothquant_a85,4,0.09456278569996357,0.7362092137336731,0.29348957538604736,0.04933556169271469,1.0,,,4.083046951564029e-05
TIME,Monet_l0.1,down_blocks.2.attentions.0.transformer_blocks.0.attn2.to_k.weight,0.009018763899803162,smoothquant_a85,16,0.09423440275713801,0.34824424982070923,0.08975016325712204,0.02893432043492794,1.0,,,4.083046951564029e-05
TIME,Monet_l0.1,down_blocks.2.attentions.0.transformer_blocks.0.attn2.to_k.weight,0.009018763899803162,awq_a50,1,0.08316243439912796,1.0425196886062622,0.6737640500068665,0.06620394438505173,1.0,,,4.083046951564029e-05
TIME,Monet_l0.1,down_blocks.2.attentions.0.transformer_blocks.0.attn2.to_k.weight,0.009018763899803162,awq_a50,4,0.08381550945341587,0.6163690686225891,0.14196065068244934,0.03970942273736,1.0,,,4.083046951564029e-05
TIME,Monet_l0.1,down_blocks.2.attentions.0.transformer_blocks.0.attn2.to_k.weight,0.009018763899803162,awq_a50,16,0.08372993348166347,0.28914910554885864,0.03518371656537056,0.023027431219816208,0.9999998733401299,,,4.083046951564029e-05
TIME,Monet_l0.1,down_blocks.2.attentions.0.transformer_blocks.0.attn2.to_v.weight,0.005903178360313177,w_only_int8,0,0.08317362517118454,1.0,0.0,,,0.9997305870056152,0.9992338418960571,
TIME,Monet_l0.1,down_blocks.2.attentions.0.transformer_blocks.0.attn2.to_v.weight,0.005903178360313177,smoothquant_a50,1,0.07768046110868454,0.9884019494056702,0.46546223759651184,0.06345738470554352,1.0,,,4.38814313383773e-05
TIME,Monet_l0.1,down_blocks.2.attentions.0.transformer_blocks.0.attn2.to_v.weight,0.005903178360313177,smoothquant_a50,4,0.07755406759679317,0.5392013192176819,0.06531371921300888,0.036011312156915665,1.0,,,4.38814313383773e-05
TIME,Monet_l0.1,down_blocks.2.attentions.0.transformer_blocks.0.attn2.to_v.weight,0.005903178360313177,smoothquant_a50,16,0.07767022447660565,0.2614686191082001,0.01678568497300148,0.021280743181705475,1.0,,,4.38814313383773e-05
TIME,Monet_l0.1,down_blocks.2.attentions.0.transformer_blocks.0.attn2.to_v.weight,0.005903178360313177,smoothquant_a75,1,0.0793050155043602,1.0326303243637085,0.5887685418128967,0.06709369271993637,1.0,,,4.38814313383773e-05
TIME,Monet_l0.1,down_blocks.2.attentions.0.transformer_blocks.0.attn2.to_v.weight,0.005903178360313177,smoothquant_a75,4,0.07944895327091217,0.5633142590522766,0.10187683254480362,0.03818429633975029,1.0,,,4.38814313383773e-05
TIME,Monet_l0.1,down_blocks.2.attentions.0.transformer_blocks.0.attn2.to_v.weight,0.005903178360313177,smoothquant_a75,16,0.07950528478249907,0.2743873596191406,0.02599487267434597,0.022247429937124252,1.0,,,4.38814313383773e-05
TIME,Monet_l0.1,down_blocks.2.attentions.0.transformer_blocks.0.attn2.to_v.weight,0.005903178360313177,smoothquant_a85,1,0.07991740107536316,1.0607352256774902,0.6490844488143921,0.06930858641862869,1.0,,,4.38814313383773e-05
TIME,Monet_l0.1,down_blocks.2.attentions.0.transformer_blocks.0.attn2.to_v.weight,0.005903178360313177,smoothquant_a85,4,0.08034235797822475,0.5830649733543396,0.12801004946231842,0.03975946083664894,1.0,,,4.38814313383773e-05
TIME,Monet_l0.1,down_blocks.2.attentions.0.transformer_blocks.0.attn2.to_v.weight,0.005903178360313177,smoothquant_a85,16,0.08036708878353238,0.28437891602516174,0.03444010391831398,0.02318938821554184,1.0,,,4.38814313383773e-05
TIME,Monet_l0.1,down_blocks.2.attentions.0.transformer_blocks.0.attn2.to_v.weight,0.005903178360313177,awq_a50,1,0.08020325005054474,1.0098011493682861,0.5481832027435303,0.06472823023796082,1.0,,,4.38814313383773e-05
TIME,Monet_l0.1,down_blocks.2.attentions.0.transformer_blocks.0.attn2.to_v.weight,0.005903178360313177,awq_a50,4,0.0803830474615097,0.55194091796875,0.0547434501349926,0.03656451031565666,1.0,,,4.38814313383773e-05
TIME,Monet_l0.1,down_blocks.2.attentions.0.transformer_blocks.0.attn2.to_v.weight,0.005903178360313177,awq_a50,16,0.08048203773796558,0.2665642499923706,0.011098225601017475,0.02160799689590931,1.0,,,4.38814313383773e-05
TIME,Monet_l0.1,down_blocks.2.attentions.1.transformer_blocks.0.attn2.to_k.weight,0.010018914937973022,w_only_int8,0,0.08054301142692566,1.0,0.0,,,0.9997779130935669,0.9992950558662415,
TIME,Monet_l0.1,down_blocks.2.attentions.1.transformer_blocks.0.attn2.to_k.weight,0.010018914937973022,smoothquant_a50,1,0.0785115584731102,1.0240137577056885,0.5797129273414612,0.06227686256170273,1.0,,,4.227658791933209e-05
TIME,Monet_l0.1,down_blocks.2.attentions.1.transformer_blocks.0.attn2.to_k.weight,0.010018914937973022,smoothquant_a50,4,0.07864481583237648,0.5671745538711548,0.08765767514705658,0.03573189675807953,1.0,,,4.227658791933209e-05
TIME,Monet_l0.1,down_blocks.2.attentions.1.transformer_blocks.0.attn2.to_k.weight,0.010018914937973022,smoothquant_a50,16,0.07873732224106789,0.2745201289653778,0.02351888082921505,0.021254580467939377,1.0,,,4.227658791933209e-05
TIME,Monet_l0.1,down_blocks.2.attentions.1.transformer_blocks.0.attn2.to_k.weight,0.010018914937973022,smoothquant_a75,1,0.08513183891773224,1.0819494724273682,0.7026448845863342,0.06796278804540634,1.0,,,4.227658791933209e-05
TIME,Monet_l0.1,down_blocks.2.attentions.1.transformer_blocks.0.attn2.to_k.weight,0.010018914937973022,smoothquant_a75,4,0.08520304411649704,0.6200922131538391,0.17111001908779144,0.04043697938323021,1.0,,,4.227658791933209e-05
TIME,Monet_l0.1,down_blocks.2.attentions.1.transformer_blocks.0.attn2.to_k.weight,0.010018914937973022,smoothquant_a75,16,0.08512248937040567,0.2934141755104065,0.04070841521024704,0.023101892322301865,1.0,,,4.227658791933209e-05
TIME,Monet_l0.1,down_blocks.2.attentions.1.transformer_blocks.0.attn2.to_k.weight,0.010018914937973022,smoothquant_a85,1,0.08887532353401184,1.131230354309082,0.7614166140556335,0.0725574940443039,1.0,,,4.227658791933209e-05
TIME,Monet_l0.1,down_blocks.2.attentions.1.transformer_blocks.0.attn2.to_k.weight,0.010018914937973022,smoothquant_a85,4,0.08875122107565403,0.6753813624382019,0.23311766982078552,0.04458235576748848,1.0,,,4.227658791933209e-05
TIME,Monet_l0.1,down_blocks.2.attentions.1.transformer_blocks.0.attn2.to_k.weight,0.010018914937973022,smoothquant_a85,16,0.08852736139670014,0.3141815960407257,0.05769551545381546,0.025092510506510735,1.0,,,4.227658791933209e-05
TIME,Monet_l0.1,down_blocks.2.attentions.1.transformer_blocks.0.attn2.to_k.weight,0.010018914937973022,awq_a50,1,0.0815887451171875,1.0326664447784424,0.6416890621185303,0.06442716717720032,1.0,,,4.227658791933209e-05
TIME,Monet_l0.1,down_blocks.2.attentions.1.transformer_blocks.0.attn2.to_k.weight,0.010018914937973022,awq_a50,4,0.0815556850284338,0.5990562438964844,0.12151183933019638,0.03814217448234558,1.0,,,4.227658791933209e-05
TIME,Monet_l0.1,down_blocks.2.attentions.1.transformer_blocks.0.attn2.to_k.weight,0.010018914937973022,awq_a50,16,0.08150698384270072,0.2824549674987793,0.026947021484375,0.02201974205672741,0.9999998733401299,,,4.227658791933209e-05
TIME,Monet_l0.1,down_blocks.2.attentions.1.transformer_blocks.0.attn2.to_v.weight,0.006148966494947672,w_only_int8,0,0.0881500244140625,1.0,0.0,,,0.9997915029525757,0.9992626309394836,
TIME,Monet_l0.1,down_blocks.2.attentions.1.transformer_blocks.0.attn2.to_v.weight,0.006148966494947672,smoothquant_a50,1,0.08218485862016678,0.997185230255127,0.4920969605445862,0.0635768249630928,1.0,,,4.2168187064817175e-05
TIME,Monet_l0.1,down_blocks.2.attentions.1.transformer_blocks.0.attn2.to_v.weight,0.006148966494947672,smoothquant_a50,4,0.08219960704445839,0.548024594783783,0.07788289338350296,0.03625503554940224,1.0,,,4.2168187064817175e-05
TIME,Monet_l0.1,down_blocks.2.attentions.1.transformer_blocks.0.attn2.to_v.weight,0.006148966494947672,smoothquant_a50,16,0.08220011414960027,0.2667006254196167,0.023193359375,0.021692749112844467,1.0,,,4.2168187064817175e-05
TIME,Monet_l0.1,down_blocks.2.attentions.1.transformer_blocks.0.attn2.to_v.weight,0.006148966494947672,smoothquant_a75,1,0.0839029923081398,1.0320401191711426,0.5869303345680237,0.06639480590820312,1.0,,,4.2168187064817175e-05
TIME,Monet_l0.1,down_blocks.2.attentions.1.transformer_blocks.0.attn2.to_v.weight,0.006148966494947672,smoothquant_a75,4,0.08357111550867558,0.561224639415741,0.10214843600988388,0.03772737830877304,1.0,,,4.2168187064817175e-05
TIME,Monet_l0.1,down_blocks.2.attentions.1.transformer_blocks.0.attn2.to_v.weight,0.006148966494947672,smoothquant_a75,16,0.08365306910127401,0.27531442046165466,0.03069559670984745,0.0223073847591877,1.0,,,4.2168187064817175e-05
TIME,Monet_l0.1,down_blocks.2.attentions.1.transformer_blocks.0.attn2.to_v.weight,0.006148966494947672,smoothquant_a85,1,0.08490702509880066,1.0526188611984253,0.6334767937660217,0.06805092096328735,1.0,,,4.2168187064817175e-05
TIME,Monet_l0.1,down_blocks.2.attentions.1.transformer_blocks.0.attn2.to_v.weight,0.006148966494947672,smoothquant_a85,4,0.08453470841050148,0.5744070410728455,0.12012328952550888,0.03885073959827423,1.0,,,4.2168187064817175e-05
TIME,Monet_l0.1,down_blocks.2.attentions.1.transformer_blocks.0.attn2.to_v.weight,0.006148966494947672,smoothquant_a85,16,0.08462136518210173,0.2844878137111664,0.03783874586224556,0.023119548335671425,1.0,,,4.2168187064817175e-05
TIME,Monet_l0.1,down_blocks.2.attentions.1.transformer_blocks.0.attn2.to_v.weight,0.006148966494947672,awq_a50,1,0.08466796576976776,1.0097565650939941,0.5492746829986572,0.06391412019729614,1.0,,,4.2168187064817175e-05
TIME,Monet_l0.1,down_blocks.2.attentions.1.transformer_blocks.0.attn2.to_v.weight,0.006148966494947672,awq_a50,4,0.08470993116497993,0.5488337874412537,0.04717305675148964,0.03593478351831436,0.9999992400407791,,,4.2168187064817175e-05
TIME,Monet_l0.1,down_blocks.2.attentions.1.transformer_blocks.0.attn2.to_v.weight,0.006148966494947672,awq_a50,16,0.08478546142578125,0.2664737403392792,0.009328206069767475,0.021387824788689613,0.9999994933605194,,,4.2168187064817175e-05
TIME,Monet_l0.1,up_blocks.1.attentions.0.transformer_blocks.0.attn2.to_k.weight,0.011102362535893917,w_only_int8,0,0.08119913935661316,1.0,0.0,,,0.9997966885566711,0.999342143535614,
TIME,Monet_l0.1,up_blocks.1.attentions.0.transformer_blocks.0.attn2.to_k.weight,0.011102362535893917,smoothquant_a50,1,0.07807108759880066,1.0116709470748901,0.5440419316291809,0.059927064925432205,1.0,,,4.126278145122342e-05
TIME,Monet_l0.1,up_blocks.1.attentions.0.transformer_blocks.0.attn2.to_k.weight,0.011102362535893917,smoothquant_a50,4,0.07787246629595757,0.5524799227714539,0.0708109512925148,0.034159231930971146,1.0,,,4.126278145122342e-05
TIME,Monet_l0.1,up_blocks.1.attentions.0.transformer_blocks.0.attn2.to_k.weight,0.011102362535893917,smoothquant_a50,16,0.07783559104427695,0.2661825716495514,0.01889648474752903,0.020226234570145607,1.0,,,4.126278145122342e-05
TIME,Monet_l0.1,up_blocks.1.attentions.0.transformer_blocks.0.attn2.to_k.weight,0.011102362535893917,smoothquant_a75,1,0.08293762058019638,1.0549736022949219,0.6531219482421875,0.06401634216308594,1.0,,,4.126278145122342e-05
TIME,Monet_l0.1,up_blocks.1.attentions.0.transformer_blocks.0.attn2.to_k.weight,0.011102362535893917,smoothquant_a75,4,0.08275680616497993,0.5843088626861572,0.12676188349723816,0.03729578107595444,1.0,,,4.126278145122342e-05
TIME,Monet_l0.1,up_blocks.1.attentions.0.transformer_blocks.0.attn2.to_k.weight,0.011102362535893917,smoothquant_a75,16,0.0826276782900095,0.2764796018600464,0.02751668356359005,0.021347029134631157,1.0,,,4.126278145122342e-05
TIME,Monet_l0.1,up_blocks.1.attentions.0.transformer_blocks.0.attn2.to_k.weight,0.011102362535893917,smoothquant_a85,1,0.08513590693473816,1.0881576538085938,0.706591784954071,0.06700510531663895,1.0,,,4.126278145122342e-05
TIME,Monet_l0.1,up_blocks.1.attentions.0.transformer_blocks.0.attn2.to_k.weight,0.011102362535893917,smoothquant_a85,4,0.08526535332202911,0.6176731586456299,0.1714223176240921,0.0399986207485199,1.0,,,4.126278145122342e-05
TIME,Monet_l0.1,up_blocks.1.attentions.0.transformer_blocks.0.attn2.to_k.weight,0.011102362535893917,smoothquant_a85,16,0.0848523466847837,0.290701687335968,0.03721415251493454,0.0227762833237648,1.0,,,4.126278145122342e-05
TIME,Monet_l0.1,up_blocks.1.attentions.0.transformer_blocks.0.attn2.to_k.weight,0.011102362535893917,awq_a50,1,0.07942606508731842,1.0181117057800293,0.5851094722747803,0.06081682816147804,1.0,,,4.126278145122342e-05
TIME,Monet_l0.1,up_blocks.1.attentions.0.transformer_blocks.0.attn2.to_k.weight,0.011102362535893917,awq_a50,4,0.07948608510196209,0.5694291591644287,0.0808766707777977,0.03526189178228378,1.0,,,4.126278145122342e-05
TIME,Monet_l0.1,up_blocks.1.attentions.0.transformer_blocks.0.attn2.to_k.weight,0.011102362535893917,awq_a50,16,0.07956384075805545,0.2710000276565552,0.01721394807100296,0.020562227815389633,0.9999996833503246,,,4.126278145122342e-05
TIME,Monet_l0.1,up_blocks.1.attentions.0.transformer_blocks.0.attn2.to_v.weight,0.007971672341227531,w_only_int8,0,0.08403320610523224,1.0,0.0,,,0.9997100830078125,0.9992927312850952,
TIME,Monet_l0.1,up_blocks.1.attentions.0.transformer_blocks.0.attn2.to_v.weight,0.007971672341227531,smoothquant_a50,1,0.07647908478975296,0.995104193687439,0.4842946231365204,0.06170167773962021,1.0,,,4.174192145001143e-05
TIME,Monet_l0.1,up_blocks.1.attentions.0.transformer_blocks.0.attn2.to_v.weight,0.007971672341227531,smoothquant_a50,4,0.07675882987678051,0.5404994487762451,0.06162821501493454,0.03487695753574371,1.0,,,4.174192145001143e-05
TIME,Monet_l0.1,up_blocks.1.attentions.0.transformer_blocks.0.attn2.to_v.weight,0.007971672341227531,smoothquant_a50,16,0.07674999162554741,0.2645952105522156,0.014728800393640995,0.02077476494014263,1.0,,,4.174192145001143e-05
TIME,Monet_l0.1,up_blocks.1.attentions.0.transformer_blocks.0.attn2.to_v.weight,0.007971672341227531,smoothquant_a75,1,0.07808024436235428,1.0249725580215454,0.5739156007766724,0.06363905221223831,1.0,,,4.174192145001143e-05
TIME,Monet_l0.1,up_blocks.1.attentions.0.transformer_blocks.0.attn2.to_v.weight,0.007971672341227531,smoothquant_a75,4,0.07836736179888248,0.5484172701835632,0.07801005244255066,0.03560831397771835,1.0,,,4.174192145001143e-05
TIME,Monet_l0.1,up_blocks.1.attentions.0.transformer_blocks.0.attn2.to_v.weight,0.007971672341227531,smoothquant_a75,16,0.07829361036419868,0.26904258131980896,0.01675618439912796,0.02081490121781826,1.0,,,4.174192145001143e-05
TIME,Monet_l0.1,up_blocks.1.attentions.0.transformer_blocks.0.attn2.to_v.weight,0.007971672341227531,smoothquant_a85,1,0.07877197116613388,1.0415080785751343,0.6141387820243835,0.0647873505949974,1.0,,,4.174192145001143e-05
TIME,Monet_l0.1,up_blocks.1.attentions.0.transformer_blocks.0.attn2.to_v.weight,0.007971672341227531,smoothquant_a85,4,0.0792391449213028,0.5550166368484497,0.0885772705078125,0.03616425767540932,1.0,,,4.174192145001143e-05
TIME,Monet_l0.1,up_blocks.1.attentions.0.transformer_blocks.0.attn2.to_v.weight,0.007971672341227531,smoothquant_a85,16,0.07925930013880134,0.2724755108356476,0.01916605606675148,0.02101886086165905,1.0,,,4.174192145001143e-05
TIME,Monet_l0.1,up_blocks.1.attentions.0.transformer_blocks.0.attn2.to_v.weight,0.007971672341227531,awq_a50,1,0.0811106339097023,1.0080972909927368,0.5414652228355408,0.06250936537981033,1.0,,,4.174192145001143e-05
TIME,Monet_l0.1,up_blocks.1.attentions.0.transformer_blocks.0.attn2.to_v.weight,0.007971672341227531,awq_a50,4,0.08114929124712944,0.5443992018699646,0.0426584891974926,0.03492454066872597,0.9999997466802597,,,4.174192145001143e-05
TIME,Monet_l0.1,up_blocks.1.attentions.0.transformer_blocks.0.attn2.to_v.weight,0.007971672341227531,awq_a50,16,0.08112544938921928,0.2670096158981323,0.008084106259047985,0.020867645740509033,0.9999996833503246,,,4.174192145001143e-05
TIME,Monet_l0.1,up_blocks.1.attentions.1.transformer_blocks.0.attn2.to_k.weight,0.011131145991384983,w_only_int8,0,0.08046875149011612,1.0,0.0,,,0.999778151512146,0.9992771148681641,
TIME,Monet_l0.1,up_blocks.1.attentions.1.transformer_blocks.0.attn2.to_k.weight,0.011131145991384983,smoothquant_a50,1,0.07905476540327072,1.014417290687561,0.5486724972724915,0.0630488321185112,1.0,,,4.327311035012826e-05
TIME,Monet_l0.1,up_blocks.1.attentions.1.transformer_blocks.0.attn2.to_k.weight,0.011131145991384983,smoothquant_a50,4,0.07872848398983479,0.5504939556121826,0.07022196799516678,0.035677265375852585,1.0,,,4.327311035012826e-05
TIME,Monet_l0.1,up_blocks.1.attentions.1.transformer_blocks.0.attn2.to_k.weight,0.011131145991384983,smoothquant_a50,16,0.07872791262343526,0.2681829333305359,0.02049967460334301,0.021402452141046524,1.0,,,4.327311035012826e-05
TIME,Monet_l0.1,up_blocks.1.attentions.1.transformer_blocks.0.attn2.to_k.weight,0.011131145991384983,smoothquant_a75,1,0.08315429836511612,1.053972840309143,0.6479451656341553,0.06694088131189346,1.0,,,4.327311035012826e-05
TIME,Monet_l0.1,up_blocks.1.attentions.1.transformer_blocks.0.attn2.to_k.weight,0.011131145991384983,smoothquant_a75,4,0.08317998237907887,0.5796431303024292,0.12043558806180954,0.038774676620960236,1.0,,,4.327311035012826e-05
TIME,Monet_l0.1,up_blocks.1.attentions.1.transformer_blocks.0.attn2.to_k.weight,0.011131145991384983,smoothquant_a75,16,0.08307310752570629,0.27711454033851624,0.02921549417078495,0.022432947531342506,1.0,,,4.327311035012826e-05
TIME,Monet_l0.1,up_blocks.1.attentions.1.transformer_blocks.0.attn2.to_k.weight,0.011131145991384983,smoothquant_a85,1,0.08485718071460724,1.0856233835220337,0.7012186646461487,0.06994477659463882,1.0,,,4.327311035012826e-05
TIME,Monet_l0.1,up_blocks.1.attentions.1.transformer_blocks.0.attn2.to_k.weight,0.011131145991384983,smoothquant_a85,4,0.08509267307817936,0.6082565784454346,0.1609293669462204,0.041356004774570465,1.0,,,4.327311035012826e-05
TIME,Monet_l0.1,up_blocks.1.attentions.1.transformer_blocks.0.attn2.to_k.weight,0.011131145991384983,smoothquant_a85,16,0.08493823977187276,0.28967735171318054,0.0380910225212574,0.02377195842564106,1.0,,,4.327311035012826e-05
TIME,Monet_l0.1,up_blocks.1.attentions.1.transformer_blocks.0.attn2.to_k.weight,0.011131145991384983,awq_a50,1,0.07971598207950592,1.0182167291641235,0.5860728025436401,0.06374796479940414,1.0,,,4.327311035012826e-05
TIME,Monet_l0.1,up_blocks.1.attentions.1.transformer_blocks.0.attn2.to_k.weight,0.011131145991384983,awq_a50,4,0.0797579437494278,0.5640713572502136,0.07732442021369934,0.03663159906864166,1.0,,,4.327311035012826e-05
TIME,Monet_l0.1,up_blocks.1.attentions.1.transformer_blocks.0.attn2.to_k.weight,0.011131145991384983,awq_a50,16,0.07973308488726616,0.26942920684814453,0.01848449744284153,0.021539511159062386,0.9999996833503246,,,4.327311035012826e-05
TIME,Monet_l0.1,up_blocks.1.attentions.1.transformer_blocks.0.attn2.to_v.weight,0.008675183169543743,w_only_int8,0,0.08671467751264572,1.0,0.0,,,0.99979168176651,0.9992110729217529,
TIME,Monet_l0.1,up_blocks.1.attentions.1.transformer_blocks.0.attn2.to_v.weight,0.008675183169543743,smoothquant_a50,1,0.07938537746667862,0.9863781929016113,0.4566548764705658,0.0637393519282341,1.0,,,4.119703589822166e-05
TIME,Monet_l0.1,up_blocks.1.attentions.1.transformer_blocks.0.attn2.to_v.weight,0.008675183169543743,smoothquant_a50,4,0.07899169810116291,0.5366712212562561,0.05721944198012352,0.03613909333944321,1.0,,,4.119703589822166e-05
TIME,Monet_l0.1,up_blocks.1.attentions.1.transformer_blocks.0.attn2.to_v.weight,0.008675183169543743,smoothquant_a50,16,0.07891165465116501,0.259499728679657,0.013585408218204975,0.021325847133994102,1.0,,,4.119703589822166e-05
TIME,Monet_l0.1,up_blocks.1.attentions.1.transformer_blocks.0.attn2.to_v.weight,0.008675183169543743,smoothquant_a75,1,0.0809478759765625,1.0179798603057861,0.5548258423805237,0.06595252454280853,1.0,,,4.119703589822166e-05
TIME,Monet_l0.1,up_blocks.1.attentions.1.transformer_blocks.0.attn2.to_v.weight,0.008675183169543743,smoothquant_a75,4,0.08063863217830658,0.5440745949745178,0.070404052734375,0.03686397150158882,1.0,,,4.119703589822166e-05
TIME,Monet_l0.1,up_blocks.1.attentions.1.transformer_blocks.0.attn2.to_v.weight,0.008675183169543743,smoothquant_a75,16,0.08070329064503312,0.2634994685649872,0.014170329086482525,0.02128720097243786,1.0,,,4.119703589822166e-05
TIME,Monet_l0.1,up_blocks.1.attentions.1.transformer_blocks.0.attn2.to_v.weight,0.008675183169543743,smoothquant_a85,1,0.0820668563246727,1.0348811149597168,0.5993662476539612,0.06709717214107513,1.0,,,4.119703589822166e-05
TIME,Monet_l0.1,up_blocks.1.attentions.1.transformer_blocks.0.attn2.to_v.weight,0.008675183169543743,smoothquant_a85,4,0.08175481297075748,0.550116240978241,0.08042297512292862,0.03743403032422066,1.0,,,4.119703589822166e-05
TIME,Monet_l0.1,up_blocks.1.attentions.1.transformer_blocks.0.attn2.to_v.weight,0.008675183169543743,smoothquant_a85,16,0.08187484741210938,0.26760029792785645,0.015535482205450535,0.021497130393981934,1.0,,,4.119703589822166e-05
TIME,Monet_l0.1,up_blocks.1.attentions.1.transformer_blocks.0.attn2.to_v.weight,0.008675183169543743,awq_a50,1,0.08395691215991974,1.0087974071502686,0.5453440546989441,0.06522224098443985,1.0,,,4.119703589822166e-05
TIME,Monet_l0.1,up_blocks.1.attentions.1.transformer_blocks.0.attn2.to_v.weight,0.008675183169543743,awq_a50,4,0.08366216160356998,0.5492942929267883,0.04552408680319786,0.03675875812768936,0.9999997466802597,,,4.119703589822166e-05
TIME,Monet_l0.1,up_blocks.1.attentions.1.transformer_blocks.0.attn2.to_v.weight,0.008675183169543743,awq_a50,16,0.08360907295718789,0.26606881618499756,0.007901000790297985,0.021764125674962997,0.9999994300305843,,,4.119703589822166e-05
TIME,Monet_l0.1,up_blocks.1.attentions.2.transformer_blocks.0.attn2.to_k.weight,0.011314274743199348,w_only_int8,0,0.0815022811293602,1.0,0.0,,,0.9997795224189758,0.9993031620979309,
TIME,Monet_l0.1,up_blocks.1.attentions.2.transformer_blocks.0.attn2.to_k.weight,0.011314274743199348,smoothquant_a50,1,0.08009032905101776,1.0183781385421753,0.5646759271621704,0.06200914457440376,1.0,,,4.392135815578513e-05
TIME,Monet_l0.1,up_blocks.1.attentions.2.transformer_blocks.0.attn2.to_k.weight,0.011314274743199348,smoothquant_a50,4,0.08019256591796875,0.5633912086486816,0.08195393532514572,0.03553906828165054,1.0,,,4.392135815578513e-05
TIME,Monet_l0.1,up_blocks.1.attentions.2.transformer_blocks.0.attn2.to_k.weight,0.011314274743199348,smoothquant_a50,16,0.08019739855080843,0.2700236141681671,0.02199503593146801,0.021053360775113106,1.0,,,4.392135815578513e-05
TIME,Monet_l0.1,up_blocks.1.attentions.2.transformer_blocks.0.attn2.to_k.weight,0.011314274743199348,smoothquant_a75,1,0.08417053520679474,1.0693897008895874,0.6821848750114441,0.06663398444652557,1.0,,,4.392135815578513e-05
TIME,Monet_l0.1,up_blocks.1.attentions.2.transformer_blocks.0.attn2.to_k.weight,0.011314274743199348,smoothquant_a75,4,0.08421402052044868,0.5993035435676575,0.14291483163833618,0.03900369629263878,1.0,,,4.392135815578513e-05
TIME,Monet_l0.1,up_blocks.1.attentions.2.transformer_blocks.0.attn2.to_k.weight,0.011314274743199348,smoothquant_a75,16,0.08420117758214474,0.28555259108543396,0.03516744077205658,0.022582681849598885,1.0,,,4.392135815578513e-05
TIME,Monet_l0.1,up_blocks.1.attentions.2.transformer_blocks.0.attn2.to_k.weight,0.011314274743199348,smoothquant_a85,1,0.0868123397231102,1.1082587242126465,0.7373412847518921,0.07007066905498505,1.0,,,4.392135815578513e-05
TIME,Monet_l0.1,up_blocks.1.attentions.2.transformer_blocks.0.attn2.to_k.weight,0.011314274743199348,smoothquant_a85,4,0.08704732358455658,0.6353758573532104,0.18931986391544342,0.04195219278335571,1.0,,,4.392135815578513e-05
TIME,Monet_l0.1,up_blocks.1.attentions.2.transformer_blocks.0.attn2.to_k.weight,0.011314274743199348,smoothquant_a85,16,0.08690859517082572,0.30166634917259216,0.0471852608025074,0.02416570857167244,1.0,,,4.392135815578513e-05
TIME,Monet_l0.1,up_blocks.1.attentions.2.transformer_blocks.0.attn2.to_k.weight,0.011314274743199348,awq_a50,1,0.08110859990119934,1.0240172147750854,0.6096018552780151,0.06280647963285446,1.0,,,4.392135815578513e-05
TIME,Monet_l0.1,up_blocks.1.attentions.2.transformer_blocks.0.attn2.to_k.weight,0.011314274743199348,awq_a50,4,0.08095830120146275,0.5722635388374329,0.08763936161994934,0.036313772201538086,1.0,,,4.392135815578513e-05
TIME,Monet_l0.1,up_blocks.1.attentions.2.transformer_blocks.0.attn2.to_k.weight,0.011314274743199348,awq_a50,16,0.08099644910544157,0.2754482626914978,0.02126871794462204,0.021440865471959114,0.9999996833503246,,,4.392135815578513e-05
TIME,Monet_l0.1,up_blocks.1.attentions.2.transformer_blocks.0.attn2.to_v.weight,0.008146691136062145,w_only_int8,0,0.08670247346162796,1.0,0.0,,,0.9997913837432861,0.9992244243621826,
TIME,Monet_l0.1,up_blocks.1.attentions.2.transformer_blocks.0.attn2.to_v.weight,0.008146691136062145,smoothquant_a50,1,0.07841084897518158,0.9714422821998596,0.4202463924884796,0.062155984342098236,1.0,,,4.3209500290686265e-05
TIME,Monet_l0.1,up_blocks.1.attentions.2.transformer_blocks.0.attn2.to_v.weight,0.008146691136062145,smoothquant_a50,4,0.07843933254480362,0.5226675271987915,0.05348917469382286,0.034849103540182114,1.0,,,4.3209500290686265e-05
TIME,Monet_l0.1,up_blocks.1.attentions.2.transformer_blocks.0.attn2.to_v.weight,0.008146691136062145,smoothquant_a50,16,0.07841199263930321,0.2554647922515869,0.013584391213953495,0.020725296810269356,1.0,,,4.3209500290686265e-05
TIME,Monet_l0.1,up_blocks.1.attentions.2.transformer_blocks.0.attn2.to_v.weight,0.008146691136062145,smoothquant_a75,1,0.08145039528608322,1.0088615417480469,0.5257171392440796,0.0646200031042099,1.0,,,4.3209500290686265e-05
TIME,Monet_l0.1,up_blocks.1.attentions.2.transformer_blocks.0.attn2.to_v.weight,0.008146691136062145,smoothquant_a75,4,0.08146692626178265,0.534376323223114,0.06707458198070526,0.03584253787994385,1.0,,,4.3209500290686265e-05
TIME,Monet_l0.1,up_blocks.1.attentions.2.transformer_blocks.0.attn2.to_v.weight,0.008146691136062145,smoothquant_a75,16,0.08141848212108016,0.26102617383003235,0.014545694924890995,0.020860744640231133,1.0,,,4.3209500290686265e-05
TIME,Monet_l0.1,up_blocks.1.attentions.2.transformer_blocks.0.attn2.to_v.weight,0.008146691136062145,smoothquant_a85,1,0.08289998024702072,1.030341386795044,0.5825245976448059,0.06610995531082153,1.0,,,4.3209500290686265e-05
TIME,Monet_l0.1,up_blocks.1.attentions.2.transformer_blocks.0.attn2.to_v.weight,0.008146691136062145,smoothquant_a85,4,0.08290227130055428,0.5432097911834717,0.08026123046875,0.036641620099544525,1.0,,,4.3209500290686265e-05
TIME,Monet_l0.1,up_blocks.1.attentions.2.transformer_blocks.0.attn2.to_v.weight,0.008146691136062145,smoothquant_a85,16,0.08301467821002007,0.2668265402317047,0.01663309708237648,0.02121383138000965,1.0,,,4.3209500290686265e-05
TIME,Monet_l0.1,up_blocks.1.attentions.2.transformer_blocks.0.attn2.to_v.weight,0.008146691136062145,awq_a50,1,0.08415018767118454,1.0071067810058594,0.5362823605537415,0.06431262195110321,1.0,,,4.3209500290686265e-05
TIME,Monet_l0.1,up_blocks.1.attentions.2.transformer_blocks.0.attn2.to_v.weight,0.008146691136062145,awq_a50,4,0.08448486216366291,0.5499240159988403,0.04538167268037796,0.03630624711513519,0.9999994933605194,,,4.3209500290686265e-05
TIME,Monet_l0.1,up_blocks.1.attentions.2.transformer_blocks.0.attn2.to_v.weight,0.008146691136062145,awq_a50,16,0.08465328114107251,0.2655099332332611,0.00839335098862648,0.021553564816713333,0.9999996833503246,,,4.3209500290686265e-05
TIME,Monet_l0.1,up_blocks.2.attentions.0.transformer_blocks.0.attn2.to_k.weight,0.013513072393834591,w_only_int8,0,0.07652994990348816,1.0,0.0,,,0.9998159408569336,0.9993783235549927,
TIME,Monet_l0.1,up_blocks.2.attentions.0.transformer_blocks.0.attn2.to_k.weight,0.013513072393834591,smoothquant_a50,1,0.07544148713350296,1.0238308906555176,0.5721781253814697,0.059200529009103775,1.0,,,4.9716421926859766e-05
TIME,Monet_l0.1,up_blocks.2.attentions.0.transformer_blocks.0.attn2.to_k.weight,0.013513072393834591,smoothquant_a50,4,0.07518157921731472,0.6020407676696777,0.12080485373735428,0.03587721288204193,1.0,,,4.9716421926859766e-05
TIME,Monet_l0.1,up_blocks.2.attentions.0.transformer_blocks.0.attn2.to_k.weight,0.013513072393834591,smoothquant_a50,16,0.07515665655955672,0.28749218583106995,0.03375244140625,0.021531105041503906,1.0,,,4.9716421926859766e-05
TIME,Monet_l0.1,up_blocks.2.attentions.0.transformer_blocks.0.attn2.to_k.weight,0.013513072393834591,smoothquant_a75,1,0.08738403022289276,1.1984269618988037,0.804272472858429,0.07148963958024979,1.0,,,4.9716421926859766e-05
TIME,Monet_l0.1,up_blocks.2.attentions.0.transformer_blocks.0.attn2.to_k.weight,0.013513072393834591,smoothquant_a75,4,0.08726806566119194,0.7481992244720459,0.29893189668655396,0.04592074081301689,1.0,,,4.9716421926859766e-05
TIME,Monet_l0.1,up_blocks.2.attentions.0.transformer_blocks.0.attn2.to_k.weight,0.013513072393834591,smoothquant_a75,16,0.08710403461009264,0.3527342677116394,0.09311726689338684,0.02730160392820835,1.0,,,4.9716421926859766e-05
TIME,Monet_l0.1,up_blocks.2.attentions.0.transformer_blocks.0.attn2.to_k.weight,0.013513072393834591,smoothquant_a85,1,0.09527994692325592,1.3294013738632202,0.8735982179641724,0.07929831743240356,1.0,,,4.9716421926859766e-05
TIME,Monet_l0.1,up_blocks.2.attentions.0.transformer_blocks.0.attn2.to_k.weight,0.013513072393834591,smoothquant_a85,4,0.09509887732565403,0.8441159129142761,0.3873738646507263,0.052274275571107864,1.0,,,4.9716421926859766e-05
TIME,Monet_l0.1,up_blocks.2.attentions.0.transformer_blocks.0.attn2.to_k.weight,0.013513072393834591,smoothquant_a85,16,0.09476725198328495,0.401363343000412,0.13218383491039276,0.031391069293022156,1.0,,,4.9716421926859766e-05
TIME,Monet_l0.1,up_blocks.2.attentions.0.transformer_blocks.0.attn2.to_k.weight,0.013513072393834591,awq_a50,1,0.08131306618452072,1.0942541360855103,0.75592041015625,0.06575889140367508,1.0,,,4.9716421926859766e-05
TIME,Monet_l0.1,up_blocks.2.attentions.0.transformer_blocks.0.attn2.to_k.weight,0.013513072393834591,awq_a50,4,0.08125152625143528,0.6997767090797424,0.23441976308822632,0.04184495657682419,0.9999994933605194,,,4.9716421926859766e-05
TIME,Monet_l0.1,up_blocks.2.attentions.0.transformer_blocks.0.attn2.to_k.weight,0.013513072393834591,awq_a50,16,0.08130213432013988,0.3290276825428009,0.07213745266199112,0.024868562817573547,0.9999994933605194,,,4.9716421926859766e-05
TIME,Monet_l0.1,up_blocks.2.attentions.0.transformer_blocks.0.attn2.to_v.weight,0.011257213540375233,w_only_int8,0,0.08203125,1.0,0.0,,,0.999556303024292,0.9992541074752808,
TIME,Monet_l0.1,up_blocks.2.attentions.0.transformer_blocks.0.attn2.to_v.weight,0.011257213540375233,smoothquant_a50,1,0.07238159328699112,0.938892662525177,0.34251099824905396,0.05980712175369263,1.0,,,4.753927350975573e-05
TIME,Monet_l0.1,up_blocks.2.attentions.0.transformer_blocks.0.attn2.to_v.weight,0.011257213540375233,smoothquant_a50,4,0.07242329977452755,0.515878438949585,0.04518025740981102,0.03399011865258217,1.0,,,4.753927350975573e-05
TIME,Monet_l0.1,up_blocks.2.attentions.0.transformer_blocks.0.attn2.to_v.weight,0.011257213540375233,smoothquant_a50,16,0.07232182798907161,0.2518123388290405,0.011525471694767475,0.020184585824608803,1.0,,,4.753927350975573e-05
TIME,Monet_l0.1,up_blocks.2.attentions.0.transformer_blocks.0.attn2.to_v.weight,0.011257213540375233,smoothquant_a75,1,0.07772216945886612,1.0074597597122192,0.5206298828125,0.06433950364589691,1.0,,,4.753927350975573e-05
TIME,Monet_l0.1,up_blocks.2.attentions.0.transformer_blocks.0.attn2.to_v.weight,0.011257213540375233,smoothquant_a75,4,0.07784576527774334,0.5491405725479126,0.07862956076860428,0.036383721977472305,1.0,,,4.753927350975573e-05
TIME,Monet_l0.1,up_blocks.2.attentions.0.transformer_blocks.0.attn2.to_v.weight,0.011257213540375233,smoothquant_a75,16,0.07787742605432868,0.26616260409355164,0.01700846292078495,0.02101321890950203,1.0,,,4.753927350975573e-05
TIME,Monet_l0.1,up_blocks.2.attentions.0.transformer_blocks.0.attn2.to_v.weight,0.011257213540375233,smoothquant_a85,1,0.07989095151424408,1.0413044691085815,0.6072367429733276,0.06666158884763718,1.0,,,4.753927350975573e-05
TIME,Monet_l0.1,up_blocks.2.attentions.0.transformer_blocks.0.attn2.to_v.weight,0.011257213540375233,smoothquant_a85,4,0.08017577975988388,0.5653623342514038,0.10059814155101776,0.03767652064561844,1.0,,,4.753927350975573e-05
TIME,Monet_l0.1,up_blocks.2.attentions.0.transformer_blocks.0.attn2.to_v.weight,0.011257213540375233,smoothquant_a85,16,0.08026021206751466,0.2752150595188141,0.021484375,0.021611765027046204,1.0,,,4.753927350975573e-05
TIME,Monet_l0.1,up_blocks.2.attentions.0.transformer_blocks.0.attn2.to_v.weight,0.011257213540375233,awq_a50,1,0.08012288063764572,1.0191450119018555,0.5946004390716553,0.0644589364528656,1.0,,,4.753927350975573e-05
TIME,Monet_l0.1,up_blocks.2.attentions.0.transformer_blocks.0.attn2.to_v.weight,0.011257213540375233,awq_a50,4,0.0798848457634449,0.5655136108398438,0.06149495393037796,0.036797475069761276,1.0,,,4.753927350975573e-05
TIME,Monet_l0.1,up_blocks.2.attentions.0.transformer_blocks.0.attn2.to_v.weight,0.011257213540375233,awq_a50,16,0.07997144106775522,0.2747911512851715,0.01206868514418602,0.02197781577706337,0.9999994933605194,,,4.753927350975573e-05
TIME,Monet_l0.1,up_blocks.2.attentions.1.transformer_blocks.0.attn2.to_k.weight,0.010206727311015129,w_only_int8,0,0.0807596817612648,1.0,0.0,,,0.9997574687004089,0.9992567300796509,
TIME,Monet_l0.1,up_blocks.2.attentions.1.transformer_blocks.0.attn2.to_k.weight,0.010206727311015129,smoothquant_a50,1,0.08198852837085724,1.030754566192627,0.588055431842804,0.0675649419426918,1.0,,,5.307597166392952e-05
TIME,Monet_l0.1,up_blocks.2.attentions.1.transformer_blocks.0.attn2.to_k.weight,0.010206727311015129,smoothquant_a50,4,0.08153126947581768,0.5990840792655945,0.13358764350414276,0.0405019074678421,1.0,,,5.307597166392952e-05
TIME,Monet_l0.1,up_blocks.2.attentions.1.transformer_blocks.0.attn2.to_k.weight,0.010206727311015129,smoothquant_a50,16,0.08132095355540514,0.2855270504951477,0.0437825508415699,0.02415618672966957,1.0,,,5.307597166392952e-05
TIME,Monet_l0.1,up_blocks.2.attentions.1.transformer_blocks.0.attn2.to_k.weight,0.010206727311015129,smoothquant_a75,1,0.09389445185661316,1.1392393112182617,0.7667317986488342,0.07892367243766785,1.0,,,5.307597166392952e-05
TIME,Monet_l0.1,up_blocks.2.attentions.1.transformer_blocks.0.attn2.to_k.weight,0.010206727311015129,smoothquant_a75,4,0.09377085417509079,0.7075140476226807,0.2631734311580658,0.0500706322491169,1.0,,,5.307597166392952e-05
TIME,Monet_l0.1,up_blocks.2.attentions.1.transformer_blocks.0.attn2.to_k.weight,0.010206727311015129,smoothquant_a75,16,0.09344113618135452,0.3256058096885681,0.08049723505973816,0.02928241528570652,1.0,,,5.307597166392952e-05
TIME,Monet_l0.1,up_blocks.2.attentions.1.transformer_blocks.0.attn2.to_k.weight,0.010206727311015129,smoothquant_a85,1,0.10105998069047928,1.23792564868927,0.8392130732536316,0.08656169474124908,1.0,,,5.307597166392952e-05
TIME,Monet_l0.1,up_blocks.2.attentions.1.transformer_blocks.0.attn2.to_k.weight,0.010206727311015129,smoothquant_a85,4,0.10127410851418972,0.7963013052940369,0.34556275606155396,0.05684034153819084,1.0,,,5.307597166392952e-05
TIME,Monet_l0.1,up_blocks.2.attentions.1.transformer_blocks.0.attn2.to_k.weight,0.010206727311015129,smoothquant_a85,16,0.10080362996086478,0.36471959948539734,0.11010538786649704,0.03328340873122215,1.0,,,5.307597166392952e-05
TIME,Monet_l0.1,up_blocks.2.attentions.1.transformer_blocks.0.attn2.to_k.weight,0.010206727311015129,awq_a50,1,0.08550211787223816,1.062893033027649,0.7237080931663513,0.07212130725383759,1.0,,,5.307597166392952e-05
TIME,Monet_l0.1,up_blocks.2.attentions.1.transformer_blocks.0.attn2.to_k.weight,0.010206727311015129,awq_a50,4,0.08587239496409893,0.6708139777183533,0.20261840522289276,0.04515507444739342,1.0,,,5.307597166392952e-05
TIME,Monet_l0.1,up_blocks.2.attentions.1.transformer_blocks.0.attn2.to_k.weight,0.010206727311015129,awq_a50,16,0.0857468917965889,0.30984628200531006,0.06515909731388092,0.026591172441840172,0.9999997466802597,,,5.307597166392952e-05
TIME,Monet_l0.1,up_blocks.2.attentions.1.transformer_blocks.0.attn2.to_v.weight,0.006818908732384443,w_only_int8,0,0.09182129055261612,1.0,0.0,,,0.9996968507766724,0.9990774393081665,
TIME,Monet_l0.1,up_blocks.2.attentions.1.transformer_blocks.0.attn2.to_v.weight,0.006818908732384443,smoothquant_a50,1,0.0817769393324852,0.9422234892845154,0.36770427227020264,0.06663469225168228,1.0,,,5.122117727296427e-05
TIME,Monet_l0.1,up_blocks.2.attentions.1.transformer_blocks.0.attn2.to_v.weight,0.006818908732384443,smoothquant_a50,4,0.0816777553409338,0.5204408168792725,0.06473185122013092,0.03825853392481804,1.0,,,5.122117727296427e-05
TIME,Monet_l0.1,up_blocks.2.attentions.1.transformer_blocks.0.attn2.to_v.weight,0.006818908732384443,smoothquant_a50,16,0.08158594742417336,0.25461670756340027,0.01925455778837204,0.022835174575448036,1.0,,,5.122117727296427e-05
TIME,Monet_l0.1,up_blocks.2.attentions.1.transformer_blocks.0.attn2.to_v.weight,0.006818908732384443,smoothquant_a75,1,0.08604125678539276,1.0052508115768433,0.5133707523345947,0.07149804383516312,1.0,,,5.122117727296427e-05
TIME,Monet_l0.1,up_blocks.2.attentions.1.transformer_blocks.0.attn2.to_v.weight,0.006818908732384443,smoothquant_a75,4,0.08599344827234745,0.5560827255249023,0.09697672724723816,0.04112248495221138,1.0,,,5.122117727296427e-05
TIME,Monet_l0.1,up_blocks.2.attentions.1.transformer_blocks.0.attn2.to_v.weight,0.006818908732384443,smoothquant_a75,16,0.08587582875043154,0.2717435657978058,0.02877197228372097,0.02433711662888527,1.0,,,5.122117727296427e-05
TIME,Monet_l0.1,up_blocks.2.attentions.1.transformer_blocks.0.attn2.to_v.weight,0.006818908732384443,smoothquant_a85,1,0.08899129182100296,1.0388654470443726,0.5948588252067566,0.07415738701820374,1.0,,,5.122117727296427e-05
TIME,Monet_l0.1,up_blocks.2.attentions.1.transformer_blocks.0.attn2.to_v.weight,0.006818908732384443,smoothquant_a85,4,0.08886617049574852,0.5759723782539368,0.11896565556526184,0.04271017760038376,1.0,,,5.122117727296427e-05
TIME,Monet_l0.1,up_blocks.2.attentions.1.transformer_blocks.0.attn2.to_v.weight,0.006818908732384443,smoothquant_a85,16,0.0888217925094068,0.28423070907592773,0.03614502027630806,0.025386260822415352,1.0,,,5.122117727296427e-05
TIME,Monet_l0.1,up_blocks.2.attentions.1.transformer_blocks.0.attn2.to_v.weight,0.006818908732384443,awq_a50,1,0.08978271484375,1.0153517723083496,0.5724548101425171,0.07117237895727158,1.0,,,5.122117727296427e-05
TIME,Monet_l0.1,up_blocks.2.attentions.1.transformer_blocks.0.attn2.to_v.weight,0.006818908732384443,awq_a50,4,0.08975880779325962,0.5676813721656799,0.06475016474723816,0.04091324657201767,0.9999989867210388,,,5.122117727296427e-05
TIME,Monet_l0.1,up_blocks.2.attentions.1.transformer_blocks.0.attn2.to_v.weight,0.006818908732384443,awq_a50,16,0.08972231531515718,0.27651214599609375,0.01581420935690403,0.024684632197022438,0.9999997466802597,,,5.122117727296427e-05
TIME,Monet_l0.1,up_blocks.2.attentions.2.transformer_blocks.0.attn2.to_k.weight,0.009346737526357174,w_only_int8,0,0.09312744438648224,1.0,0.0,,,0.9997968077659607,0.9991563558578491,
TIME,Monet_l0.1,up_blocks.2.attentions.2.transformer_blocks.0.attn2.to_k.weight,0.009346737526357174,smoothquant_a50,1,0.09460652619600296,1.0278986692428589,0.5801452398300171,0.07355592399835587,1.0,,,5.0739923608489335e-05
TIME,Monet_l0.1,up_blocks.2.attentions.2.transformer_blocks.0.attn2.to_k.weight,0.009346737526357174,smoothquant_a50,4,0.09467671811580658,0.6009781956672668,0.13755086064338684,0.04427953064441681,1.0,,,5.0739923608489335e-05
TIME,Monet_l0.1,up_blocks.2.attentions.2.transformer_blocks.0.attn2.to_k.weight,0.009346737526357174,smoothquant_a50,16,0.09468777989968657,0.2835761308670044,0.04757283627986908,0.026463700458407402,1.0,,,5.0739923608489335e-05
TIME,Monet_l0.1,up_blocks.2.attentions.2.transformer_blocks.0.attn2.to_k.weight,0.009346737526357174,smoothquant_a75,1,0.10815633088350296,1.1332907676696777,0.7547953128814697,0.08450987935066223,1.0,,,5.0739923608489335e-05
TIME,Monet_l0.1,up_blocks.2.attentions.2.transformer_blocks.0.attn2.to_k.weight,0.009346737526357174,smoothquant_a75,4,0.10815734788775444,0.6921927332878113,0.25359293818473816,0.05323150008916855,1.0,,,5.0739923608489335e-05
TIME,Monet_l0.1,up_blocks.2.attentions.2.transformer_blocks.0.attn2.to_k.weight,0.009346737526357174,smoothquant_a75,16,0.10772463446483016,0.32042765617370605,0.07965698093175888,0.03111368417739868,1.0,,,5.0739923608489335e-05
TIME,Monet_l0.1,up_blocks.2.attentions.2.transformer_blocks.0.attn2.to_k.weight,0.009346737526357174,smoothquant_a85,1,0.11435546725988388,1.2071287631988525,0.8145507574081421,0.09082793444395065,1.0,,,5.0739923608489335e-05
TIME,Monet_l0.1,up_blocks.2.attentions.2.transformer_blocks.0.attn2.to_k.weight,0.009346737526357174,smoothquant_a85,4,0.11506957933306694,0.7562647461891174,0.3144470155239105,0.05861435458064079,1.0,,,5.0739923608489335e-05
TIME,Monet_l0.1,up_blocks.2.attentions.2.transformer_blocks.0.attn2.to_k.weight,0.009346737526357174,smoothquant_a85,16,0.11439768504351377,0.34973809123039246,0.10183919221162796,0.034449122846126556,1.0,,,5.0739923608489335e-05
TIME,Monet_l0.1,up_blocks.2.attentions.2.transformer_blocks.0.attn2.to_k.weight,0.009346737526357174,awq_a50,1,0.09646809846162796,1.0464587211608887,0.6800171136856079,0.07537687569856644,1.0,,,5.0739923608489335e-05
TIME,Monet_l0.1,up_blocks.2.attentions.2.transformer_blocks.0.attn2.to_k.weight,0.009346737526357174,awq_a50,4,0.09693044051527977,0.6298826932907104,0.1604410856962204,0.04589612036943436,1.0,,,5.0739923608489335e-05
TIME,Monet_l0.1,up_blocks.2.attentions.2.transformer_blocks.0.attn2.to_k.weight,0.009346737526357174,awq_a50,16,0.09686266584321856,0.29515716433525085,0.04891764372587204,0.026998648419976234,1.0,,,5.0739923608489335e-05
TIME,Monet_l0.1,up_blocks.2.attentions.2.transformer_blocks.0.attn2.to_v.weight,0.005963772535324097,w_only_int8,0,0.0904541015625,1.0,0.0,,,0.9997254610061646,0.9990437030792236,
TIME,Monet_l0.1,up_blocks.2.attentions.2.transformer_blocks.0.attn2.to_v.weight,0.005963772535324097,smoothquant_a50,1,0.07893473654985428,0.911052942276001,0.30517578125,0.06592583656311035,1.0,,,4.507563426159322e-05
TIME,Monet_l0.1,up_blocks.2.attentions.2.transformer_blocks.0.attn2.to_v.weight,0.005963772535324097,smoothquant_a50,4,0.0789260882884264,0.4936242699623108,0.04607544094324112,0.03725719824433327,1.0,,,4.507563426159322e-05
TIME,Monet_l0.1,up_blocks.2.attentions.2.transformer_blocks.0.attn2.to_v.weight,0.005963772535324097,smoothquant_a50,16,0.07901891088113189,0.24329471588134766,0.013519287109375,0.022306369617581367,1.0,,,4.507563426159322e-05
TIME,Monet_l0.1,up_blocks.2.attentions.2.transformer_blocks.0.attn2.to_v.weight,0.005963772535324097,smoothquant_a75,1,0.08447265625,0.9866808652877808,0.4660481810569763,0.07151705771684647,1.0,,,4.507563426159322e-05
TIME,Monet_l0.1,up_blocks.2.attentions.2.transformer_blocks.0.attn2.to_v.weight,0.005963772535324097,smoothquant_a75,4,0.08455607108771801,0.5403414964675903,0.07455240935087204,0.0405702106654644,1.0,,,4.507563426159322e-05
TIME,Monet_l0.1,up_blocks.2.attentions.2.transformer_blocks.0.attn2.to_v.weight,0.005963772535324097,smoothquant_a75,16,0.08456624392420053,0.2671108543872833,0.02072346955537796,0.024007633328437805,1.0,,,4.507563426159322e-05
TIME,Monet_l0.1,up_blocks.2.attentions.2.transformer_blocks.0.attn2.to_v.weight,0.005963772535324097,smoothquant_a85,1,0.087188720703125,1.0260608196258545,0.5652120113372803,0.07461819797754288,1.0,,,4.507563426159322e-05
TIME,Monet_l0.1,up_blocks.2.attentions.2.transformer_blocks.0.attn2.to_v.weight,0.005963772535324097,smoothquant_a85,4,0.08714192733168602,0.5637118220329285,0.10006510466337204,0.042471885681152344,1.0,,,4.507563426159322e-05
TIME,Monet_l0.1,up_blocks.2.attentions.2.transformer_blocks.0.attn2.to_v.weight,0.005963772535324097,smoothquant_a85,16,0.08735059108585119,0.27615833282470703,0.02699381485581398,0.024953225627541542,1.0,,,4.507563426159322e-05
TIME,Monet_l0.1,up_blocks.2.attentions.2.transformer_blocks.0.attn2.to_v.weight,0.005963772535324097,awq_a50,1,0.0887654647231102,1.0129117965698242,0.5652262568473816,0.07277017831802368,1.0,,,4.507563426159322e-05
TIME,Monet_l0.1,up_blocks.2.attentions.2.transformer_blocks.0.attn2.to_v.weight,0.005963772535324097,awq_a50,4,0.0884577427059412,0.5599879622459412,0.05587158352136612,0.04150588437914848,1.0,,,4.507563426159322e-05
TIME,Monet_l0.1,up_blocks.2.attentions.2.transformer_blocks.0.attn2.to_v.weight,0.005963772535324097,awq_a50,16,0.08848698809742928,0.2732839584350586,0.014469400979578495,0.02493487298488617,0.9999997466802597,,,4.507563426159322e-05
TIME,Monet_l0.1,up_blocks.3.attentions.0.transformer_blocks.0.attn2.to_k.weight,0.009516173973679543,w_only_int8,0,0.11351318657398224,1.0,0.0,,,0.9998149275779724,0.998296856880188,
TIME,Monet_l0.1,up_blocks.3.attentions.0.transformer_blocks.0.attn2.to_k.weight,0.009516173973679543,smoothquant_a50,1,0.11313069611787796,0.9135003685951233,0.35767823457717896,0.08896635472774506,1.0,,,7.673724758205935e-05
TIME,Monet_l0.1,up_blocks.3.attentions.0.transformer_blocks.0.attn2.to_k.weight,0.009516173973679543,smoothquant_a50,4,0.11359049379825592,0.6368153691291809,0.15510253608226776,0.060910165309906006,1.0,,,7.673724758205935e-05
TIME,Monet_l0.1,up_blocks.3.attentions.0.transformer_blocks.0.attn2.to_k.weight,0.009516173973679543,smoothquant_a50,16,0.1134676611982286,0.35143718123435974,0.09070231020450592,0.04182734340429306,1.0,,,7.673724758205935e-05
TIME,Monet_l0.1,up_blocks.3.attentions.0.transformer_blocks.0.attn2.to_k.weight,0.009516173973679543,smoothquant_a75,1,0.16735433042049408,1.3704208135604858,0.9588826298713684,0.13161934912204742,1.0,,,7.673724758205935e-05
TIME,Monet_l0.1,up_blocks.3.attentions.0.transformer_blocks.0.attn2.to_k.weight,0.009516173973679543,smoothquant_a75,4,0.16701863706111908,1.0117641687393188,0.5085856318473816,0.09365209937095642,1.0,,,7.673724758205935e-05
TIME,Monet_l0.1,up_blocks.3.attentions.0.transformer_blocks.0.attn2.to_k.weight,0.009516173973679543,smoothquant_a75,16,0.1665863050147891,0.5633485317230225,0.2517049014568329,0.06522080302238464,1.0,,,7.673724758205935e-05
TIME,Monet_l0.1,up_blocks.3.attentions.0.transformer_blocks.0.attn2.to_k.weight,0.009516173973679543,smoothquant_a85,1,0.19390055537223816,1.6464099884033203,0.9781087040901184,0.1542852818965912,1.0,,,7.673724758205935e-05
TIME,Monet_l0.1,up_blocks.3.attentions.0.transformer_blocks.0.attn2.to_k.weight,0.009516173973679543,smoothquant_a85,4,0.19427897408604622,1.22299325466156,0.6265869140625,0.11120438575744629,1.0,,,7.673724758205935e-05
TIME,Monet_l0.1,up_blocks.3.attentions.0.transformer_blocks.0.attn2.to_k.weight,0.009516173973679543,smoothquant_a85,16,0.1936526009812951,0.6912484765052795,0.34197998046875,0.07837382704019547,1.0,,,7.673724758205935e-05
TIME,Monet_l0.1,up_blocks.3.attentions.0.transformer_blocks.0.attn2.to_k.weight,0.009516173973679543,awq_a50,1,0.1531168669462204,1.433964729309082,0.9686279296875,0.12736739218235016,1.0,,,7.673724758205935e-05
TIME,Monet_l0.1,up_blocks.3.attentions.0.transformer_blocks.0.attn2.to_k.weight,0.009516173973679543,awq_a50,4,0.15335490182042122,1.070416808128357,0.5460652709007263,0.09169784933328629,1.0,,,7.673724758205935e-05
TIME,Monet_l0.1,up_blocks.3.attentions.0.transformer_blocks.0.attn2.to_k.weight,0.009516173973679543,awq_a50,16,0.1529813138768077,0.613141655921936,0.29462483525276184,0.06580435484647751,1.0,,,7.673724758205935e-05
TIME,Monet_l0.1,up_blocks.3.attentions.0.transformer_blocks.0.attn2.to_v.weight,0.002563454443588853,w_only_int8,0,0.09378255158662796,1.0,0.0,,,0.9991879463195801,0.9985692501068115,
TIME,Monet_l0.1,up_blocks.3.attentions.0.transformer_blocks.0.attn2.to_v.weight,0.002563454443588853,smoothquant_a50,1,0.08855387568473816,0.975845217704773,0.4480549991130829,0.071677565574646,1.0,,,7.299363642232493e-05
TIME,Monet_l0.1,up_blocks.3.attentions.0.transformer_blocks.0.attn2.to_v.weight,0.002563454443588853,smoothquant_a50,4,0.08864237554371357,0.5445190668106079,0.08724772185087204,0.04249279573559761,1.0,,,7.299363642232493e-05
TIME,Monet_l0.1,up_blocks.3.attentions.0.transformer_blocks.0.attn2.to_v.weight,0.002563454443588853,smoothquant_a50,16,0.089075215626508,0.26863351464271545,0.02696940116584301,0.0259555634111166,1.0,,,7.299363642232493e-05
TIME,Monet_l0.1,up_blocks.3.attentions.0.transformer_blocks.0.attn2.to_v.weight,0.002563454443588853,smoothquant_a75,1,0.10418701171875,1.14622962474823,0.7432901859283447,0.0899929329752922,1.0,,,7.299363642232493e-05
TIME,Monet_l0.1,up_blocks.3.attentions.0.transformer_blocks.0.attn2.to_v.weight,0.002563454443588853,smoothquant_a75,4,0.10397949069738388,0.7089881896972656,0.2576456665992737,0.05713580548763275,1.0,,,7.299363642232493e-05
TIME,Monet_l0.1,up_blocks.3.attentions.0.transformer_blocks.0.attn2.to_v.weight,0.002563454443588853,smoothquant_a75,16,0.103540547657758,0.3501986563205719,0.08553873747587204,0.03538447991013527,1.0,,,7.299363642232493e-05
TIME,Monet_l0.1,up_blocks.3.attentions.0.transformer_blocks.0.attn2.to_v.weight,0.002563454443588853,smoothquant_a85,1,0.11737060546875,1.3388493061065674,0.8461588621139526,0.10400741547346115,1.0,,,7.299363642232493e-05
TIME,Monet_l0.1,up_blocks.3.attentions.0.transformer_blocks.0.attn2.to_v.weight,0.002563454443588853,smoothquant_a85,4,0.11742146871984005,0.8541626334190369,0.3956542909145355,0.06864451617002487,1.0,,,7.299363642232493e-05
TIME,Monet_l0.1,up_blocks.3.attentions.0.transformer_blocks.0.attn2.to_v.weight,0.002563454443588853,smoothquant_a85,16,0.11678288737311959,0.42599940299987793,0.15160726010799408,0.04328876733779907,1.0,,,7.299363642232493e-05
TIME,Monet_l0.1,up_blocks.3.attentions.0.transformer_blocks.0.attn2.to_v.weight,0.002563454443588853,awq_a50,1,0.10482177883386612,1.1114383935928345,0.7622477412223816,0.09199801832437515,1.0,,,7.299363642232493e-05
TIME,Monet_l0.1,up_blocks.3.attentions.0.transformer_blocks.0.attn2.to_v.weight,0.002563454443588853,awq_a50,4,0.10521240346133709,0.7164596915245056,0.2562215030193329,0.05998626723885536,1.0,,,7.299363642232493e-05
TIME,Monet_l0.1,up_blocks.3.attentions.0.transformer_blocks.0.attn2.to_v.weight,0.002563454443588853,awq_a50,16,0.10469945287331939,0.346163272857666,0.09060872346162796,0.03903159126639366,0.9999994933605194,,,7.299363642232493e-05
TIME,Monet_l0.1,up_blocks.3.attentions.1.transformer_blocks.0.attn2.to_k.weight,0.01024924498051405,w_only_int8,0,0.09630127251148224,1.0,0.0,,,0.9996157884597778,0.9985856413841248,
TIME,Monet_l0.1,up_blocks.3.attentions.1.transformer_blocks.0.attn2.to_k.weight,0.01024924498051405,smoothquant_a50,1,0.10361327975988388,0.9659865498542786,0.4475463926792145,0.08624153584241867,1.0,,,6.404703890439123e-05
TIME,Monet_l0.1,up_blocks.3.attentions.1.transformer_blocks.0.attn2.to_k.weight,0.01024924498051405,smoothquant_a50,4,0.10402831993997097,0.680233359336853,0.20938314497470856,0.05839068442583084,1.0,,,6.404703890439123e-05
TIME,Monet_l0.1,up_blocks.3.attentions.1.transformer_blocks.0.attn2.to_k.weight,0.01024924498051405,smoothquant_a50,16,0.10407180758193135,0.38734179735183716,0.13202311098575592,0.04049944877624512,1.0,,,6.404703890439123e-05
TIME,Monet_l0.1,up_blocks.3.attentions.1.transformer_blocks.0.attn2.to_k.weight,0.01024924498051405,smoothquant_a75,1,0.1503092497587204,1.413988471031189,0.957995593547821,0.12658043205738068,1.0,,,6.404703890439123e-05
TIME,Monet_l0.1,up_blocks.3.attentions.1.transformer_blocks.0.attn2.to_k.weight,0.01024924498051405,smoothquant_a75,4,0.15100708231329918,1.0631622076034546,0.5423583984375,0.08988063782453537,1.0,,,6.404703890439123e-05
TIME,Monet_l0.1,up_blocks.3.attentions.1.transformer_blocks.0.attn2.to_k.weight,0.01024924498051405,smoothquant_a75,16,0.15056355763226748,0.6143873929977417,0.3002075254917145,0.06337159872055054,1.0,,,6.404703890439123e-05
TIME,Monet_l0.1,up_blocks.3.attentions.1.transformer_blocks.0.attn2.to_k.weight,0.01024924498051405,smoothquant_a85,1,0.17642822861671448,1.6977336406707764,0.9805826544761658,0.1484070122241974,1.0,,,6.404703890439123e-05
TIME,Monet_l0.1,up_blocks.3.attentions.1.transformer_blocks.0.attn2.to_k.weight,0.01024924498051405,smoothquant_a85,4,0.17605184018611908,1.284725546836853,0.6524210572242737,0.10710347443819046,1.0,,,6.404703890439123e-05
TIME,Monet_l0.1,up_blocks.3.attentions.1.transformer_blocks.0.attn2.to_k.weight,0.01024924498051405,smoothquant_a85,16,0.17561213113367558,0.7561270594596863,0.3861043155193329,0.07652983069419861,1.0,,,6.404703890439123e-05
TIME,Monet_l0.1,up_blocks.3.attentions.1.transformer_blocks.0.attn2.to_k.weight,0.01024924498051405,awq_a50,1,0.13107910752296448,1.4325454235076904,0.9595621824264526,0.11494984477758408,1.0,,,6.404703890439123e-05
TIME,Monet_l0.1,up_blocks.3.attentions.1.transformer_blocks.0.attn2.to_k.weight,0.01024924498051405,awq_a50,4,0.13106181100010872,1.0503005981445312,0.5337606072425842,0.08165456354618073,1.0,,,6.404703890439123e-05
TIME,Monet_l0.1,up_blocks.3.attentions.1.transformer_blocks.0.attn2.to_k.weight,0.01024924498051405,awq_a50,16,0.13078918494284153,0.5972970724105835,0.28387451171875,0.05704943835735321,1.0,,,6.404703890439123e-05
TIME,Monet_l0.1,up_blocks.3.attentions.1.transformer_blocks.0.attn2.to_v.weight,0.003691774792969227,w_only_int8,0,0.09094645082950592,1.0,0.0,,,0.9996377825737,0.9989411234855652,
TIME,Monet_l0.1,up_blocks.3.attentions.1.transformer_blocks.0.attn2.to_v.weight,0.003691774792969227,smoothquant_a50,1,0.08174235373735428,0.9352958798408508,0.3629801571369171,0.06484822928905487,1.0,,,5.760201020166278e-05
TIME,Monet_l0.1,up_blocks.3.attentions.1.transformer_blocks.0.attn2.to_v.weight,0.003691774792969227,smoothquant_a50,4,0.08179626613855362,0.5084947347640991,0.05896402895450592,0.03730416297912598,1.0,,,5.760201020166278e-05
TIME,Monet_l0.1,up_blocks.3.attentions.1.transformer_blocks.0.attn2.to_v.weight,0.003691774792969227,smoothquant_a50,16,0.08203226700425148,0.25156980752944946,0.01904296875,0.0227744672447443,1.0,,,5.760201020166278e-05
TIME,Monet_l0.1,up_blocks.3.attentions.1.transformer_blocks.0.attn2.to_v.weight,0.003691774792969227,smoothquant_a75,1,0.0958658829331398,1.0974271297454834,0.6851643919944763,0.07864240556955338,1.0,,,5.760201020166278e-05
TIME,Monet_l0.1,up_blocks.3.attentions.1.transformer_blocks.0.attn2.to_v.weight,0.003691774792969227,smoothquant_a75,4,0.09638468362390995,0.6330892443656921,0.18675944209098816,0.047499895095825195,1.0,,,5.760201020166278e-05
TIME,Monet_l0.1,up_blocks.3.attentions.1.transformer_blocks.0.attn2.to_v.weight,0.003691774792969227,smoothquant_a75,16,0.09655329445376992,0.317661851644516,0.0638224259018898,0.02972332201898098,1.0,,,5.760201020166278e-05
TIME,Monet_l0.1,up_blocks.3.attentions.1.transformer_blocks.0.attn2.to_v.weight,0.003691774792969227,smoothquant_a85,1,0.1047770157456398,1.2339047193527222,0.803149402141571,0.0878884345293045,1.0,,,5.760201020166278e-05
TIME,Monet_l0.1,up_blocks.3.attentions.1.transformer_blocks.0.attn2.to_v.weight,0.003691774792969227,smoothquant_a85,4,0.10535685159265995,0.7248917818069458,0.2851196229457855,0.05463150888681412,1.0,,,5.760201020166278e-05
TIME,Monet_l0.1,up_blocks.3.attentions.1.transformer_blocks.0.attn2.to_v.weight,0.003691774792969227,smoothquant_a85,16,0.10537770623341203,0.3638816475868225,0.1078084334731102,0.03466782346367836,1.0,,,5.760201020166278e-05
TIME,Monet_l0.1,up_blocks.3.attentions.1.transformer_blocks.0.attn2.to_v.weight,0.003691774792969227,awq_a50,1,0.09746094048023224,1.086193323135376,0.7498006224632263,0.0802086889743805,1.0,,,5.760201020166278e-05
TIME,Monet_l0.1,up_blocks.3.attentions.1.transformer_blocks.0.attn2.to_v.weight,0.003691774792969227,awq_a50,4,0.09738667868077755,0.6482484340667725,0.18500569462776184,0.049504294991493225,1.0,,,5.760201020166278e-05
TIME,Monet_l0.1,up_blocks.3.attentions.1.transformer_blocks.0.attn2.to_v.weight,0.003691774792969227,awq_a50,16,0.09733683289960027,0.3209342062473297,0.06967366486787796,0.032147958874702454,1.0,,,5.760201020166278e-05
TIME,Monet_l0.1,up_blocks.3.attentions.2.transformer_blocks.0.attn2.to_k.weight,0.009133449755609035,w_only_int8,0,0.11057128757238388,1.0,0.0,,,0.9993303418159485,0.9985331892967224,
TIME,Monet_l0.1,up_blocks.3.attentions.2.transformer_blocks.0.attn2.to_k.weight,0.009133449755609035,smoothquant_a50,1,0.1160888671875,0.9578789472579956,0.44054362177848816,0.08935269713401794,1.0,,,6.381813727784902e-05
TIME,Monet_l0.1,up_blocks.3.attentions.2.transformer_blocks.0.attn2.to_k.weight,0.009133449755609035,smoothquant_a50,4,0.11596679501235485,0.679076611995697,0.22303873300552368,0.06211366131901741,1.0,,,6.381813727784902e-05
TIME,Monet_l0.1,up_blocks.3.attentions.2.transformer_blocks.0.attn2.to_k.weight,0.009133449755609035,smoothquant_a50,16,0.11599070206284523,0.37270796298980713,0.14387206733226776,0.041864629834890366,1.0,,,6.381813727784902e-05
TIME,Monet_l0.1,up_blocks.3.attentions.2.transformer_blocks.0.attn2.to_k.weight,0.009133449755609035,smoothquant_a75,1,0.17153319716453552,1.427914023399353,0.9570149779319763,0.13262219727039337,1.0,,,6.381813727784902e-05
TIME,Monet_l0.1,up_blocks.3.attentions.2.transformer_blocks.0.attn2.to_k.weight,0.009133449755609035,smoothquant_a75,4,0.17190856486558914,1.0708801746368408,0.5492798089981079,0.09508229792118073,1.0,,,6.381813727784902e-05
TIME,Monet_l0.1,up_blocks.3.attentions.2.transformer_blocks.0.attn2.to_k.weight,0.009133449755609035,smoothquant_a75,16,0.17146199569106102,0.6171809434890747,0.30192869901657104,0.06633634120225906,1.0,,,6.381813727784902e-05
TIME,Monet_l0.1,up_blocks.3.attentions.2.transformer_blocks.0.attn2.to_k.weight,0.009133449755609035,smoothquant_a85,1,0.20112711191177368,1.7106645107269287,0.9801473021507263,0.1555745005607605,1.0,,,6.381813727784902e-05
TIME,Monet_l0.1,up_blocks.3.attentions.2.transformer_blocks.0.attn2.to_k.weight,0.009133449755609035,smoothquant_a85,4,0.20101216435432434,1.2952059507369995,0.6581339240074158,0.11276605725288391,1.0,,,6.381813727784902e-05
TIME,Monet_l0.1,up_blocks.3.attentions.2.transformer_blocks.0.attn2.to_k.weight,0.009133449755609035,smoothquant_a85,16,0.20044504944235086,0.7678771615028381,0.3923380672931671,0.08059423416852951,1.0,,,6.381813727784902e-05
TIME,Monet_l0.1,up_blocks.3.attentions.2.transformer_blocks.0.attn2.to_k.weight,0.009133449755609035,awq_a50,1,0.15160726010799408,1.4425523281097412,0.972900390625,0.12195122987031937,1.0,,,6.381813727784902e-05
TIME,Monet_l0.1,up_blocks.3.attentions.2.transformer_blocks.0.attn2.to_k.weight,0.009133449755609035,awq_a50,4,0.15175476297736168,1.076523780822754,0.5514729619026184,0.08691295981407166,0.9999969601631165,,,6.381813727784902e-05
TIME,Monet_l0.1,up_blocks.3.attentions.2.transformer_blocks.0.attn2.to_k.weight,0.009133449755609035,awq_a50,16,0.15166626032441854,0.6288442611694336,0.30952149629592896,0.06211705505847931,0.9999997466802597,,,6.381813727784902e-05
TIME,Monet_l0.1,up_blocks.3.attentions.2.transformer_blocks.0.attn2.to_v.weight,0.0031708490569144487,w_only_int8,0,0.09609375149011612,1.0,0.0,,,0.9997303485870361,0.9985641837120056,
TIME,Monet_l0.1,up_blocks.3.attentions.2.transformer_blocks.0.attn2.to_v.weight,0.0031708490569144487,smoothquant_a50,1,0.08202718198299408,0.8928346633911133,0.3104614317417145,0.07152741402387619,1.0,,,5.857329597347416e-05
TIME,Monet_l0.1,up_blocks.3.attentions.2.transformer_blocks.0.attn2.to_v.weight,0.0031708490569144487,smoothquant_a50,4,0.08171997219324112,0.5041471123695374,0.06027831882238388,0.04259423166513443,1.0,,,5.857329597347416e-05
TIME,Monet_l0.1,up_blocks.3.attentions.2.transformer_blocks.0.attn2.to_v.weight,0.0031708490569144487,smoothquant_a50,16,0.08162282314151525,0.2534761428833008,0.01906331442296505,0.02635478414595127,1.0,,,5.857329597347416e-05
TIME,Monet_l0.1,up_blocks.3.attentions.2.transformer_blocks.0.attn2.to_v.weight,0.0031708490569144487,smoothquant_a75,1,0.09722086787223816,1.0838956832885742,0.6593465209007263,0.0889587476849556,1.0,,,5.857329597347416e-05
TIME,Monet_l0.1,up_blocks.3.attentions.2.transformer_blocks.0.attn2.to_v.weight,0.0031708490569144487,smoothquant_a75,4,0.09716695174574852,0.6535882353782654,0.19398193061351776,0.05584348738193512,1.0,,,5.857329597347416e-05
TIME,Monet_l0.1,up_blocks.3.attentions.2.transformer_blocks.0.attn2.to_v.weight,0.0031708490569144487,smoothquant_a75,16,0.09706802386790514,0.3475468158721924,0.07151692360639572,0.03669622913002968,1.0,,,5.857329597347416e-05
TIME,Monet_l0.1,up_blocks.3.attentions.2.transformer_blocks.0.attn2.to_v.weight,0.0031708490569144487,smoothquant_a85,1,0.1081339493393898,1.2379869222640991,0.7886637449264526,0.09998899698257446,1.0,,,5.857329597347416e-05
TIME,Monet_l0.1,up_blocks.3.attentions.2.transformer_blocks.0.attn2.to_v.weight,0.0031708490569144487,smoothquant_a85,4,0.10857950709760189,0.7500155568122864,0.3035929501056671,0.06423299759626389,1.0,,,5.857329597347416e-05
TIME,Monet_l0.1,up_blocks.3.attentions.2.transformer_blocks.0.attn2.to_v.weight,0.0031708490569144487,smoothquant_a85,16,0.10857187816873193,0.4053937494754791,0.13074544072151184,0.04313909634947777,1.0,,,5.857329597347416e-05
TIME,Monet_l0.1,up_blocks.3.attentions.2.transformer_blocks.0.attn2.to_v.weight,0.0031708490569144487,awq_a50,1,0.10367024689912796,1.0860658884048462,0.7389811277389526,0.0926923006772995,1.0,,,5.857329597347416e-05
TIME,Monet_l0.1,up_blocks.3.attentions.2.transformer_blocks.0.attn2.to_v.weight,0.0031708490569144487,awq_a50,4,0.10407307930290699,0.6844109892845154,0.21525879204273224,0.05948846414685249,1.0,,,5.857329597347416e-05
TIME,Monet_l0.1,up_blocks.3.attentions.2.transformer_blocks.0.attn2.to_v.weight,0.0031708490569144487,awq_a50,16,0.10425720224156976,0.3568843603134155,0.09860839694738388,0.040674638003110886,0.9999992400407791,,,5.857329597347416e-05
TIME,Monet_l0.1,mid_block.attentions.0.transformer_blocks.0.attn2.to_k.weight,0.008646390400826931,w_only_int8,0,0.08140157163143158,1.0,0.0,,,0.9997842311859131,0.9993253946304321,
TIME,Monet_l0.1,mid_block.attentions.0.transformer_blocks.0.attn2.to_k.weight,0.008646390400826931,smoothquant_a50,1,0.08056538552045822,1.038390874862671,0.6181671023368835,0.06308772414922714,1.0,,,4.0964343497762457e-05
TIME,Monet_l0.1,mid_block.attentions.0.transformer_blocks.0.attn2.to_k.weight,0.008646390400826931,smoothquant_a50,4,0.08048171922564507,0.5933325886726379,0.11879069358110428,0.03713638335466385,1.0,,,4.0964343497762457e-05
TIME,Monet_l0.1,mid_block.attentions.0.transformer_blocks.0.attn2.to_k.weight,0.008646390400826931,smoothquant_a50,16,0.08049888676032424,0.2825924754142761,0.02877909317612648,0.021831152960658073,1.0,,,4.0964343497762457e-05
TIME,Monet_l0.1,mid_block.attentions.0.transformer_blocks.0.attn2.to_k.weight,0.008646390400826931,smoothquant_a75,1,0.09038493037223816,1.1390949487686157,0.7732136845588684,0.07240298390388489,1.0,,,4.0964343497762457e-05
TIME,Monet_l0.1,mid_block.attentions.0.transformer_blocks.0.attn2.to_k.weight,0.008646390400826931,smoothquant_a75,4,0.09020284004509449,0.6916185021400452,0.24689026176929474,0.04508453980088234,1.0,,,4.0964343497762457e-05
TIME,Monet_l0.1,mid_block.attentions.0.transformer_blocks.0.attn2.to_k.weight,0.008646390400826931,smoothquant_a75,16,0.08984642010182142,0.3169849216938019,0.06158345565199852,0.025306513532996178,1.0,,,4.0964343497762457e-05
TIME,Monet_l0.1,mid_block.attentions.0.transformer_blocks.0.attn2.to_k.weight,0.008646390400826931,smoothquant_a85,1,0.09627990424633026,1.2239928245544434,0.8313191533088684,0.07905694842338562,1.0,,,4.0964343497762457e-05
TIME,Monet_l0.1,mid_block.attentions.0.transformer_blocks.0.attn2.to_k.weight,0.008646390400826931,smoothquant_a85,4,0.09652023203670979,0.7656568288803101,0.3241994082927704,0.05074092745780945,1.0,,,4.0964343497762457e-05
TIME,Monet_l0.1,mid_block.attentions.0.transformer_blocks.0.attn2.to_k.weight,0.008646390400826931,smoothquant_a85,16,0.09584414074197412,0.3473793864250183,0.08907674252986908,0.028202151879668236,1.0,,,4.0964343497762457e-05
TIME,Monet_l0.1,mid_block.attentions.0.transformer_blocks.0.attn2.to_k.weight,0.008646390400826931,awq_a50,1,0.08508402854204178,1.056841254234314,0.7038462162017822,0.06698671728372574,1.0,,,4.0964343497762457e-05
TIME,Monet_l0.1,mid_block.attentions.0.transformer_blocks.0.attn2.to_k.weight,0.008646390400826931,awq_a50,4,0.0850832648575306,0.6430457234382629,0.18386027216911316,0.04119110479950905,0.9999997466802597,,,4.0964343497762457e-05
TIME,Monet_l0.1,mid_block.attentions.0.transformer_blocks.0.attn2.to_k.weight,0.008646390400826931,awq_a50,16,0.08503271779045463,0.2994939088821411,0.04707438126206398,0.023788806051015854,0.9999996200203896,,,4.0964343497762457e-05
TIME,Monet_l0.1,mid_block.attentions.0.transformer_blocks.0.attn2.to_v.weight,0.007967623881995678,w_only_int8,0,0.08381754904985428,1.0,0.0,,,0.9997793436050415,0.9992933869361877,
TIME,Monet_l0.1,mid_block.attentions.0.transformer_blocks.0.attn2.to_v.weight,0.007967623881995678,smoothquant_a50,1,0.08142496645450592,1.016014814376831,0.5512024164199829,0.06246665120124817,1.0,,,4.471882130019367e-05
TIME,Monet_l0.1,mid_block.attentions.0.transformer_blocks.0.attn2.to_v.weight,0.007967623881995678,smoothquant_a50,4,0.08131459541618824,0.5629507899284363,0.09396056830883026,0.035693444311618805,1.0,,,4.471882130019367e-05
TIME,Monet_l0.1,mid_block.attentions.0.transformer_blocks.0.attn2.to_v.weight,0.007967623881995678,smoothquant_a50,16,0.08124319789931178,0.27428576350212097,0.02977396734058857,0.021367589011788368,1.0,,,4.471882130019367e-05
TIME,Monet_l0.1,mid_block.attentions.0.transformer_blocks.0.attn2.to_v.weight,0.007967623881995678,smoothquant_a75,1,0.08390910178422928,1.0535176992416382,0.6435577273368835,0.06575831025838852,1.0,,,4.471882130019367e-05
TIME,Monet_l0.1,mid_block.attentions.0.transformer_blocks.0.attn2.to_v.weight,0.007967623881995678,smoothquant_a75,4,0.08391215093433857,0.5847451090812683,0.13174234330654144,0.03767179325222969,1.0,,,4.471882130019367e-05
TIME,Monet_l0.1,mid_block.attentions.0.transformer_blocks.0.attn2.to_v.weight,0.007967623881995678,smoothquant_a75,16,0.08379859896376729,0.2874572277069092,0.04555969312787056,0.022475548088550568,1.0,,,4.471882130019367e-05
TIME,Monet_l0.1,mid_block.attentions.0.transformer_blocks.0.attn2.to_v.weight,0.007967623881995678,smoothquant_a85,1,0.08507181704044342,1.07649827003479,0.6843922734260559,0.06770265102386475,1.0,,,4.471882130019367e-05
TIME,Monet_l0.1,mid_block.attentions.0.transformer_blocks.0.attn2.to_v.weight,0.007967623881995678,smoothquant_a85,4,0.08518575131893158,0.5969811081886292,0.15150858461856842,0.03891037032008171,1.0,,,4.471882130019367e-05
TIME,Monet_l0.1,mid_block.attentions.0.transformer_blocks.0.attn2.to_v.weight,0.007967623881995678,smoothquant_a85,16,0.08501834934577346,0.29555341601371765,0.05505676195025444,0.02328847534954548,1.0,,,4.471882130019367e-05
TIME,Monet_l0.1,mid_block.attentions.0.transformer_blocks.0.attn2.to_v.weight,0.007967623881995678,awq_a50,1,0.08098551630973816,1.0119980573654175,0.5609680414199829,0.06182593107223511,1.0,,,4.471882130019367e-05
TIME,Monet_l0.1,mid_block.attentions.0.transformer_blocks.0.attn2.to_v.weight,0.007967623881995678,awq_a50,4,0.08116811141371727,0.5479554533958435,0.04868469387292862,0.03458089381456375,1.0,,,4.471882130019367e-05
TIME,Monet_l0.1,mid_block.attentions.0.transformer_blocks.0.attn2.to_v.weight,0.007967623881995678,awq_a50,16,0.08117300691083074,0.26732179522514343,0.009975179098546505,0.020564144477248192,0.9999995566904545,,,4.471882130019367e-05
